timestamp,face_detected,tracking_mode,face_x,face_y,dx,dy,event
2026-05-09 18:02:27,True,face,216,120,-104.00,-120.00,
2026-05-09 18:02:28,True,face,219,120,-101.00,-120.00,
2026-05-09 18:02:28,True,face,219,120,-101.00,-120.00,
2026-05-09 18:02:28,True,face,219,120,-101.00,-120.00,
2026-05-09 18:02:28,True,face,219,119,-101.00,-121.00,
2026-05-09 18:02:28,True,face,220,118,-100.00,-122.00,
2026-05-09 18:02:28,True,face,220,118,-100.00,-122.00,
2026-05-09 18:02:28,True,face,220,119,-100.00,-121.00,
2026-05-09 18:02:28,True,face,220,120,-100.00,-120.00,
2026-05-09 18:02:28,True,face,220,120,-100.00,-120.00,
2026-05-09 18:02:28,True,face,220,119,-100.00,-121.00,
2026-05-09 18:02:28,True,face,220,119,-100.00,-121.00,
2026-05-09 18:02:28,True,face,219,119,-101.00,-121.00,
2026-05-09 18:02:28,True,face,219,119,-101.00,-121.00,
2026-05-09 18:02:28,True,face,218,119,-102.00,-121.00,
2026-05-09 18:02:28,True,face,217,119,-103.00,-121.00,
2026-05-09 18:02:28,True,face,215,118,-105.00,-122.00,
2026-05-09 18:02:28,True,face,213,117,-107.00,-123.00,
2026-05-09 18:02:28,True,face,210,117,-110.00,-123.00,
2026-05-09 18:02:28,True,face,208,117,-112.00,-123.00,
2026-05-09 18:02:28,True,face,207,117,-113.00,-123.00,
2026-05-09 18:02:28,True,face,206,118,-114.00,-122.00,
2026-05-09 18:02:28,True,face,206,118,-114.00,-122.00,
2026-05-09 18:02:28,True,face,205,118,-115.00,-122.00,
2026-05-09 18:02:28,True,face,206,119,-114.00,-121.00,
2026-05-09 18:02:28,True,face,207,121,-113.00,-119.00,
2026-05-09 18:02:28,True,face,208,123,-112.00,-117.00,
2026-05-09 18:02:28,True,face,211,124,-109.00,-116.00,
2026-05-09 18:02:28,True,face,212,125,-108.00,-115.00,
2026-05-09 18:02:28,True,face,215,125,-105.00,-115.00,
2026-05-09 18:02:28,True,face,215,124,-105.00,-116.00,
2026-05-09 18:02:28,True,face,217,124,-103.00,-116.00,
2026-05-09 18:02:28,True,face,217,124,-103.00,-116.00,
2026-05-09 18:02:29,True,face,219,124,-101.00,-116.00,
2026-05-09 18:02:29,True,face,219,124,-101.00,-116.00,
2026-05-09 18:02:29,True,face,220,124,-100.00,-116.00,
2026-05-09 18:02:29,True,face,220,124,-100.00,-116.00,
2026-05-09 18:02:29,True,face,222,124,-98.00,-116.00,
2026-05-09 18:02:29,True,face,223,124,-97.00,-116.00,
2026-05-09 18:02:29,True,face,224,124,-96.00,-116.00,
2026-05-09 18:02:29,True,face,226,124,-94.00,-116.00,
2026-05-09 18:02:29,True,face,228,124,-92.00,-116.00,
2026-05-09 18:02:29,True,face,229,124,-91.00,-116.00,
2026-05-09 18:02:29,True,face,230,124,-90.00,-116.00,
2026-05-09 18:02:29,True,face,230,123,-90.00,-117.00,
2026-05-09 18:02:29,True,face,230,123,-90.00,-117.00,
2026-05-09 18:02:29,True,face,232,124,-88.00,-116.00,
2026-05-09 18:02:29,True,face,234,124,-86.00,-116.00,
2026-05-09 18:02:29,True,face,238,125,-82.00,-115.00,
2026-05-09 18:02:29,True,face,243,126,-77.00,-114.00,
2026-05-09 18:02:29,True,face,251,130,-69.00,-110.00,
2026-05-09 18:02:29,True,face,258,135,-62.00,-105.00,
2026-05-09 18:02:29,True,face,265,140,-55.00,-100.00,
2026-05-09 18:02:29,True,face,271,145,-49.00,-95.00,
2026-05-09 18:02:29,True,face,276,151,0.00,-89.00,
2026-05-09 18:02:29,True,face,282,158,0.00,-82.00,
2026-05-09 18:02:29,True,face,287,164,0.00,-76.00,
2026-05-09 18:02:29,True,face,291,171,0.00,-69.00,
2026-05-09 18:02:29,True,face,294,181,0.00,-59.00,
2026-05-09 18:02:29,True,face,297,188,0.00,-52.00,
2026-05-09 18:02:29,True,face,299,196,0.00,-44.00,
2026-05-09 18:02:29,True,face,300,201,0.00,-39.00,
2026-05-09 18:02:29,True,face,300,206,0.00,0.00,
2026-05-09 18:02:30,True,face,301,210,0.00,0.00,
2026-05-09 18:02:30,True,face,301,213,0.00,0.00,
2026-05-09 18:02:30,True,face,301,215,0.00,0.00,
2026-05-09 18:02:30,True,face,301,216,0.00,0.00,
2026-05-09 18:02:30,True,face,302,218,0.00,0.00,
2026-05-09 18:02:30,True,face,301,217,0.00,0.00,
2026-05-09 18:02:30,True,face,301,216,0.00,0.00,
2026-05-09 18:02:30,True,face,300,216,0.00,0.00,
2026-05-09 18:02:30,True,face,300,216,0.00,0.00,
2026-05-09 18:02:30,True,face,299,216,0.00,0.00,
2026-05-09 18:02:30,True,face,297,215,0.00,0.00,
2026-05-09 18:02:30,True,face,295,214,0.00,0.00,
2026-05-09 18:02:30,True,face,292,214,0.00,0.00,
2026-05-09 18:02:30,True,face,291,211,0.00,0.00,
2026-05-09 18:02:30,True,face,289,210,0.00,0.00,
2026-05-09 18:02:30,True,face,289,209,0.00,0.00,
2026-05-09 18:02:30,True,face,288,208,0.00,0.00,
2026-05-09 18:02:30,True,face,288,207,0.00,0.00,
2026-05-09 18:02:30,True,face,288,205,0.00,0.00,
2026-05-09 18:02:30,True,face,288,203,0.00,-37.00,
2026-05-09 18:02:30,True,face,289,202,0.00,-38.00,
2026-05-09 18:02:30,True,face,291,201,0.00,-39.00,
2026-05-09 18:02:30,True,face,292,201,0.00,-39.00,
2026-05-09 18:02:30,True,face,293,200,0.00,-40.00,
2026-05-09 18:02:30,True,face,294,198,0.00,-42.00,
2026-05-09 18:02:30,True,face,294,196,0.00,-44.00,
2026-05-09 18:02:30,True,face,294,196,0.00,-44.00,
2026-05-09 18:02:30,True,face,294,196,0.00,-44.00,
2026-05-09 18:02:30,True,face,294,195,0.00,-45.00,
2026-05-09 18:02:30,True,face,294,195,0.00,-45.00,
2026-05-09 18:02:31,True,face,294,194,0.00,-46.00,
2026-05-09 18:02:31,True,face,294,193,0.00,-47.00,
2026-05-09 18:02:31,True,face,295,192,0.00,-48.00,
2026-05-09 18:02:31,True,face,296,191,0.00,-49.00,
2026-05-09 18:02:31,True,face,299,190,0.00,-50.00,
2026-05-09 18:02:31,True,face,301,189,0.00,-51.00,
2026-05-09 18:02:31,True,face,302,189,0.00,-51.00,
2026-05-09 18:02:31,True,face,305,188,0.00,-52.00,
2026-05-09 18:02:31,True,face,308,187,0.00,-53.00,
2026-05-09 18:02:31,True,face,309,186,0.00,-54.00,
2026-05-09 18:02:31,True,face,311,186,0.00,-54.00,
2026-05-09 18:02:31,True,face,313,186,0.00,-54.00,
2026-05-09 18:02:31,True,face,315,187,0.00,-53.00,
2026-05-09 18:02:31,True,face,316,187,0.00,-53.00,
2026-05-09 18:02:31,True,face,316,186,0.00,-54.00,
2026-05-09 18:02:31,True,face,316,186,0.00,-54.00,
2026-05-09 18:02:31,True,face,317,185,0.00,-55.00,
2026-05-09 18:02:31,True,face,317,185,0.00,-55.00,
2026-05-09 18:02:31,True,face,317,185,0.00,-55.00,
2026-05-09 18:02:31,True,face,318,185,0.00,-55.00,
2026-05-09 18:02:31,True,face,318,185,0.00,-55.00,
2026-05-09 18:02:31,True,face,318,185,0.00,-55.00,
2026-05-09 18:02:31,True,face,318,184,0.00,-56.00,
2026-05-09 18:02:31,True,face,319,184,0.00,-56.00,
2026-05-09 18:02:31,True,face,319,182,0.00,-58.00,
2026-05-09 18:02:31,True,face,319,182,0.00,-58.00,
2026-05-09 18:02:31,True,face,319,182,0.00,-58.00,
2026-05-09 18:02:31,True,face,319,182,0.00,-58.00,
2026-05-09 18:02:31,True,face,319,182,0.00,-58.00,
2026-05-09 18:02:31,True,face,320,181,0.00,-59.00,
2026-05-09 18:02:32,True,face,321,181,0.00,-59.00,
2026-05-09 18:02:32,True,face,321,181,0.00,-59.00,
2026-05-09 18:02:32,True,face,321,181,0.00,-59.00,
2026-05-09 18:02:32,True,face,320,181,0.00,-59.00,
2026-05-09 18:02:32,True,face,319,180,0.00,-60.00,
2026-05-09 18:02:32,True,face,315,179,0.00,-61.00,
2026-05-09 18:02:32,True,face,311,179,0.00,-61.00,
2026-05-09 18:02:32,True,face,306,179,0.00,-61.00,
2026-05-09 18:02:32,True,face,302,179,0.00,-61.00,
2026-05-09 18:02:32,True,face,295,179,0.00,-61.00,
2026-05-09 18:02:32,True,face,288,179,0.00,-61.00,
2026-05-09 18:02:32,True,face,281,179,0.00,-61.00,
2026-05-09 18:02:32,True,face,274,179,-46.00,-61.00,
2026-05-09 18:02:32,True,face,267,178,-53.00,-62.00,
2026-05-09 18:02:32,True,face,258,177,-62.00,-63.00,
2026-05-09 18:02:32,True,face,253,177,-67.00,-63.00,
2026-05-09 18:02:32,True,face,246,176,-74.00,-64.00,
2026-05-09 18:02:32,True,face,241,174,-79.00,-66.00,
2026-05-09 18:02:32,True,face,238,174,-82.00,-66.00,
2026-05-09 18:02:32,True,face,234,174,-86.00,-66.00,
2026-05-09 18:02:32,True,face,232,174,-88.00,-66.00,
2026-05-09 18:02:32,True,face,231,174,-89.00,-66.00,
2026-05-09 18:02:32,True,face,231,174,-89.00,-66.00,
2026-05-09 18:02:32,True,face,231,173,-89.00,-67.00,
2026-05-09 18:02:32,True,face,232,173,-88.00,-67.00,
2026-05-09 18:02:32,True,face,233,172,-87.00,-68.00,
2026-05-09 18:02:32,True,face,234,172,-86.00,-68.00,
2026-05-09 18:02:32,True,face,234,172,-86.00,-68.00,
2026-05-09 18:02:32,True,face,234,172,-86.00,-68.00,
2026-05-09 18:02:32,True,face,235,172,-85.00,-68.00,
2026-05-09 18:02:33,True,face,235,172,-85.00,-68.00,
2026-05-09 18:02:33,True,face,235,171,-85.00,-69.00,
2026-05-09 18:02:33,True,face,236,171,-84.00,-69.00,
2026-05-09 18:02:33,True,face,239,171,-81.00,-69.00,
2026-05-09 18:02:33,True,face,243,171,-77.00,-69.00,
2026-05-09 18:02:33,True,face,251,171,-69.00,-69.00,
2026-05-09 18:02:33,True,face,263,171,-57.00,-69.00,
2026-05-09 18:02:33,True,face,275,170,0.00,-70.00,
2026-05-09 18:02:33,True,face,288,168,0.00,-72.00,
2026-05-09 18:02:33,True,face,300,167,0.00,-73.00,
2026-05-09 18:02:33,True,face,316,166,0.00,-74.00,
2026-05-09 18:02:33,True,face,328,164,0.00,-76.00,
2026-05-09 18:02:33,True,face,338,163,0.00,-77.00,
2026-05-09 18:02:33,True,face,348,161,0.00,-79.00,
2026-05-09 18:02:33,True,face,354,159,0.00,-81.00,
2026-05-09 18:02:33,True,face,360,158,0.00,-82.00,
2026-05-09 18:02:33,True,face,364,157,0.00,-83.00,
2026-05-09 18:02:33,True,face,365,157,0.00,-83.00,
2026-05-09 18:02:33,True,face,367,157,47.00,-83.00,
2026-05-09 18:02:33,True,face,366,157,46.00,-83.00,
2026-05-09 18:02:33,True,face,361,157,0.00,-83.00,
2026-05-09 18:02:33,True,face,358,157,0.00,-83.00,
2026-05-09 18:02:33,True,face,357,157,0.00,-83.00,
2026-05-09 18:02:33,True,face,344,159,0.00,-81.00,
2026-05-09 18:02:33,True,face,331,162,0.00,-78.00,
2026-05-09 18:02:33,True,face,320,163,0.00,-77.00,
2026-05-09 18:02:33,True,face,309,165,0.00,-75.00,
2026-05-09 18:02:33,True,face,300,166,0.00,-74.00,
2026-05-09 18:02:33,True,face,292,167,0.00,-73.00,
2026-05-09 18:02:33,True,face,287,168,0.00,-72.00,
2026-05-09 18:02:34,True,face,281,168,0.00,-72.00,
2026-05-09 18:02:34,True,face,278,168,0.00,-72.00,
2026-05-09 18:02:34,True,face,276,168,0.00,-72.00,
2026-05-09 18:02:34,True,face,276,168,0.00,-72.00,
2026-05-09 18:02:34,True,face,273,168,-47.00,-72.00,
2026-05-09 18:02:34,True,face,273,168,-47.00,-72.00,
2026-05-09 18:02:34,True,face,271,168,-49.00,-72.00,
2026-05-09 18:02:34,True,face,270,168,-50.00,-72.00,
2026-05-09 18:02:34,True,face,271,168,-49.00,-72.00,
2026-05-09 18:02:34,True,face,271,168,-49.00,-72.00,
2026-05-09 18:02:34,True,face,271,168,-49.00,-72.00,
2026-05-09 18:02:34,True,face,271,168,-49.00,-72.00,
2026-05-09 18:02:34,True,face,271,168,-49.00,-72.00,
2026-05-09 18:02:34,True,face,271,168,-49.00,-72.00,
2026-05-09 18:02:34,True,face,271,168,-49.00,-72.00,
2026-05-09 18:02:34,True,face,271,168,-49.00,-72.00,
2026-05-09 18:02:34,True,face,271,168,-49.00,-72.00,
2026-05-09 18:02:34,True,face,271,168,-49.00,-72.00,
2026-05-09 18:02:34,True,face,271,167,-49.00,-73.00,
2026-05-09 18:02:34,True,face,273,167,-47.00,-73.00,
2026-05-09 18:02:34,True,face,274,167,-46.00,-73.00,
2026-05-09 18:02:34,True,face,276,167,0.00,-73.00,
2026-05-09 18:02:34,True,face,278,166,0.00,-74.00,
2026-05-09 18:02:34,True,face,278,166,0.00,-74.00,
2026-05-09 18:02:34,True,face,280,166,0.00,-74.00,
2026-05-09 18:02:34,True,face,281,165,0.00,-75.00,
2026-05-09 18:02:34,True,face,284,164,0.00,-76.00,
2026-05-09 18:02:34,True,face,287,164,0.00,-76.00,
2026-05-09 18:02:34,True,face,290,164,0.00,-76.00,
2026-05-09 18:02:34,True,face,292,163,0.00,-77.00,
2026-05-09 18:02:35,True,face,297,161,0.00,-79.00,
2026-05-09 18:02:35,True,face,298,160,0.00,-80.00,
2026-05-09 18:02:35,True,face,298,160,0.00,-80.00,
2026-05-09 18:02:35,True,face,299,160,0.00,-80.00,
2026-05-09 18:02:35,True,face,300,160,0.00,-80.00,
2026-05-09 18:02:35,True,face,300,160,0.00,-80.00,
2026-05-09 18:02:35,True,face,301,160,0.00,-80.00,
2026-05-09 18:02:35,True,face,301,159,0.00,-81.00,
2026-05-09 18:02:35,True,face,301,159,0.00,-81.00,
2026-05-09 18:02:35,True,face,301,159,0.00,-81.00,
2026-05-09 18:02:35,True,face,301,159,0.00,-81.00,
2026-05-09 18:02:35,True,face,301,159,0.00,-81.00,
2026-05-09 18:02:35,True,face,303,160,0.00,-80.00,
2026-05-09 18:02:35,True,face,303,159,0.00,-81.00,
2026-05-09 18:02:35,True,face,304,158,0.00,-82.00,
2026-05-09 18:02:35,True,face,306,158,0.00,-82.00,
2026-05-09 18:02:35,True,face,307,157,0.00,-83.00,
2026-05-09 18:02:35,True,face,307,157,0.00,-83.00,
2026-05-09 18:02:35,True,face,308,157,0.00,-83.00,
2026-05-09 18:02:35,True,face,308,157,0.00,-83.00,
2026-05-09 18:02:35,True,face,308,156,0.00,-84.00,
2026-05-09 18:02:35,True,face,308,156,0.00,-84.00,
2026-05-09 18:02:35,True,face,308,156,0.00,-84.00,
2026-05-09 18:02:35,True,face,308,156,0.00,-84.00,
2026-05-09 18:02:35,True,face,308,156,0.00,-84.00,
2026-05-09 18:02:35,True,face,308,156,0.00,-84.00,
2026-05-09 18:02:35,True,face,307,156,0.00,-84.00,
2026-05-09 18:02:35,True,face,306,155,0.00,-85.00,
2026-05-09 18:02:35,True,face,306,155,0.00,-85.00,
2026-05-09 18:02:35,True,face,305,155,0.00,-85.00,
2026-05-09 18:02:36,True,face,305,155,0.00,-85.00,
2026-05-09 18:02:36,True,face,306,155,0.00,-85.00,
2026-05-09 18:02:36,True,face,305,154,0.00,-86.00,
2026-05-09 18:02:36,True,face,305,152,0.00,-88.00,
2026-05-09 18:02:36,True,face,303,152,0.00,-88.00,
2026-05-09 18:02:36,True,face,301,151,0.00,-89.00,
2026-05-09 18:02:36,True,face,298,152,0.00,-88.00,
2026-05-09 18:02:36,True,face,296,151,0.00,-89.00,
2026-05-09 18:02:36,True,face,293,151,0.00,-89.00,
2026-05-09 18:02:36,True,face,292,151,0.00,-89.00,
2026-05-09 18:02:36,True,face,290,150,0.00,-90.00,
2026-05-09 18:02:36,True,face,287,151,0.00,-89.00,
2026-05-09 18:02:36,True,face,283,152,0.00,-88.00,
2026-05-09 18:02:36,True,face,279,154,0.00,-86.00,
2026-05-09 18:02:36,True,face,276,155,0.00,-85.00,
2026-05-09 18:02:36,True,face,274,155,-46.00,-85.00,
2026-05-09 18:02:36,True,face,271,155,-49.00,-85.00,
2026-05-09 18:02:36,True,face,268,155,-52.00,-85.00,
2026-05-09 18:02:36,True,face,267,155,-53.00,-85.00,
2026-05-09 18:02:36,True,face,266,155,-54.00,-85.00,
2026-05-09 18:02:36,True,face,265,155,-55.00,-85.00,
2026-05-09 18:02:36,True,face,264,155,-56.00,-85.00,
2026-05-09 18:02:36,True,face,264,155,-56.00,-85.00,
2026-05-09 18:02:36,True,face,264,154,-56.00,-86.00,
2026-05-09 18:02:36,True,face,263,154,-57.00,-86.00,
2026-05-09 18:02:36,True,face,262,153,-58.00,-87.00,
2026-05-09 18:02:36,True,face,262,153,-58.00,-87.00,
2026-05-09 18:02:36,True,face,261,153,-59.00,-87.00,
2026-05-09 18:02:36,True,face,261,153,-59.00,-87.00,
2026-05-09 18:02:36,True,face,260,152,-60.00,-88.00,
2026-05-09 18:02:37,True,face,260,152,-60.00,-88.00,
2026-05-09 18:02:37,True,face,260,152,-60.00,-88.00,
2026-05-09 18:02:37,True,face,260,152,-60.00,-88.00,
2026-05-09 18:02:37,True,face,259,152,-61.00,-88.00,
2026-05-09 18:02:37,True,face,259,151,-61.00,-89.00,
2026-05-09 18:02:37,True,face,259,150,-61.00,-90.00,
2026-05-09 18:02:37,True,face,259,150,-61.00,-90.00,
2026-05-09 18:02:37,True,face,259,149,-61.00,-91.00,
2026-05-09 18:02:37,True,face,259,149,-61.00,-91.00,
2026-05-09 18:02:37,True,face,260,149,-60.00,-91.00,
2026-05-09 18:02:37,True,face,260,149,-60.00,-91.00,
2026-05-09 18:02:37,True,face,260,148,-60.00,-92.00,
2026-05-09 18:02:37,True,face,261,145,-59.00,-95.00,
2026-05-09 18:02:37,True,face,262,145,-58.00,-95.00,
2026-05-09 18:02:37,True,face,262,144,-58.00,-96.00,
2026-05-09 18:02:37,True,face,263,144,-57.00,-96.00,
2026-05-09 18:02:37,True,face,263,143,-57.00,-97.00,
2026-05-09 18:02:37,True,face,263,142,-57.00,-98.00,
2026-05-09 18:02:37,True,face,263,142,-57.00,-98.00,
2026-05-09 18:02:37,True,face,263,141,-57.00,-99.00,
2026-05-09 18:02:37,True,face,263,141,-57.00,-99.00,
2026-05-09 18:02:37,True,face,263,142,-57.00,-98.00,
2026-05-09 18:02:37,True,face,263,142,-57.00,-98.00,
2026-05-09 18:02:37,True,face,263,142,-57.00,-98.00,
2026-05-09 18:02:37,True,face,264,141,-56.00,-99.00,
2026-05-09 18:02:37,True,face,264,140,-56.00,-100.00,
2026-05-09 18:02:37,True,face,264,139,-56.00,-101.00,
2026-05-09 18:02:37,True,face,264,139,-56.00,-101.00,
2026-05-09 18:02:37,True,face,265,139,-55.00,-101.00,
2026-05-09 18:02:37,True,face,265,139,-55.00,-101.00,
2026-05-09 18:02:38,True,face,265,139,-55.00,-101.00,
2026-05-09 18:02:38,True,face,266,139,-54.00,-101.00,
2026-05-09 18:02:38,True,face,267,138,-53.00,-102.00,
2026-05-09 18:02:38,True,face,267,138,-53.00,-102.00,
2026-05-09 18:02:38,True,face,267,138,-53.00,-102.00,
2026-05-09 18:02:38,True,face,268,138,-52.00,-102.00,
2026-05-09 18:02:38,True,face,269,138,-51.00,-102.00,
2026-05-09 18:02:38,True,face,269,138,-51.00,-102.00,
2026-05-09 18:02:38,True,face,269,138,-51.00,-102.00,
2026-05-09 18:02:38,True,face,269,138,-51.00,-102.00,
2026-05-09 18:02:38,True,face,271,138,-49.00,-102.00,
2026-05-09 18:02:38,True,face,273,138,-47.00,-102.00,
2026-05-09 18:02:38,True,face,278,138,0.00,-102.00,
2026-05-09 18:02:38,True,face,284,140,0.00,-100.00,
2026-05-09 18:02:38,True,face,292,143,0.00,-97.00,
2026-05-09 18:02:38,True,face,303,146,0.00,-94.00,
2026-05-09 18:02:38,True,face,313,150,0.00,-90.00,
2026-05-09 18:02:38,True,face,321,153,0.00,-87.00,
2026-05-09 18:02:38,True,face,335,158,0.00,-82.00,
2026-05-09 18:02:38,True,face,335,158,0.00,-82.00,
2026-05-09 18:02:38,True,face,340,160,0.00,-80.00,
2026-05-09 18:02:38,True,face,345,160,0.00,-80.00,
2026-05-09 18:02:38,True,face,347,160,0.00,-80.00,
2026-05-09 18:02:38,True,face,351,161,0.00,-79.00,
2026-05-09 18:02:38,True,face,353,162,0.00,-78.00,
2026-05-09 18:02:38,True,face,355,162,0.00,-78.00,
2026-05-09 18:02:38,True,face,358,162,0.00,-78.00,
2026-05-09 18:02:38,True,face,358,161,0.00,-79.00,
2026-05-09 18:02:38,True,face,359,161,0.00,-79.00,
2026-05-09 18:02:38,True,face,359,161,0.00,-79.00,
2026-05-09 18:02:39,True,face,358,162,0.00,-78.00,
2026-05-09 18:02:39,True,face,357,162,0.00,-78.00,
2026-05-09 18:02:39,True,face,355,162,0.00,-78.00,
2026-05-09 18:02:39,True,face,351,162,0.00,-78.00,
2026-05-09 18:02:39,True,face,342,162,0.00,-78.00,
2026-05-09 18:02:39,True,face,333,164,0.00,-76.00,
2026-05-09 18:02:39,True,face,321,167,0.00,-73.00,
2026-05-09 18:02:39,True,face,309,168,0.00,-72.00,
2026-05-09 18:02:39,True,face,293,169,0.00,-71.00,
2026-05-09 18:02:39,True,face,278,170,0.00,-70.00,
2026-05-09 18:02:39,True,face,259,169,-61.00,-71.00,
2026-05-09 18:02:39,True,face,239,169,-81.00,-71.00,
2026-05-09 18:02:39,True,face,221,169,-99.00,-71.00,
2026-05-09 18:02:39,True,face,206,169,-114.00,-71.00,
2026-05-09 18:02:39,True,face,194,169,-126.00,-71.00,
2026-05-09 18:02:39,True,face,183,170,-137.00,-70.00,
2026-05-09 18:02:39,True,face,171,170,-149.00,-70.00,
2026-05-09 18:02:39,True,face,163,171,-157.00,-69.00,
2026-05-09 18:02:39,True,face,155,174,-165.00,-66.00,
2026-05-09 18:02:39,True,face,148,177,-172.00,-63.00,
2026-05-09 18:02:39,True,face,143,180,-177.00,-60.00,
2026-05-09 18:02:39,True,face,140,181,-180.00,-59.00,
2026-05-09 18:02:39,True,face,138,182,-182.00,-58.00,
2026-05-09 18:02:39,True,face,139,182,-181.00,-58.00,
2026-05-09 18:02:39,True,face,141,181,-179.00,-59.00,
2026-05-09 18:02:39,True,face,144,182,-176.00,-58.00,
2026-05-09 18:02:39,True,face,146,181,-174.00,-59.00,
2026-05-09 18:02:39,True,face,149,181,-171.00,-59.00,
2026-05-09 18:02:39,True,face,157,181,-163.00,-59.00,
2026-05-09 18:02:39,True,face,167,179,-153.00,-61.00,
2026-05-09 18:02:40,True,face,177,178,-143.00,-62.00,
2026-05-09 18:02:40,True,face,187,177,-133.00,-63.00,
2026-05-09 18:02:40,True,face,198,176,-122.00,-64.00,
2026-05-09 18:02:40,True,face,209,175,-111.00,-65.00,
2026-05-09 18:02:40,True,face,220,175,-100.00,-65.00,
2026-05-09 18:02:40,True,face,230,175,-90.00,-65.00,
2026-05-09 18:02:40,True,face,242,175,-78.00,-65.00,
2026-05-09 18:02:40,True,face,251,176,-69.00,-64.00,
2026-05-09 18:02:40,True,face,261,179,-59.00,-61.00,
2026-05-09 18:02:40,True,face,269,180,-51.00,-60.00,
2026-05-09 18:02:40,True,face,276,181,0.00,-59.00,
2026-05-09 18:02:40,True,face,282,181,0.00,-59.00,
2026-05-09 18:02:40,True,face,288,180,0.00,-60.00,
2026-05-09 18:02:40,True,face,293,180,0.00,-60.00,
2026-05-09 18:02:40,True,face,297,180,0.00,-60.00,
2026-05-09 18:02:40,True,face,298,180,0.00,-60.00,
2026-05-09 18:02:40,True,face,300,180,0.00,-60.00,
2026-05-09 18:02:40,True,face,300,180,0.00,-60.00,
2026-05-09 18:02:40,True,face,302,180,0.00,-60.00,
2026-05-09 18:02:40,True,face,303,179,0.00,-61.00,
2026-05-09 18:02:40,True,face,304,179,0.00,-61.00,
2026-05-09 18:02:40,True,face,304,179,0.00,-61.00,
2026-05-09 18:02:40,True,face,305,179,0.00,-61.00,
2026-05-09 18:02:40,True,face,305,180,0.00,-60.00,
2026-05-09 18:02:40,True,face,306,180,0.00,-60.00,
2026-05-09 18:02:40,True,face,306,180,0.00,-60.00,
2026-05-09 18:02:40,True,face,308,180,0.00,-60.00,
2026-05-09 18:02:40,True,face,308,179,0.00,-61.00,
2026-05-09 18:02:40,True,face,309,179,0.00,-61.00,
2026-05-09 18:02:40,True,face,313,180,0.00,-60.00,
2026-05-09 18:02:41,True,face,321,180,0.00,-60.00,
2026-05-09 18:02:41,True,face,330,180,0.00,-60.00,
2026-05-09 18:02:41,True,face,341,180,0.00,-60.00,
2026-05-09 18:02:41,True,face,354,180,0.00,-60.00,
2026-05-09 18:02:41,True,face,364,180,0.00,-60.00,
2026-05-09 18:02:41,True,face,372,181,52.00,-59.00,
2026-05-09 18:02:41,True,face,377,182,57.00,-58.00,
2026-05-09 18:02:41,True,face,377,182,57.00,-58.00,
2026-05-09 18:02:41,True,face,380,182,60.00,-58.00,
2026-05-09 18:02:41,True,face,381,181,61.00,-59.00,
2026-05-09 18:02:41,True,face,380,181,60.00,-59.00,
2026-05-09 18:02:41,True,face,378,180,58.00,-60.00,
2026-05-09 18:02:41,True,face,373,178,53.00,-62.00,
2026-05-09 18:02:41,True,face,372,176,52.00,-64.00,
2026-05-09 18:02:41,True,face,371,174,51.00,-66.00,
2026-05-09 18:02:41,True,face,367,171,47.00,-69.00,
2026-05-09 18:02:41,True,face,366,171,46.00,-69.00,
2026-05-09 18:02:41,True,face,361,170,0.00,-70.00,
2026-05-09 18:02:41,True,face,355,169,0.00,-71.00,
2026-05-09 18:02:41,True,face,347,169,0.00,-71.00,
2026-05-09 18:02:41,True,face,340,169,0.00,-71.00,
2026-05-09 18:02:41,True,face,333,169,0.00,-71.00,
2026-05-09 18:02:41,True,face,328,169,0.00,-71.00,
2026-05-09 18:02:41,True,face,320,168,0.00,-72.00,
2026-05-09 18:02:41,True,face,304,167,0.00,-73.00,
2026-05-09 18:02:41,True,face,294,166,0.00,-74.00,
2026-05-09 18:02:41,True,face,294,165,0.00,-75.00,
2026-05-09 18:02:41,True,face,288,164,0.00,-76.00,
2026-05-09 18:02:41,True,face,280,161,0.00,-79.00,
2026-05-09 18:02:41,True,face,275,159,0.00,-81.00,
2026-05-09 18:02:42,True,face,271,157,-49.00,-83.00,
2026-05-09 18:02:42,True,face,268,156,-52.00,-84.00,
2026-05-09 18:02:42,True,face,264,156,-56.00,-84.00,
2026-05-09 18:02:42,True,face,260,155,-60.00,-85.00,
2026-05-09 18:02:42,True,face,256,154,-64.00,-86.00,
2026-05-09 18:02:42,True,face,251,153,-69.00,-87.00,
2026-05-09 18:02:42,True,face,245,151,-75.00,-89.00,
2026-05-09 18:02:42,True,face,240,151,-80.00,-89.00,
2026-05-09 18:02:42,True,face,233,149,-87.00,-91.00,
2026-05-09 18:02:42,True,face,225,148,-95.00,-92.00,
2026-05-09 18:02:42,True,face,216,146,-104.00,-94.00,
2026-05-09 18:02:42,True,face,209,143,-111.00,-97.00,
2026-05-09 18:02:42,True,face,201,142,-119.00,-98.00,
2026-05-09 18:02:42,True,face,194,142,-126.00,-98.00,
2026-05-09 18:02:42,True,face,189,143,-131.00,-97.00,
2026-05-09 18:02:42,True,face,184,144,-136.00,-96.00,
2026-05-09 18:02:42,True,face,180,144,-140.00,-96.00,
2026-05-09 18:02:42,True,face,177,144,-143.00,-96.00,
2026-05-09 18:02:42,True,face,173,144,-147.00,-96.00,
2026-05-09 18:02:42,True,face,169,143,-151.00,-97.00,
2026-05-09 18:02:42,True,face,167,143,-153.00,-97.00,
2026-05-09 18:02:42,True,face,164,143,-156.00,-97.00,
2026-05-09 18:02:42,True,face,161,143,-159.00,-97.00,
2026-05-09 18:02:42,True,face,160,143,-160.00,-97.00,
2026-05-09 18:02:42,True,face,158,142,-162.00,-98.00,
2026-05-09 18:02:42,True,face,158,141,-162.00,-99.00,
2026-05-09 18:02:42,True,face,157,140,-163.00,-100.00,
2026-05-09 18:02:42,True,face,158,140,-162.00,-100.00,
2026-05-09 18:02:42,True,face,159,139,-161.00,-101.00,
2026-05-09 18:02:42,True,face,159,139,-161.00,-101.00,
2026-05-09 18:02:43,True,face,160,139,-160.00,-101.00,
2026-05-09 18:02:43,True,face,160,139,-160.00,-101.00,
2026-05-09 18:02:43,True,face,161,139,-159.00,-101.00,
2026-05-09 18:02:43,True,face,163,139,-157.00,-101.00,
2026-05-09 18:02:43,True,face,165,140,-155.00,-100.00,
2026-05-09 18:02:43,True,face,167,141,-153.00,-99.00,
2026-05-09 18:02:43,True,face,169,141,-151.00,-99.00,
2026-05-09 18:02:43,True,face,170,141,-150.00,-99.00,
2026-05-09 18:02:43,True,face,171,141,-149.00,-99.00,
2026-05-09 18:02:43,True,face,173,141,-147.00,-99.00,
2026-05-09 18:02:43,True,face,175,141,-145.00,-99.00,
2026-05-09 18:02:43,True,face,176,141,-144.00,-99.00,
2026-05-09 18:02:43,True,face,177,141,-143.00,-99.00,
2026-05-09 18:02:43,True,face,178,141,-142.00,-99.00,
2026-05-09 18:02:43,True,face,180,141,-140.00,-99.00,
2026-05-09 18:02:43,True,face,182,140,-138.00,-100.00,
2026-05-09 18:02:43,True,face,183,140,-137.00,-100.00,
2026-05-09 18:02:43,True,face,185,140,-135.00,-100.00,
2026-05-09 18:02:43,True,face,186,140,-134.00,-100.00,
2026-05-09 18:02:43,True,face,188,140,-132.00,-100.00,
2026-05-09 18:02:43,True,face,189,139,-131.00,-101.00,
2026-05-09 18:02:43,True,face,190,139,-130.00,-101.00,
2026-05-09 18:02:43,True,face,191,138,-129.00,-102.00,
2026-05-09 18:02:43,True,face,191,138,-129.00,-102.00,
2026-05-09 18:02:43,True,face,192,138,-128.00,-102.00,
2026-05-09 18:02:43,True,face,194,138,-126.00,-102.00,
2026-05-09 18:02:43,True,face,195,137,-125.00,-103.00,
2026-05-09 18:02:43,True,face,198,137,-122.00,-103.00,
2026-05-09 18:02:43,True,face,204,137,-116.00,-103.00,
2026-05-09 18:02:43,True,face,215,136,-105.00,-104.00,
2026-05-09 18:02:44,True,face,223,136,-97.00,-104.00,
2026-05-09 18:02:44,True,face,235,136,-85.00,-104.00,
2026-05-09 18:02:44,True,face,245,136,-75.00,-104.00,
2026-05-09 18:02:44,True,face,252,136,-68.00,-104.00,
2026-05-09 18:02:44,True,face,253,135,-67.00,-105.00,
2026-05-09 18:02:44,True,face,259,135,-61.00,-105.00,
2026-05-09 18:02:44,True,face,264,135,-56.00,-105.00,
2026-05-09 18:02:44,True,face,265,135,-55.00,-105.00,
2026-05-09 18:02:44,True,face,265,135,-55.00,-105.00,
2026-05-09 18:02:44,True,face,262,135,-58.00,-105.00,
2026-05-09 18:02:44,True,face,259,135,-61.00,-105.00,
2026-05-09 18:02:44,True,face,258,135,-62.00,-105.00,
2026-05-09 18:02:44,True,face,251,135,-69.00,-105.00,
2026-05-09 18:02:44,True,face,241,136,-79.00,-104.00,
2026-05-09 18:02:44,True,face,240,137,-80.00,-103.00,
2026-05-09 18:02:44,True,face,231,137,-89.00,-103.00,
2026-05-09 18:02:44,True,face,225,138,-95.00,-102.00,
2026-05-09 18:02:44,True,face,219,138,-101.00,-102.00,
2026-05-09 18:02:44,True,face,202,139,-118.00,-101.00,
2026-05-09 18:02:44,True,face,195,140,-125.00,-100.00,
2026-05-09 18:02:44,True,face,190,141,-130.00,-99.00,
2026-05-09 18:02:44,True,face,187,142,-133.00,-98.00,
2026-05-09 18:02:44,True,face,187,143,-133.00,-97.00,
2026-05-09 18:02:44,True,face,187,143,-133.00,-97.00,
2026-05-09 18:02:44,True,face,187,143,-133.00,-97.00,
2026-05-09 18:02:44,True,face,188,143,-132.00,-97.00,
2026-05-09 18:02:44,True,face,189,144,-131.00,-96.00,
2026-05-09 18:02:44,True,face,190,145,-130.00,-95.00,
2026-05-09 18:02:44,True,face,192,145,-128.00,-95.00,
2026-05-09 18:02:44,True,face,194,146,-126.00,-94.00,
2026-05-09 18:02:45,True,face,203,145,-117.00,-95.00,
2026-05-09 18:02:45,True,face,206,145,-114.00,-95.00,
2026-05-09 18:02:45,True,face,206,146,-114.00,-94.00,
2026-05-09 18:02:45,True,face,206,147,-114.00,-93.00,
2026-05-09 18:02:45,True,face,206,148,-114.00,-92.00,
2026-05-09 18:02:45,True,face,205,149,-115.00,-91.00,
2026-05-09 18:02:45,True,face,201,150,-119.00,-90.00,
2026-05-09 18:02:45,True,face,195,152,-125.00,-88.00,
2026-05-09 18:02:45,True,face,188,154,-132.00,-86.00,
2026-05-09 18:02:45,True,face,183,155,-137.00,-85.00,
2026-05-09 18:02:45,True,face,180,156,-140.00,-84.00,
2026-05-09 18:02:45,True,face,175,155,-145.00,-85.00,
2026-05-09 18:02:45,True,face,174,155,-146.00,-85.00,
2026-05-09 18:02:45,True,face,174,154,-146.00,-86.00,
2026-05-09 18:02:45,True,face,174,153,-146.00,-87.00,
2026-05-09 18:02:45,True,face,176,153,-144.00,-87.00,
2026-05-09 18:02:45,True,face,177,153,-143.00,-87.00,
2026-05-09 18:02:45,True,face,178,153,-142.00,-87.00,
2026-05-09 18:02:45,True,face,179,153,-141.00,-87.00,
2026-05-09 18:02:45,True,face,182,152,-138.00,-88.00,
2026-05-09 18:02:45,True,face,185,151,-135.00,-89.00,
2026-05-09 18:02:45,True,face,187,151,-133.00,-89.00,
2026-05-09 18:02:45,True,face,188,151,-132.00,-89.00,
2026-05-09 18:02:45,True,face,190,151,-130.00,-89.00,
2026-05-09 18:02:45,True,face,191,151,-129.00,-89.00,
2026-05-09 18:02:45,True,face,192,151,-128.00,-89.00,
2026-05-09 18:02:45,True,face,193,151,-127.00,-89.00,
2026-05-09 18:02:45,True,face,194,151,-126.00,-89.00,
2026-05-09 18:02:45,True,face,196,151,-124.00,-89.00,
2026-05-09 18:02:45,True,face,197,150,-123.00,-90.00,
2026-05-09 18:02:46,True,face,199,150,-121.00,-90.00,
2026-05-09 18:02:46,True,face,202,148,-118.00,-92.00,
2026-05-09 18:02:46,True,face,204,147,-116.00,-93.00,
2026-05-09 18:02:46,True,face,206,145,-114.00,-95.00,
2026-05-09 18:02:46,True,face,208,144,-112.00,-96.00,
2026-05-09 18:02:46,True,face,210,144,-110.00,-96.00,
2026-05-09 18:02:46,True,face,211,143,-109.00,-97.00,
2026-05-09 18:02:46,True,face,212,143,-108.00,-97.00,
2026-05-09 18:02:46,True,face,212,142,-108.00,-98.00,
2026-05-09 18:02:46,True,face,213,141,-107.00,-99.00,
2026-05-09 18:02:46,True,face,214,140,-106.00,-100.00,EXIT
2026-05-09 18:03:05,True,face,232,131,-88.00,-109.00,
2026-05-09 18:03:05,True,face,234,130,-86.00,-110.00,
2026-05-09 18:03:05,True,face,234,130,-86.00,-110.00,
2026-05-09 18:03:05,True,face,234,129,-86.00,-111.00,
2026-05-09 18:03:06,True,face,232,128,-88.00,-112.00,
2026-05-09 18:03:06,True,face,232,125,-88.00,-115.00,
2026-05-09 18:03:06,True,face,241,125,-79.00,-115.00,
2026-05-09 18:03:06,True,face,250,126,-70.00,-114.00,
2026-05-09 18:03:06,True,face,265,138,-55.00,-102.00,
2026-05-09 18:03:06,True,face,274,147,-46.00,-93.00,
2026-05-09 18:03:06,True,face,277,153,0.00,-87.00,
2026-05-09 18:03:06,True,face,279,155,0.00,-85.00,
2026-05-09 18:03:07,True,face,279,155,0.00,-85.00,
2026-05-09 18:03:07,True,face,279,155,0.00,-85.00,
2026-05-09 18:03:07,True,face,279,155,0.00,-85.00,
2026-05-09 18:03:07,True,face,275,155,0.00,-85.00,
2026-05-09 18:03:07,True,face,264,151,-56.00,-89.00,
2026-05-09 18:03:07,True,face,238,151,-82.00,-89.00,
2026-05-09 18:03:07,True,face,214,149,-106.00,-91.00,
2026-05-09 18:03:07,True,face,196,148,-124.00,-92.00,
2026-05-09 18:03:08,True,face,181,151,-139.00,-89.00,
2026-05-09 18:03:08,True,face,166,151,-154.00,-89.00,
2026-05-09 18:03:08,True,face,160,151,-160.00,-89.00,
2026-05-09 18:03:08,True,face,154,152,-166.00,-88.00,
2026-05-09 18:03:08,True,face,153,152,-167.00,-88.00,
2026-05-09 18:03:08,True,face,152,152,-168.00,-88.00,
2026-05-09 18:03:08,True,face,156,152,-164.00,-88.00,
2026-05-09 18:03:08,True,face,178,151,-142.00,-89.00,
2026-05-09 18:03:09,True,face,210,150,-110.00,-90.00,
2026-05-09 18:03:09,True,face,251,150,-69.00,-90.00,
2026-05-09 18:03:09,True,face,283,147,0.00,-93.00,
2026-05-09 18:03:09,True,face,322,144,0.00,-96.00,
2026-05-09 18:03:09,True,face,340,143,0.00,-97.00,
2026-05-09 18:03:09,True,face,348,142,0.00,-98.00,
2026-05-09 18:03:09,True,face,351,142,0.00,-98.00,
2026-05-09 18:03:09,True,face,363,142,0.00,-98.00,
2026-05-09 18:03:10,True,face,364,142,0.00,-98.00,
2026-05-09 18:03:10,True,face,364,142,0.00,-98.00,
2026-05-09 18:03:10,True,face,359,142,0.00,-98.00,
2026-05-09 18:03:10,True,face,352,142,0.00,-98.00,
2026-05-09 18:03:10,True,face,334,141,0.00,-99.00,
2026-05-09 18:03:10,True,face,328,141,0.00,-99.00,
2026-05-09 18:03:10,True,face,325,141,0.00,-99.00,
2026-05-09 18:03:11,True,face,319,140,0.00,-100.00,
2026-05-09 18:03:11,True,face,309,141,0.00,-99.00,
2026-05-09 18:03:11,True,face,303,141,0.00,-99.00,
2026-05-09 18:03:11,True,face,301,141,0.00,-99.00,
2026-05-09 18:03:11,True,face,300,141,0.00,-99.00,
2026-05-09 18:03:11,True,face,299,140,0.00,-100.00,
2026-05-09 18:03:11,True,face,297,140,0.00,-100.00,
2026-05-09 18:03:11,True,face,297,139,0.00,-101.00,
2026-05-09 18:03:12,True,face,294,139,0.00,-101.00,
2026-05-09 18:03:12,True,face,293,139,0.00,-101.00,
2026-05-09 18:03:12,True,face,291,139,0.00,-101.00,
2026-05-09 18:03:12,True,face,287,141,0.00,-99.00,
2026-05-09 18:03:12,True,face,274,146,-46.00,-94.00,
2026-05-09 18:03:12,True,face,267,151,-53.00,-89.00,
2026-05-09 18:03:12,True,face,266,152,-54.00,-88.00,
2026-05-09 18:03:12,True,face,265,151,-55.00,-89.00,
2026-05-09 18:03:13,True,face,266,152,-54.00,-88.00,
2026-05-09 18:03:13,True,face,266,151,-54.00,-89.00,
2026-05-09 18:03:13,True,face,267,149,-53.00,-91.00,
2026-05-09 18:03:13,True,face,270,149,-50.00,-91.00,
2026-05-09 18:03:13,True,face,272,148,-48.00,-92.00,
2026-05-09 18:03:13,True,face,274,148,-46.00,-92.00,
2026-05-09 18:03:13,True,face,274,147,-46.00,-93.00,
2026-05-09 18:03:13,True,face,275,147,0.00,-93.00,
2026-05-09 18:03:14,True,face,276,149,0.00,-91.00,
2026-05-09 18:03:14,True,face,283,198,0.00,-42.00,
2026-05-09 18:03:14,True,face,282,272,0.00,0.00,
2026-05-09 18:03:14,True,face,275,295,0.00,55.00,
2026-05-09 18:03:14,True,face,273,298,-47.00,58.00,
2026-05-09 18:03:14,True,face,271,300,-49.00,60.00,
2026-05-09 18:03:14,True,face,270,301,-50.00,61.00,
2026-05-09 18:03:14,True,face,270,297,-50.00,57.00,
2026-05-09 18:03:15,True,face,269,296,-51.00,56.00,
2026-05-09 18:03:15,True,face,269,289,-51.00,49.00,
2026-05-09 18:03:15,True,face,270,282,-50.00,42.00,
2026-05-09 18:03:15,True,face,283,263,0.00,0.00,
2026-05-09 18:03:15,True,face,308,239,0.00,0.00,
2026-05-09 18:03:15,True,face,335,227,0.00,0.00,
2026-05-09 18:03:15,True,face,366,213,46.00,0.00,
2026-05-09 18:03:15,True,face,388,191,68.00,-49.00,
2026-05-09 18:03:16,True,face,414,174,94.00,-66.00,
2026-05-09 18:03:16,True,face,428,167,108.00,-73.00,
2026-05-09 18:03:16,True,face,434,164,114.00,-76.00,
2026-05-09 18:03:16,True,face,433,163,113.00,-77.00,
2026-05-09 18:03:16,True,face,429,165,109.00,-75.00,
2026-05-09 18:03:16,True,face,428,166,108.00,-74.00,
2026-05-09 18:03:16,True,face,410,167,90.00,-73.00,
2026-05-09 18:03:16,True,face,398,168,78.00,-72.00,
2026-05-09 18:03:17,True,face,333,173,0.00,-67.00,
2026-05-09 18:03:17,True,face,244,179,-76.00,-61.00,
2026-05-09 18:03:17,True,face,183,183,-137.00,-57.00,
2026-05-09 18:03:17,True,face,161,181,-159.00,-59.00,
2026-05-09 18:03:17,True,face,152,178,-168.00,-62.00,
2026-05-09 18:03:17,True,face,150,175,-170.00,-65.00,
2026-05-09 18:03:17,True,face,150,174,-170.00,-66.00,
2026-05-09 18:03:17,True,face,151,173,-169.00,-67.00,
2026-05-09 18:03:18,True,face,159,171,-161.00,-69.00,
2026-05-09 18:03:18,True,face,186,171,-134.00,-69.00,
2026-05-09 18:03:18,True,face,215,172,-105.00,-68.00,
2026-05-09 18:03:18,True,face,224,172,-96.00,-68.00,
2026-05-09 18:03:18,True,face,261,173,-59.00,-67.00,
2026-05-09 18:03:18,True,face,306,170,0.00,-70.00,
2026-05-09 18:03:18,True,face,333,164,0.00,-76.00,
2026-05-09 18:03:18,True,face,357,161,0.00,-79.00,
2026-05-09 18:03:19,True,face,375,160,55.00,-80.00,
2026-05-09 18:03:19,True,face,382,159,62.00,-81.00,
2026-05-09 18:03:19,True,face,392,159,72.00,-81.00,
2026-05-09 18:03:19,True,face,395,158,75.00,-82.00,
2026-05-09 18:03:19,True,face,396,159,76.00,-81.00,
2026-05-09 18:03:19,True,face,397,161,77.00,-79.00,
2026-05-09 18:03:19,True,face,402,162,82.00,-78.00,
2026-05-09 18:03:19,True,face,403,162,83.00,-78.00,
2026-05-09 18:03:20,True,face,376,224,56.00,0.00,
2026-05-09 18:03:20,True,face,343,292,0.00,52.00,
2026-05-09 18:03:20,True,face,332,304,0.00,64.00,
2026-05-09 18:03:20,True,face,314,344,0.00,104.00,
2026-05-09 18:03:20,True,face,300,353,0.00,113.00,
2026-05-09 18:03:20,True,face,289,346,0.00,106.00,
2026-05-09 18:03:20,True,face,283,340,0.00,100.00,
2026-05-09 18:03:20,True,face,279,328,0.00,88.00,
2026-05-09 18:03:21,True,face,279,307,0.00,67.00,
2026-05-09 18:03:21,True,face,276,283,0.00,43.00,
2026-05-09 18:03:21,True,face,275,271,0.00,0.00,
2026-05-09 18:03:21,True,face,273,269,-47.00,0.00,
2026-05-09 18:03:21,True,face,272,270,-48.00,0.00,
2026-05-09 18:03:21,True,face,273,279,-47.00,39.00,
2026-05-09 18:03:21,True,face,272,303,-48.00,63.00,
2026-05-09 18:03:21,True,face,273,308,-47.00,68.00,
2026-05-09 18:03:22,True,face,274,304,-46.00,64.00,
2026-05-09 18:03:22,True,face,271,298,-49.00,58.00,
2026-05-09 18:03:22,True,face,269,284,-51.00,44.00,
2026-05-09 18:03:22,True,face,269,266,-51.00,0.00,
2026-05-09 18:03:22,True,face,269,260,-51.00,0.00,
2026-05-09 18:03:22,True,face,271,231,-49.00,0.00,
2026-05-09 18:03:22,True,face,272,198,-48.00,-42.00,
2026-05-09 18:03:22,True,face,276,177,0.00,-63.00,
2026-05-09 18:03:23,True,face,277,175,0.00,-65.00,
2026-05-09 18:03:23,True,face,282,161,0.00,-79.00,
2026-05-09 18:03:23,True,face,286,159,0.00,-81.00,
2026-05-09 18:03:23,True,face,286,163,0.00,-77.00,
2026-05-09 18:03:23,True,face,286,164,0.00,-76.00,
2026-05-09 18:03:23,True,face,285,161,0.00,-79.00,
2026-05-09 18:03:23,True,face,285,157,0.00,-83.00,
2026-05-09 18:03:23,True,face,285,157,0.00,-83.00,
2026-05-09 18:03:24,True,face,285,157,0.00,-83.00,
2026-05-09 18:03:24,True,face,287,161,0.00,-79.00,
2026-05-09 18:03:24,True,face,288,162,0.00,-78.00,
2026-05-09 18:03:24,True,face,291,175,0.00,-65.00,
2026-05-09 18:03:24,True,face,294,213,0.00,0.00,
2026-05-09 18:03:24,True,face,292,261,0.00,0.00,
2026-05-09 18:03:24,True,face,288,292,0.00,52.00,
2026-05-09 18:03:24,True,face,286,298,0.00,58.00,
2026-05-09 18:03:25,True,face,286,303,0.00,63.00,
2026-05-09 18:03:25,True,face,286,303,0.00,63.00,
2026-05-09 18:03:25,True,face,285,302,0.00,62.00,
2026-05-09 18:03:25,True,face,285,301,0.00,61.00,
2026-05-09 18:03:25,True,face,285,301,0.00,61.00,
2026-05-09 18:03:25,True,face,283,301,0.00,61.00,
2026-05-09 18:03:25,True,face,283,299,0.00,59.00,
2026-05-09 18:03:25,True,face,283,299,0.00,59.00,
2026-05-09 18:03:25,True,face,283,299,0.00,59.00,
2026-05-09 18:03:26,True,face,284,300,0.00,60.00,
2026-05-09 18:03:26,True,face,285,300,0.00,60.00,
2026-05-09 18:03:26,True,face,285,300,0.00,60.00,
2026-05-09 18:03:26,True,face,285,304,0.00,64.00,
2026-05-09 18:03:26,True,face,285,305,0.00,65.00,
2026-05-09 18:03:26,True,face,285,306,0.00,66.00,
2026-05-09 18:03:26,True,face,285,315,0.00,75.00,
2026-05-09 18:03:26,True,face,286,338,0.00,98.00,
2026-05-09 18:03:27,True,face,289,364,0.00,124.00,
2026-05-09 18:03:27,True,face,289,372,0.00,132.00,
2026-05-09 18:03:27,True,face,289,372,0.00,132.00,
2026-05-09 18:03:27,True,face,315,366,0.00,126.00,
2026-05-09 18:03:27,True,face,355,349,0.00,109.00,
2026-05-09 18:03:27,True,face,375,347,55.00,107.00,
2026-05-09 18:03:27,True,face,400,348,80.00,108.00,
2026-05-09 18:03:27,True,face,408,348,88.00,108.00,
2026-05-09 18:03:28,True,face,454,336,134.00,96.00,
2026-05-09 18:03:28,True,face,477,320,157.00,80.00,
2026-05-09 18:03:28,True,face,494,306,174.00,66.00,
2026-05-09 18:03:28,True,face,504,286,184.00,46.00,
2026-05-09 18:03:28,True,face,511,273,191.00,0.00,
2026-05-09 18:03:28,True,face,525,266,205.00,0.00,
2026-05-09 18:03:28,True,face,532,255,212.00,0.00,
2026-05-09 18:03:28,True,face,530,244,210.00,0.00,
2026-05-09 18:03:29,True,face,524,234,204.00,0.00,
2026-05-09 18:03:29,True,face,514,234,194.00,0.00,
2026-05-09 18:03:29,True,face,506,234,186.00,0.00,
2026-05-09 18:03:29,True,face,502,235,182.00,0.00,
2026-05-09 18:03:29,True,face,471,227,151.00,0.00,
2026-05-09 18:03:29,True,face,427,224,107.00,0.00,
2026-05-09 18:03:29,True,face,406,222,86.00,0.00,
2026-05-09 18:03:30,True,face,259,206,-61.00,0.00,
2026-05-09 18:03:30,True,face,215,206,-105.00,0.00,
2026-05-09 18:03:30,True,face,200,202,-120.00,-38.00,
2026-05-09 18:03:30,True,face,189,198,-131.00,-42.00,
2026-05-09 18:03:30,True,face,186,197,-134.00,-43.00,
2026-05-09 18:03:30,True,face,180,197,-140.00,-43.00,
2026-05-09 18:03:30,True,face,172,197,-148.00,-43.00,
2026-05-09 18:03:30,True,face,164,198,-156.00,-42.00,
2026-05-09 18:03:31,True,face,162,198,-158.00,-42.00,
2026-05-09 18:03:31,True,face,165,195,-155.00,-45.00,
2026-05-09 18:03:31,True,face,167,188,-153.00,-52.00,
2026-05-09 18:03:31,True,face,188,190,-132.00,-50.00,
2026-05-09 18:03:31,True,face,199,199,-121.00,-41.00,
2026-05-09 18:03:31,True,face,247,270,-73.00,0.00,
2026-05-09 18:03:31,False,face,,,0.00,0.00,
2026-05-09 18:03:31,True,face,278,344,0.00,104.00,
2026-05-09 18:03:31,True,face,292,348,0.00,108.00,
2026-05-09 18:03:32,True,face,297,348,0.00,108.00,
2026-05-09 18:03:32,True,face,301,348,0.00,108.00,
2026-05-09 18:03:32,True,face,305,345,0.00,105.00,
2026-05-09 18:03:32,True,face,306,343,0.00,103.00,
2026-05-09 18:03:32,True,face,305,339,0.00,99.00,
2026-05-09 18:03:32,True,face,306,339,0.00,99.00,
2026-05-09 18:03:32,True,face,307,340,0.00,100.00,
2026-05-09 18:03:32,True,face,308,338,0.00,98.00,
2026-05-09 18:03:33,True,face,307,335,0.00,95.00,
2026-05-09 18:03:33,True,face,309,333,0.00,93.00,
2026-05-09 18:03:33,True,face,311,333,0.00,93.00,
2026-05-09 18:03:33,True,face,311,331,0.00,91.00,
2026-05-09 18:03:33,True,face,311,317,0.00,77.00,
2026-05-09 18:03:33,True,face,309,292,0.00,52.00,
2026-05-09 18:03:33,True,face,308,239,0.00,0.00,
2026-05-09 18:03:33,True,face,307,195,0.00,-45.00,
2026-05-09 18:03:34,True,face,308,167,0.00,-73.00,
2026-05-09 18:03:34,True,face,312,146,0.00,-94.00,
2026-05-09 18:03:34,True,face,314,137,0.00,-103.00,
2026-05-09 18:03:34,True,face,315,131,0.00,-109.00,
2026-05-09 18:03:34,True,face,315,123,0.00,-117.00,
2026-05-09 18:03:34,True,face,315,121,0.00,-119.00,
2026-05-09 18:03:34,True,face,313,122,0.00,-118.00,
2026-05-09 18:03:34,True,face,312,122,0.00,-118.00,
2026-05-09 18:03:35,True,face,311,121,0.00,-119.00,
2026-05-09 18:03:35,True,face,310,122,0.00,-118.00,
2026-05-09 18:03:35,True,face,307,127,0.00,-113.00,
2026-05-09 18:03:35,True,face,306,128,0.00,-112.00,
2026-05-09 18:03:35,True,face,304,130,0.00,-110.00,
2026-05-09 18:03:35,True,face,304,129,0.00,-111.00,
2026-05-09 18:03:35,True,face,306,129,0.00,-111.00,
2026-05-09 18:03:35,True,face,308,128,0.00,-112.00,
2026-05-09 18:03:36,True,face,309,128,0.00,-112.00,
2026-05-09 18:03:36,True,face,312,129,0.00,-111.00,
2026-05-09 18:03:36,True,face,353,135,0.00,-105.00,
2026-05-09 18:03:36,True,face,414,143,94.00,-97.00,
2026-05-09 18:03:36,True,face,458,148,138.00,-92.00,
2026-05-09 18:03:36,True,face,468,149,148.00,-91.00,
2026-05-09 18:03:36,True,face,471,148,151.00,-92.00,
2026-05-09 18:03:36,True,face,473,147,153.00,-93.00,
2026-05-09 18:03:37,True,face,476,147,156.00,-93.00,
2026-05-09 18:03:37,True,face,476,147,156.00,-93.00,
2026-05-09 18:03:37,True,face,479,146,159.00,-94.00,
2026-05-09 18:03:37,True,face,480,149,160.00,-91.00,
2026-05-09 18:03:37,True,face,488,151,168.00,-89.00,
2026-05-09 18:03:37,True,face,496,162,176.00,-78.00,
2026-05-09 18:03:37,True,face,494,217,174.00,0.00,
2026-05-09 18:03:37,True,face,479,271,159.00,0.00,
2026-05-09 18:03:38,True,face,469,301,149.00,61.00,
2026-05-09 18:03:38,True,face,465,314,145.00,74.00,
2026-05-09 18:03:38,True,face,438,321,118.00,81.00,
2026-05-09 18:03:38,True,face,403,321,83.00,81.00,
2026-05-09 18:03:38,True,face,391,322,71.00,82.00,
2026-05-09 18:03:38,True,face,365,319,0.00,79.00,
2026-05-09 18:03:38,True,face,327,312,0.00,72.00,
2026-05-09 18:03:39,True,face,273,302,-47.00,62.00,
2026-05-09 18:03:39,True,face,243,297,-77.00,57.00,
2026-05-09 18:03:39,True,face,237,297,-83.00,57.00,
2026-05-09 18:03:39,True,face,222,292,-98.00,52.00,
2026-05-09 18:03:39,True,face,210,290,-110.00,50.00,
2026-05-09 18:03:39,True,face,207,291,-113.00,51.00,
2026-05-09 18:03:39,True,face,208,295,-112.00,55.00,
2026-05-09 18:03:39,True,face,240,329,-80.00,89.00,
2026-05-09 18:03:39,False,face,,,0.00,0.00,
2026-05-09 18:03:39,False,face,,,0.00,0.00,
2026-05-09 18:03:39,False,face,,,0.00,0.00,
2026-05-09 18:03:39,False,face,,,0.00,0.00,
2026-05-09 18:03:40,False,face,,,0.00,0.00,
2026-05-09 18:03:40,False,face,,,0.00,0.00,
2026-05-09 18:03:40,False,face,,,0.00,0.00,
2026-05-09 18:03:40,False,face,,,0.00,0.00,
2026-05-09 18:03:40,False,face,,,0.00,0.00,
2026-05-09 18:03:40,False,face,,,0.00,0.00,
2026-05-09 18:03:40,False,face,,,0.00,0.00,
2026-05-09 18:03:40,False,face,,,0.00,0.00,
2026-05-09 18:03:40,False,face,,,0.00,0.00,
2026-05-09 18:03:40,False,face,,,0.00,0.00,
2026-05-09 18:03:40,False,face,,,0.00,0.00,
2026-05-09 18:03:40,False,face,,,0.00,0.00,
2026-05-09 18:03:40,True,face,311,405,0.00,165.00,
2026-05-09 18:03:40,True,face,297,394,0.00,154.00,
2026-05-09 18:03:40,True,face,296,381,0.00,141.00,
2026-05-09 18:03:40,True,face,293,378,0.00,138.00,
2026-05-09 18:03:41,True,face,293,379,0.00,139.00,
2026-05-09 18:03:41,True,face,293,380,0.00,140.00,
2026-05-09 18:03:41,True,face,292,378,0.00,138.00,
2026-05-09 18:03:41,True,face,289,377,0.00,137.00,
2026-05-09 18:03:41,True,face,289,376,0.00,136.00,
2026-05-09 18:03:41,True,face,287,373,0.00,133.00,
2026-05-09 18:03:41,True,face,291,370,0.00,130.00,
2026-05-09 18:03:41,True,face,289,371,0.00,131.00,
2026-05-09 18:03:42,True,face,289,372,0.00,132.00,
2026-05-09 18:03:42,True,face,289,372,0.00,132.00,
2026-05-09 18:03:42,True,face,289,373,0.00,133.00,
2026-05-09 18:03:42,True,face,289,374,0.00,134.00,
2026-05-09 18:03:42,True,face,265,368,-55.00,128.00,
2026-05-09 18:03:42,True,face,192,355,-128.00,115.00,
2026-05-09 18:03:42,True,face,176,352,-144.00,112.00,
2026-05-09 18:03:42,True,face,135,345,-185.00,105.00,
2026-05-09 18:03:43,True,face,122,342,-198.00,102.00,
2026-05-09 18:03:43,True,face,110,332,-210.00,92.00,
2026-05-09 18:03:43,True,face,102,326,-218.00,86.00,
2026-05-09 18:03:43,True,face,101,324,-219.00,84.00,
2026-05-09 18:03:43,True,face,97,319,-223.00,79.00,
2026-05-09 18:03:43,True,face,99,317,-221.00,77.00,
2026-05-09 18:03:43,True,face,102,314,-218.00,74.00,
2026-05-09 18:03:43,True,face,100,308,-220.00,68.00,
2026-05-09 18:03:44,True,face,100,304,-220.00,64.00,
2026-05-09 18:03:44,True,face,100,303,-220.00,63.00,
2026-05-09 18:03:44,True,face,101,300,-219.00,60.00,
2026-05-09 18:03:44,True,face,104,296,-216.00,56.00,
2026-05-09 18:03:44,True,face,107,296,-213.00,56.00,
2026-05-09 18:03:44,True,face,107,295,-213.00,55.00,
2026-05-09 18:03:44,True,face,114,295,-206.00,55.00,
2026-05-09 18:03:44,True,face,146,293,-174.00,53.00,
2026-05-09 18:03:45,True,face,166,292,-154.00,52.00,
2026-05-09 18:03:45,True,face,310,296,0.00,56.00,
2026-05-09 18:03:45,False,face,,,0.00,0.00,
2026-05-09 18:03:45,True,face,477,315,157.00,75.00,
2026-05-09 18:03:45,True,face,538,303,218.00,63.00,
2026-05-09 18:03:45,True,face,558,305,238.00,65.00,
2026-05-09 18:03:45,True,face,573,305,253.00,65.00,
2026-05-09 18:03:45,True,face,575,300,255.00,60.00,
2026-05-09 18:03:46,True,face,570,296,250.00,56.00,
2026-05-09 18:03:46,True,face,564,290,244.00,50.00,
2026-05-09 18:03:46,True,face,559,289,239.00,49.00,
2026-05-09 18:03:46,True,face,551,287,231.00,47.00,
2026-05-09 18:03:46,True,face,547,285,227.00,45.00,
2026-05-09 18:03:46,True,face,549,285,229.00,45.00,
2026-05-09 18:03:46,True,face,549,285,229.00,45.00,
2026-05-09 18:03:46,True,face,547,284,227.00,44.00,
2026-05-09 18:03:47,True,face,543,282,223.00,42.00,
2026-05-09 18:03:47,True,face,538,281,218.00,41.00,
2026-05-09 18:03:47,True,face,536,283,216.00,43.00,
2026-05-09 18:03:47,True,face,533,284,213.00,44.00,
2026-05-09 18:03:47,True,face,530,286,210.00,46.00,
2026-05-09 18:03:47,True,face,525,286,205.00,46.00,
2026-05-09 18:03:47,True,face,511,286,191.00,46.00,
2026-05-09 18:03:47,True,face,475,275,155.00,0.00,
2026-05-09 18:03:48,True,face,407,246,87.00,0.00,
2026-05-09 18:03:48,True,face,337,224,0.00,0.00,
2026-05-09 18:03:48,True,face,273,209,-47.00,0.00,
2026-05-09 18:03:48,True,face,262,203,-58.00,-37.00,
2026-05-09 18:03:48,True,face,234,196,-86.00,-44.00,
2026-05-09 18:03:48,True,face,221,189,-99.00,-51.00,
2026-05-09 18:03:48,True,face,214,182,-106.00,-58.00,
2026-05-09 18:03:48,True,face,215,178,-105.00,-62.00,
2026-05-09 18:03:49,True,face,219,172,-101.00,-68.00,
2026-05-09 18:03:49,True,face,226,166,-94.00,-74.00,
2026-05-09 18:03:49,True,face,232,161,-88.00,-79.00,
2026-05-09 18:03:49,True,face,237,159,-83.00,-81.00,
2026-05-09 18:03:49,True,face,251,160,-69.00,-80.00,
2026-05-09 18:03:49,True,face,262,201,-58.00,-39.00,
2026-05-09 18:03:49,True,face,266,243,-54.00,0.00,
2026-05-09 18:03:49,True,face,270,302,-50.00,62.00,
2026-05-09 18:03:50,True,face,268,329,-52.00,89.00,
2026-05-09 18:03:50,True,face,267,351,-53.00,111.00,
2026-05-09 18:03:50,True,face,267,357,-53.00,117.00,
2026-05-09 18:03:50,True,face,267,361,-53.00,121.00,
2026-05-09 18:03:50,True,face,267,359,-53.00,119.00,
2026-05-09 18:03:50,True,face,266,359,-54.00,119.00,
2026-05-09 18:03:50,True,face,265,360,-55.00,120.00,
2026-05-09 18:03:50,True,face,266,359,-54.00,119.00,
2026-05-09 18:03:51,True,face,265,358,-55.00,118.00,
2026-05-09 18:03:51,True,face,263,356,-57.00,116.00,
2026-05-09 18:03:51,True,face,262,352,-58.00,112.00,
2026-05-09 18:03:51,True,face,256,350,-64.00,110.00,
2026-05-09 18:03:51,True,face,256,348,-64.00,108.00,
2026-05-09 18:03:51,True,face,256,346,-64.00,106.00,
2026-05-09 18:03:51,True,face,255,342,-65.00,102.00,
2026-05-09 18:03:51,True,face,244,333,-76.00,93.00,
2026-05-09 18:03:52,True,face,195,315,-125.00,75.00,
2026-05-09 18:03:52,True,face,175,308,-145.00,68.00,
2026-05-09 18:03:52,True,face,127,289,-193.00,49.00,
2026-05-09 18:03:52,True,face,98,278,-222.00,38.00,
2026-05-09 18:03:52,True,face,91,266,-229.00,0.00,
2026-05-09 18:03:52,True,face,88,262,-232.00,0.00,
2026-05-09 18:03:52,True,face,84,258,-236.00,0.00,
2026-05-09 18:03:52,True,face,85,257,-235.00,0.00,
2026-05-09 18:03:53,True,face,86,253,-234.00,0.00,
2026-05-09 18:03:53,True,face,92,250,-228.00,0.00,
2026-05-09 18:03:53,True,face,96,248,-224.00,0.00,
2026-05-09 18:03:53,True,face,102,245,-218.00,0.00,
2026-05-09 18:03:53,True,face,102,244,-218.00,0.00,
2026-05-09 18:03:53,True,face,107,242,-213.00,0.00,
2026-05-09 18:03:53,True,face,107,241,-213.00,0.00,
2026-05-09 18:03:54,True,face,116,238,-204.00,0.00,
2026-05-09 18:03:54,True,face,123,238,-197.00,0.00,
2026-05-09 18:03:54,True,face,126,238,-194.00,0.00,
2026-05-09 18:03:54,True,face,128,238,-192.00,0.00,
2026-05-09 18:03:54,True,face,127,236,-193.00,0.00,
2026-05-09 18:03:54,True,face,130,233,-190.00,0.00,
2026-05-09 18:03:54,True,face,131,231,-189.00,0.00,
2026-05-09 18:03:54,True,face,153,215,-167.00,0.00,
2026-05-09 18:03:55,True,face,196,174,-124.00,-66.00,
2026-05-09 18:03:55,True,face,245,130,-75.00,-110.00,
2026-05-09 18:03:55,True,face,274,101,-46.00,-139.00,
2026-05-09 18:03:55,True,face,283,89,0.00,-151.00,
2026-05-09 18:03:55,True,face,289,81,0.00,-159.00,
2026-05-09 18:03:55,True,face,295,76,0.00,-164.00,
2026-05-09 18:03:55,True,face,299,72,0.00,-168.00,
2026-05-09 18:03:55,True,face,298,69,0.00,-171.00,
2026-05-09 18:03:56,True,face,299,68,0.00,-172.00,
2026-05-09 18:03:56,True,face,299,67,0.00,-173.00,
2026-05-09 18:03:56,True,face,303,66,0.00,-174.00,
2026-05-09 18:03:56,True,face,322,63,0.00,-177.00,
2026-05-09 18:03:56,True,face,351,70,0.00,-170.00,
2026-05-09 18:03:56,True,face,383,77,63.00,-163.00,
2026-05-09 18:03:56,True,face,456,111,136.00,-129.00,
2026-05-09 18:03:56,True,face,477,120,157.00,-120.00,
2026-05-09 18:03:57,True,face,486,130,166.00,-110.00,
2026-05-09 18:03:57,True,face,486,135,166.00,-105.00,
2026-05-09 18:03:57,True,face,485,139,165.00,-101.00,
2026-05-09 18:03:57,True,face,485,141,165.00,-99.00,
2026-05-09 18:03:57,True,face,484,142,164.00,-98.00,
2026-05-09 18:03:57,True,face,480,142,160.00,-98.00,
2026-05-09 18:03:57,True,face,477,142,157.00,-98.00,
2026-05-09 18:03:57,True,face,470,142,150.00,-98.00,
2026-05-09 18:03:58,True,face,468,140,148.00,-100.00,
2026-05-09 18:03:58,True,face,467,138,147.00,-102.00,
2026-05-09 18:03:58,True,face,463,137,143.00,-103.00,
2026-05-09 18:03:58,True,face,458,136,138.00,-104.00,
2026-05-09 18:03:58,True,face,456,137,136.00,-103.00,
2026-05-09 18:03:58,True,face,466,146,146.00,-94.00,
2026-05-09 18:03:58,True,face,475,150,155.00,-90.00,
2026-05-09 18:03:58,True,face,502,163,182.00,-77.00,
2026-05-09 18:03:58,True,face,522,178,202.00,-62.00,
2026-05-09 18:03:59,True,face,518,195,198.00,-45.00,
2026-05-09 18:03:59,True,face,501,196,181.00,-44.00,
2026-05-09 18:03:59,True,face,470,192,150.00,-48.00,
2026-05-09 18:03:59,True,face,432,178,112.00,-62.00,
2026-05-09 18:03:59,True,face,372,168,52.00,-72.00,
2026-05-09 18:03:59,True,face,270,159,-50.00,-81.00,
2026-05-09 18:03:59,True,face,162,161,-158.00,-79.00,
2026-05-09 18:03:59,True,face,154,172,-166.00,-68.00,
2026-05-09 18:04:00,True,face,117,181,-203.00,-59.00,
2026-05-09 18:04:00,True,face,120,185,-200.00,-55.00,
2026-05-09 18:04:00,True,face,117,183,-203.00,-57.00,
2026-05-09 18:04:00,True,face,120,179,-200.00,-61.00,
2026-05-09 18:04:00,True,face,123,174,-197.00,-66.00,
2026-05-09 18:04:00,True,face,129,169,-191.00,-71.00,
2026-05-09 18:04:00,True,face,145,164,-175.00,-76.00,
2026-05-09 18:04:00,True,face,188,148,-132.00,-92.00,
2026-05-09 18:04:01,True,face,279,136,0.00,-104.00,
2026-05-09 18:04:01,True,face,371,137,51.00,-103.00,
2026-05-09 18:04:01,True,face,422,139,102.00,-101.00,
2026-05-09 18:04:01,True,face,426,139,106.00,-101.00,
2026-05-09 18:04:01,True,face,447,140,127.00,-100.00,
2026-05-09 18:04:01,True,face,454,142,134.00,-98.00,
2026-05-09 18:04:01,True,face,457,142,137.00,-98.00,
2026-05-09 18:04:01,True,face,451,143,131.00,-97.00,
2026-05-09 18:04:02,True,face,447,145,127.00,-95.00,
2026-05-09 18:04:02,True,face,439,145,119.00,-95.00,
2026-05-09 18:04:02,True,face,432,145,112.00,-95.00,
2026-05-09 18:04:02,True,face,426,145,106.00,-95.00,
2026-05-09 18:04:02,True,face,425,145,105.00,-95.00,
2026-05-09 18:04:02,True,face,415,144,95.00,-96.00,
2026-05-09 18:04:02,True,face,394,136,74.00,-104.00,
2026-05-09 18:04:02,True,face,376,132,56.00,-108.00,
2026-05-09 18:04:03,True,face,357,130,0.00,-110.00,
2026-05-09 18:04:03,True,face,339,131,0.00,-109.00,
2026-05-09 18:04:03,True,face,329,132,0.00,-108.00,
2026-05-09 18:04:03,True,face,307,136,0.00,-104.00,
2026-05-09 18:04:03,True,face,267,151,-53.00,-89.00,
2026-05-09 18:04:03,True,face,241,174,-79.00,-66.00,
2026-05-09 18:04:03,True,face,235,185,-85.00,-55.00,
2026-05-09 18:04:03,True,face,197,241,-123.00,0.00,
2026-05-09 18:04:04,True,face,187,256,-133.00,0.00,
2026-05-09 18:04:04,True,face,184,256,-136.00,0.00,
2026-05-09 18:04:04,True,face,185,264,-135.00,0.00,
2026-05-09 18:04:04,True,face,187,271,-133.00,0.00,
2026-05-09 18:04:04,True,face,187,276,-133.00,36.00,
2026-05-09 18:04:04,True,face,187,274,-133.00,0.00,
2026-05-09 18:04:04,True,face,187,274,-133.00,0.00,
2026-05-09 18:04:04,True,face,187,273,-133.00,0.00,
2026-05-09 18:04:05,True,face,187,272,-133.00,0.00,
2026-05-09 18:04:05,True,face,188,268,-132.00,0.00,
2026-05-09 18:04:05,True,face,192,263,-128.00,0.00,
2026-05-09 18:04:05,True,face,193,261,-127.00,0.00,
2026-05-09 18:04:05,True,face,195,257,-125.00,0.00,
2026-05-09 18:04:05,True,face,198,250,-122.00,0.00,
2026-05-09 18:04:05,True,face,201,245,-119.00,0.00,
2026-05-09 18:04:05,True,face,203,240,-117.00,0.00,
2026-05-09 18:04:06,True,face,208,237,-112.00,0.00,
2026-05-09 18:04:06,True,face,209,236,-111.00,0.00,
2026-05-09 18:04:06,True,face,210,234,-110.00,0.00,
2026-05-09 18:04:06,True,face,210,233,-110.00,0.00,
2026-05-09 18:04:06,True,face,210,231,-110.00,0.00,
2026-05-09 18:04:06,True,face,210,231,-110.00,0.00,
2026-05-09 18:04:06,True,face,213,236,-107.00,0.00,
2026-05-09 18:04:06,True,face,213,233,-107.00,0.00,
2026-05-09 18:04:07,True,face,213,231,-107.00,0.00,
2026-05-09 18:04:07,True,face,213,225,-107.00,0.00,
2026-05-09 18:04:07,True,face,213,224,-107.00,0.00,
2026-05-09 18:04:07,True,face,213,224,-107.00,0.00,
2026-05-09 18:04:07,True,face,214,247,-106.00,0.00,EXIT
2026-05-09 18:05:17,True,face,220,122,-100.00,-118.00,
2026-05-09 18:05:17,True,face,224,121,-96.00,-119.00,
2026-05-09 18:05:17,True,face,228,119,-92.00,-121.00,
2026-05-09 18:05:17,True,face,229,119,-91.00,-121.00,
2026-05-09 18:05:17,True,face,230,117,-90.00,-123.00,
2026-05-09 18:05:17,True,face,243,117,-77.00,-123.00,
2026-05-09 18:05:18,True,face,271,117,-49.00,-123.00,
2026-05-09 18:05:18,True,face,294,123,0.00,-117.00,
2026-05-09 18:05:18,True,face,303,132,0.00,-108.00,
2026-05-09 18:05:18,True,face,304,133,0.00,-107.00,
2026-05-09 18:05:18,True,face,310,134,0.00,-106.00,
2026-05-09 18:05:18,True,face,317,138,0.00,-102.00,
2026-05-09 18:05:18,True,face,327,141,0.00,-99.00,
2026-05-09 18:05:18,True,face,330,142,0.00,-98.00,
2026-05-09 18:05:19,True,face,327,142,0.00,-98.00,
2026-05-09 18:05:19,True,face,324,142,0.00,-98.00,
2026-05-09 18:05:19,True,face,310,140,0.00,-100.00,
2026-05-09 18:05:19,True,face,293,139,0.00,-101.00,
2026-05-09 18:05:19,True,face,256,139,-64.00,-101.00,
2026-05-09 18:05:19,True,face,186,142,-134.00,-98.00,
2026-05-09 18:05:19,True,face,153,146,-167.00,-94.00,
2026-05-09 18:05:19,True,face,140,147,-180.00,-93.00,
2026-05-09 18:05:20,True,face,132,149,-188.00,-91.00,
2026-05-09 18:05:20,True,face,127,152,-193.00,-88.00,
2026-05-09 18:05:20,True,face,124,153,-196.00,-87.00,
2026-05-09 18:05:20,True,face,119,152,-201.00,-88.00,
2026-05-09 18:05:20,True,face,115,152,-205.00,-88.00,
2026-05-09 18:05:20,True,face,116,152,-204.00,-88.00,
2026-05-09 18:05:20,True,face,121,151,-199.00,-89.00,
2026-05-09 18:05:20,True,face,142,146,-178.00,-94.00,
2026-05-09 18:05:21,True,face,187,143,-133.00,-97.00,
2026-05-09 18:05:21,True,face,263,141,-57.00,-99.00,
2026-05-09 18:05:21,True,face,335,143,0.00,-97.00,
2026-05-09 18:05:21,True,face,362,145,0.00,-95.00,
2026-05-09 18:05:21,True,face,374,145,54.00,-95.00,
2026-05-09 18:05:21,True,face,378,148,58.00,-92.00,
2026-05-09 18:05:21,True,face,386,149,66.00,-91.00,
2026-05-09 18:05:21,True,face,393,149,73.00,-91.00,
2026-05-09 18:05:22,True,face,397,148,77.00,-92.00,
2026-05-09 18:05:22,True,face,399,149,79.00,-91.00,
2026-05-09 18:05:22,True,face,402,149,82.00,-91.00,
2026-05-09 18:05:22,True,face,409,149,89.00,-91.00,
2026-05-09 18:05:22,True,face,415,149,95.00,-91.00,
2026-05-09 18:05:22,True,face,414,149,94.00,-91.00,
2026-05-09 18:05:22,True,face,413,149,93.00,-91.00,
2026-05-09 18:05:22,True,face,392,150,72.00,-90.00,
2026-05-09 18:05:23,True,face,395,152,75.00,-88.00,
2026-05-09 18:05:23,True,face,421,158,101.00,-82.00,
2026-05-09 18:05:23,True,face,443,162,123.00,-78.00,
2026-05-09 18:05:23,True,face,463,169,143.00,-71.00,
2026-05-09 18:05:23,True,face,465,172,145.00,-68.00,
2026-05-09 18:05:23,True,face,464,171,144.00,-69.00,
2026-05-09 18:05:23,True,face,461,170,141.00,-70.00,
2026-05-09 18:05:23,True,face,455,170,135.00,-70.00,
2026-05-09 18:05:24,True,face,445,167,125.00,-73.00,
2026-05-09 18:05:24,True,face,443,167,123.00,-73.00,
2026-05-09 18:05:24,True,face,439,166,119.00,-74.00,
2026-05-09 18:05:24,True,face,433,164,113.00,-76.00,
2026-05-09 18:05:24,True,face,410,163,90.00,-77.00,
2026-05-09 18:05:24,True,face,349,172,0.00,-68.00,
2026-05-09 18:05:24,True,face,293,212,0.00,0.00,
2026-05-09 18:05:24,True,face,270,241,-50.00,0.00,
2026-05-09 18:05:25,True,face,256,243,-64.00,0.00,
2026-05-09 18:05:25,True,face,252,246,-68.00,0.00,
2026-05-09 18:05:25,True,face,250,248,-70.00,0.00,
2026-05-09 18:05:25,True,face,247,248,-73.00,0.00,
2026-05-09 18:05:25,True,face,246,248,-74.00,0.00,
2026-05-09 18:05:25,True,face,245,250,-75.00,0.00,
2026-05-09 18:05:25,True,face,243,254,-77.00,0.00,
2026-05-09 18:05:25,True,face,243,256,-77.00,0.00,
2026-05-09 18:05:26,True,face,243,259,-77.00,0.00,
2026-05-09 18:05:26,True,face,243,263,-77.00,0.00,
2026-05-09 18:05:26,True,face,241,269,-79.00,0.00,
2026-05-09 18:05:26,True,face,240,272,-80.00,0.00,
2026-05-09 18:05:26,True,face,240,275,-80.00,0.00,
2026-05-09 18:05:26,True,face,241,282,-79.00,42.00,
2026-05-09 18:05:26,True,face,242,283,-78.00,43.00,
2026-05-09 18:05:26,True,face,243,283,-77.00,43.00,
2026-05-09 18:05:27,True,face,243,283,-77.00,43.00,
2026-05-09 18:05:27,True,face,244,279,-76.00,39.00,
2026-05-09 18:05:27,True,face,244,278,-76.00,38.00,
2026-05-09 18:05:27,True,face,244,276,-76.00,36.00,
2026-05-09 18:05:27,True,face,242,274,-78.00,0.00,
2026-05-09 18:05:27,True,face,235,271,-85.00,0.00,
2026-05-09 18:05:27,True,face,232,288,-88.00,48.00,
2026-05-09 18:05:27,False,face,,,0.00,0.00,
2026-05-09 18:05:27,True,face,257,330,-63.00,90.00,
2026-05-09 18:05:28,False,face,,,0.00,0.00,
2026-05-09 18:05:28,False,face,,,0.00,0.00,
2026-05-09 18:05:28,False,face,,,0.00,0.00,
2026-05-09 18:05:28,False,face,,,0.00,0.00,
2026-05-09 18:05:28,False,face,,,0.00,0.00,
2026-05-09 18:05:28,False,face,,,0.00,0.00,
2026-05-09 18:05:28,False,face,,,0.00,0.00,
2026-05-09 18:05:28,False,face,,,0.00,0.00,
2026-05-09 18:05:28,False,face,,,0.00,0.00,
2026-05-09 18:05:28,False,face,,,0.00,0.00,
2026-05-09 18:05:28,False,face,,,0.00,0.00,
2026-05-09 18:05:28,False,face,,,0.00,0.00,
2026-05-09 18:05:28,False,face,,,0.00,0.00,
2026-05-09 18:05:28,False,face,,,0.00,0.00,
2026-05-09 18:05:28,True,face,245,364,-75.00,124.00,
2026-05-09 18:05:28,True,face,239,363,-81.00,123.00,
2026-05-09 18:05:28,True,face,235,356,-85.00,116.00,
2026-05-09 18:05:28,True,face,238,352,-82.00,112.00,
2026-05-09 18:05:29,True,face,242,352,-78.00,112.00,
2026-05-09 18:05:29,True,face,238,352,-82.00,112.00,
2026-05-09 18:05:29,True,face,236,337,-84.00,97.00,
2026-05-09 18:05:29,True,face,239,309,-81.00,69.00,
2026-05-09 18:05:29,True,face,234,236,-86.00,0.00,
2026-05-09 18:05:29,True,face,234,208,-86.00,0.00,
2026-05-09 18:05:29,True,face,235,192,-85.00,-48.00,
2026-05-09 18:05:29,True,face,237,174,-83.00,-66.00,
2026-05-09 18:05:30,True,face,237,163,-83.00,-77.00,
2026-05-09 18:05:30,True,face,232,151,-88.00,-89.00,
2026-05-09 18:05:30,True,face,232,149,-88.00,-91.00,
2026-05-09 18:05:30,True,face,224,145,-96.00,-95.00,
2026-05-09 18:05:30,True,face,188,147,-132.00,-93.00,
2026-05-09 18:05:30,True,face,128,156,-192.00,-84.00,
2026-05-09 18:05:30,True,face,104,160,-216.00,-80.00,
2026-05-09 18:05:30,True,face,101,161,-219.00,-79.00,
2026-05-09 18:05:31,True,face,100,160,-220.00,-80.00,
2026-05-09 18:05:31,True,face,108,158,-212.00,-82.00,
2026-05-09 18:05:31,True,face,112,156,-208.00,-84.00,
2026-05-09 18:05:31,True,face,117,154,-203.00,-86.00,
2026-05-09 18:05:31,True,face,132,149,-188.00,-91.00,
2026-05-09 18:05:31,True,face,180,140,-140.00,-100.00,
2026-05-09 18:05:31,True,face,247,128,-73.00,-112.00,
2026-05-09 18:05:31,True,face,302,120,0.00,-120.00,
2026-05-09 18:05:32,True,face,329,116,0.00,-124.00,
2026-05-09 18:05:32,True,face,347,113,0.00,-127.00,
2026-05-09 18:05:32,True,face,359,113,0.00,-127.00,
2026-05-09 18:05:32,True,face,362,114,0.00,-126.00,
2026-05-09 18:05:32,True,face,368,117,48.00,-123.00,
2026-05-09 18:05:32,True,face,369,118,49.00,-122.00,
2026-05-09 18:05:32,True,face,367,120,47.00,-120.00,
2026-05-09 18:05:32,True,face,362,122,0.00,-118.00,
2026-05-09 18:05:33,True,face,356,123,0.00,-117.00,
2026-05-09 18:05:33,True,face,350,124,0.00,-116.00,
2026-05-09 18:05:33,True,face,348,124,0.00,-116.00,
2026-05-09 18:05:33,True,face,350,125,0.00,-115.00,
2026-05-09 18:05:33,True,face,355,127,0.00,-113.00,
2026-05-09 18:05:33,True,face,367,128,47.00,-112.00,
2026-05-09 18:05:33,True,face,369,129,49.00,-111.00,
2026-05-09 18:05:33,True,face,379,131,59.00,-109.00,
2026-05-09 18:05:34,True,face,395,133,75.00,-107.00,
2026-05-09 18:05:34,True,face,426,144,106.00,-96.00,
2026-05-09 18:05:34,True,face,450,155,130.00,-85.00,
2026-05-09 18:05:34,True,face,460,167,140.00,-73.00,
2026-05-09 18:05:34,True,face,462,168,142.00,-72.00,
2026-05-09 18:05:34,True,face,458,167,138.00,-73.00,
2026-05-09 18:05:34,True,face,456,166,136.00,-74.00,
2026-05-09 18:05:34,True,face,453,166,133.00,-74.00,
2026-05-09 18:05:35,True,face,451,166,131.00,-74.00,
2026-05-09 18:05:35,True,face,451,166,131.00,-74.00,
2026-05-09 18:05:35,True,face,451,166,131.00,-74.00,
2026-05-09 18:05:35,True,face,451,165,131.00,-75.00,
2026-05-09 18:05:35,True,face,450,163,130.00,-77.00,
2026-05-09 18:05:35,True,face,450,162,130.00,-78.00,
2026-05-09 18:05:35,True,face,450,162,130.00,-78.00,
2026-05-09 18:05:35,True,face,450,160,130.00,-80.00,
2026-05-09 18:05:36,True,face,449,160,129.00,-80.00,
2026-05-09 18:05:36,True,face,449,160,129.00,-80.00,
2026-05-09 18:05:36,True,face,449,159,129.00,-81.00,
2026-05-09 18:05:36,True,face,445,158,125.00,-82.00,
2026-05-09 18:05:36,True,face,443,156,123.00,-84.00,
2026-05-09 18:05:36,True,face,442,156,122.00,-84.00,
2026-05-09 18:05:36,True,face,440,155,120.00,-85.00,
2026-05-09 18:05:36,True,face,424,149,104.00,-91.00,
2026-05-09 18:05:37,True,face,412,149,92.00,-91.00,
2026-05-09 18:05:37,True,face,252,132,-68.00,-108.00,
2026-05-09 18:05:37,True,face,233,135,-87.00,-105.00,
2026-05-09 18:05:37,True,face,182,136,-138.00,-104.00,
2026-05-09 18:05:37,True,face,154,142,-166.00,-98.00,
2026-05-09 18:05:37,True,face,132,150,-188.00,-90.00,
2026-05-09 18:05:37,True,face,122,155,-198.00,-85.00,
2026-05-09 18:05:37,True,face,114,157,-206.00,-83.00,
2026-05-09 18:05:38,True,face,109,158,-211.00,-82.00,
2026-05-09 18:05:38,True,face,107,157,-213.00,-83.00,
2026-05-09 18:05:38,True,face,107,157,-213.00,-83.00,
2026-05-09 18:05:38,True,face,108,156,-212.00,-84.00,
2026-05-09 18:05:38,True,face,114,156,-206.00,-84.00,
2026-05-09 18:05:38,True,face,127,147,-193.00,-93.00,
2026-05-09 18:05:38,True,face,138,135,-182.00,-105.00,
2026-05-09 18:05:38,True,face,156,127,-164.00,-113.00,
2026-05-09 18:05:39,True,face,173,119,-147.00,-121.00,
2026-05-09 18:05:39,True,face,188,109,-132.00,-131.00,
2026-05-09 18:05:39,True,face,201,105,-119.00,-135.00,
2026-05-09 18:05:39,True,face,209,106,-111.00,-134.00,
2026-05-09 18:05:39,True,face,216,107,-104.00,-133.00,
2026-05-09 18:05:39,True,face,218,107,-102.00,-133.00,
2026-05-09 18:05:39,True,face,227,113,-93.00,-127.00,
2026-05-09 18:05:40,True,face,226,118,-94.00,-122.00,
2026-05-09 18:05:40,True,face,225,119,-95.00,-121.00,
2026-05-09 18:05:40,True,face,222,119,-98.00,-121.00,
2026-05-09 18:05:40,True,face,219,118,-101.00,-122.00,
2026-05-09 18:05:40,True,face,219,116,-101.00,-124.00,
2026-05-09 18:05:40,True,face,220,117,-100.00,-123.00,
2026-05-09 18:05:40,True,face,221,118,-99.00,-122.00,
2026-05-09 18:05:40,True,face,223,135,-97.00,-105.00,
2026-05-09 18:05:41,True,face,224,144,-96.00,-96.00,
2026-05-09 18:05:41,True,face,228,144,-92.00,-96.00,
2026-05-09 18:05:41,True,face,228,142,-92.00,-98.00,EXIT
2026-05-09 18:05:53,True,face,243,119,-77.00,-121.00,
2026-05-09 18:05:53,True,face,245,117,-75.00,-123.00,
2026-05-09 18:05:54,True,face,247,117,-73.00,-123.00,
2026-05-09 18:05:54,True,face,248,117,-72.00,-123.00,
2026-05-09 18:05:54,True,face,248,116,-72.00,-124.00,
2026-05-09 18:05:54,True,face,234,118,-86.00,-122.00,
2026-05-09 18:05:54,True,face,187,126,-133.00,-114.00,
2026-05-09 18:05:54,True,face,171,128,-149.00,-112.00,
2026-05-09 18:05:54,True,face,163,134,-157.00,-106.00,
2026-05-09 18:05:54,True,face,159,134,-161.00,-106.00,
2026-05-09 18:05:55,True,face,156,135,-164.00,-105.00,
2026-05-09 18:05:55,True,face,157,135,-163.00,-105.00,
2026-05-09 18:05:55,True,face,181,133,-139.00,-107.00,
2026-05-09 18:05:55,True,face,188,132,-132.00,-108.00,
2026-05-09 18:05:55,True,face,240,131,-80.00,-109.00,
2026-05-09 18:05:55,True,face,323,131,0.00,-109.00,
2026-05-09 18:05:55,True,face,386,140,66.00,-100.00,
2026-05-09 18:05:55,True,face,419,148,99.00,-92.00,
2026-05-09 18:05:56,True,face,443,152,123.00,-88.00,
2026-05-09 18:05:56,True,face,456,159,136.00,-81.00,
2026-05-09 18:05:56,True,face,465,161,145.00,-79.00,
2026-05-09 18:05:56,True,face,467,162,147.00,-78.00,
2026-05-09 18:05:56,True,face,465,161,145.00,-79.00,
2026-05-09 18:05:56,True,face,463,160,143.00,-80.00,
2026-05-09 18:05:56,True,face,454,160,134.00,-80.00,
2026-05-09 18:05:56,True,face,451,160,131.00,-80.00,
2026-05-09 18:05:57,True,face,450,158,130.00,-82.00,
2026-05-09 18:05:57,True,face,452,157,132.00,-83.00,
2026-05-09 18:05:57,True,face,453,156,133.00,-84.00,
2026-05-09 18:05:57,True,face,455,154,135.00,-86.00,
2026-05-09 18:05:57,True,face,452,154,132.00,-86.00,
2026-05-09 18:05:57,True,face,423,154,103.00,-86.00,
2026-05-09 18:05:57,True,face,382,163,62.00,-77.00,
2026-05-09 18:05:57,True,face,324,194,0.00,-46.00,
2026-05-09 18:05:58,True,face,311,205,0.00,0.00,
2026-05-09 18:05:58,True,face,273,243,-47.00,0.00,
2026-05-09 18:05:58,True,face,272,243,-48.00,0.00,
2026-05-09 18:05:58,True,face,270,238,-50.00,0.00,
2026-05-09 18:05:58,True,face,271,235,-49.00,0.00,
2026-05-09 18:05:58,True,face,273,232,-47.00,0.00,
2026-05-09 18:05:58,True,face,272,227,-48.00,0.00,
2026-05-09 18:05:58,True,face,272,223,-48.00,0.00,
2026-05-09 18:05:59,True,face,272,222,-48.00,0.00,
2026-05-09 18:05:59,True,face,273,231,-47.00,0.00,
2026-05-09 18:05:59,True,face,271,279,-49.00,39.00,
2026-05-09 18:05:59,True,face,262,306,-58.00,66.00,
2026-05-09 18:05:59,True,face,259,309,-61.00,69.00,
2026-05-09 18:05:59,True,face,261,307,-59.00,67.00,
2026-05-09 18:05:59,True,face,262,309,-58.00,69.00,
2026-05-09 18:05:59,True,face,266,307,-54.00,67.00,
2026-05-09 18:06:00,True,face,267,313,-53.00,73.00,
2026-05-09 18:06:00,True,face,268,312,-52.00,72.00,
2026-05-09 18:06:00,True,face,273,313,-47.00,73.00,
2026-05-09 18:06:00,True,face,277,318,0.00,78.00,
2026-05-09 18:06:00,True,face,283,318,0.00,78.00,
2026-05-09 18:06:00,True,face,284,318,0.00,78.00,
2026-05-09 18:06:00,True,face,285,318,0.00,78.00,
2026-05-09 18:06:00,True,face,285,317,0.00,77.00,
2026-05-09 18:06:01,True,face,285,317,0.00,77.00,
2026-05-09 18:06:01,True,face,284,316,0.00,76.00,
2026-05-09 18:06:01,True,face,284,316,0.00,76.00,
2026-05-09 18:06:01,True,face,284,317,0.00,77.00,
2026-05-09 18:06:01,True,face,281,319,0.00,79.00,
2026-05-09 18:06:01,True,face,241,325,-79.00,85.00,
2026-05-09 18:06:01,True,face,197,338,-123.00,98.00,
2026-05-09 18:06:02,True,face,169,344,-151.00,104.00,
2026-05-09 18:06:02,False,face,,,0.00,0.00,
2026-05-09 18:06:02,True,face,161,347,-159.00,107.00,
2026-05-09 18:06:02,False,face,,,0.00,0.00,
2026-05-09 18:06:02,True,face,148,340,-172.00,100.00,
2026-05-09 18:06:02,True,face,134,340,-186.00,100.00,
2026-05-09 18:06:02,False,face,,,0.00,0.00,
2026-05-09 18:06:02,True,face,129,338,-191.00,98.00,
2026-05-09 18:06:02,True,face,124,335,-196.00,95.00,
2026-05-09 18:06:02,True,face,125,335,-195.00,95.00,
2026-05-09 18:06:02,True,face,136,327,-184.00,87.00,
2026-05-09 18:06:03,True,face,196,306,-124.00,66.00,
2026-05-09 18:06:03,False,face,,,0.00,0.00,
2026-05-09 18:06:03,True,face,373,289,53.00,49.00,
2026-05-09 18:06:03,True,face,451,294,131.00,54.00,
2026-05-09 18:06:03,True,face,483,296,163.00,56.00,
2026-05-09 18:06:03,True,face,488,296,168.00,56.00,
2026-05-09 18:06:03,True,face,496,298,176.00,58.00,
2026-05-09 18:06:03,True,face,497,297,177.00,57.00,
2026-05-09 18:06:04,True,face,500,291,180.00,51.00,
2026-05-09 18:06:04,True,face,498,288,178.00,48.00,
2026-05-09 18:06:04,True,face,498,286,178.00,46.00,
2026-05-09 18:06:04,True,face,498,285,178.00,45.00,
2026-05-09 18:06:04,True,face,503,281,183.00,41.00,
2026-05-09 18:06:04,True,face,506,280,186.00,40.00,
2026-05-09 18:06:04,True,face,505,278,185.00,38.00,
2026-05-09 18:06:04,True,face,506,273,186.00,0.00,
2026-05-09 18:06:05,True,face,506,268,186.00,0.00,
2026-05-09 18:06:05,True,face,506,257,186.00,0.00,
2026-05-09 18:06:05,True,face,496,227,176.00,0.00,
2026-05-09 18:06:05,True,face,463,187,143.00,-53.00,
2026-05-09 18:06:05,True,face,413,141,93.00,-99.00,
2026-05-09 18:06:05,True,face,401,130,81.00,-110.00,
2026-05-09 18:06:05,True,face,353,107,0.00,-133.00,
2026-05-09 18:06:05,True,face,310,106,0.00,-134.00,
2026-05-09 18:06:06,True,face,307,105,0.00,-135.00,
2026-05-09 18:06:06,True,face,289,108,0.00,-132.00,
2026-05-09 18:06:06,True,face,275,106,0.00,-134.00,
2026-05-09 18:06:06,True,face,265,97,-55.00,-143.00,
2026-05-09 18:06:06,True,face,257,92,-63.00,-148.00,
2026-05-09 18:06:06,True,face,254,84,-66.00,-156.00,
2026-05-09 18:06:06,True,face,255,82,-65.00,-158.00,
2026-05-09 18:06:06,True,face,250,81,-70.00,-159.00,
2026-05-09 18:06:07,True,face,248,79,-72.00,-161.00,
2026-05-09 18:06:07,True,face,248,80,-72.00,-160.00,
2026-05-09 18:06:07,True,face,248,81,-72.00,-159.00,
2026-05-09 18:06:07,True,face,251,96,-69.00,-144.00,
2026-05-09 18:06:07,True,face,252,114,-68.00,-126.00,
2026-05-09 18:06:07,True,face,255,121,-65.00,-119.00,
2026-05-09 18:06:07,True,face,261,166,-59.00,-74.00,
2026-05-09 18:06:07,True,face,262,182,-58.00,-58.00,
2026-05-09 18:06:08,True,face,262,188,-58.00,-52.00,
2026-05-09 18:06:08,True,face,253,213,-67.00,0.00,
2026-05-09 18:06:08,True,face,250,217,-70.00,0.00,
2026-05-09 18:06:08,True,face,246,228,-74.00,0.00,
2026-05-09 18:06:08,True,face,247,239,-73.00,0.00,
2026-05-09 18:06:08,True,face,247,257,-73.00,0.00,
2026-05-09 18:06:08,True,face,247,289,-73.00,49.00,
2026-05-09 18:06:08,True,face,244,309,-76.00,69.00,
2026-05-09 18:06:09,True,face,244,311,-76.00,71.00,
2026-05-09 18:06:09,True,face,241,308,-79.00,68.00,
2026-05-09 18:06:09,True,face,239,305,-81.00,65.00,
2026-05-09 18:06:09,True,face,227,299,-93.00,59.00,
2026-05-09 18:06:09,True,face,171,296,-149.00,56.00,
2026-05-09 18:06:09,True,face,131,280,-189.00,40.00,
2026-05-09 18:06:09,True,face,120,273,-200.00,0.00,
2026-05-09 18:06:09,True,face,115,275,-205.00,0.00,
2026-05-09 18:06:10,True,face,106,252,-214.00,0.00,
2026-05-09 18:06:10,True,face,99,237,-221.00,0.00,
2026-05-09 18:06:10,True,face,100,229,-220.00,0.00,
2026-05-09 18:06:10,True,face,110,218,-210.00,0.00,
2026-05-09 18:06:10,True,face,119,204,-201.00,-36.00,
2026-05-09 18:06:10,True,face,138,193,-182.00,-47.00,
2026-05-09 18:06:10,True,face,175,182,-145.00,-58.00,
2026-05-09 18:06:10,True,face,309,171,0.00,-69.00,
2026-05-09 18:06:11,True,face,385,172,65.00,-68.00,
2026-05-09 18:06:11,True,face,441,174,121.00,-66.00,
2026-05-09 18:06:11,True,face,449,182,129.00,-58.00,
2026-05-09 18:06:11,True,face,450,183,130.00,-57.00,
2026-05-09 18:06:11,True,face,449,184,129.00,-56.00,
2026-05-09 18:06:11,True,face,446,183,126.00,-57.00,
2026-05-09 18:06:11,True,face,445,183,125.00,-57.00,
2026-05-09 18:06:11,True,face,446,183,126.00,-57.00,
2026-05-09 18:06:12,True,face,447,181,127.00,-59.00,
2026-05-09 18:06:12,True,face,446,179,126.00,-61.00,
2026-05-09 18:06:12,True,face,446,179,126.00,-61.00,
2026-05-09 18:06:12,True,face,448,180,128.00,-60.00,
2026-05-09 18:06:12,True,face,456,181,136.00,-59.00,
2026-05-09 18:06:12,True,face,459,182,139.00,-58.00,
2026-05-09 18:06:12,True,face,462,184,142.00,-56.00,
2026-05-09 18:06:12,True,face,482,198,162.00,-42.00,
2026-05-09 18:06:13,True,face,521,212,201.00,0.00,
2026-05-09 18:06:13,True,face,525,219,205.00,0.00,
2026-05-09 18:06:13,True,face,521,222,201.00,0.00,
2026-05-09 18:06:13,True,face,524,221,204.00,0.00,
2026-05-09 18:06:13,True,face,521,220,201.00,0.00,
2026-05-09 18:06:13,True,face,511,217,191.00,0.00,
2026-05-09 18:06:13,True,face,501,213,181.00,0.00,
2026-05-09 18:06:13,True,face,498,207,178.00,0.00,
2026-05-09 18:06:14,True,face,495,205,175.00,0.00,
2026-05-09 18:06:14,True,face,493,205,173.00,0.00,
2026-05-09 18:06:14,True,face,491,201,171.00,-39.00,
2026-05-09 18:06:14,True,face,487,197,167.00,-43.00,
2026-05-09 18:06:14,True,face,468,187,148.00,-53.00,
2026-05-09 18:06:14,True,face,443,171,123.00,-69.00,
2026-05-09 18:06:14,True,face,393,154,73.00,-86.00,
2026-05-09 18:06:14,True,face,350,147,0.00,-93.00,
2026-05-09 18:06:15,True,face,315,142,0.00,-98.00,
2026-05-09 18:06:15,True,face,293,138,0.00,-102.00,
2026-05-09 18:06:15,True,face,288,136,0.00,-104.00,
2026-05-09 18:06:15,True,face,284,138,0.00,-102.00,
2026-05-09 18:06:15,True,face,281,140,0.00,-100.00,
2026-05-09 18:06:15,True,face,281,140,0.00,-100.00,
2026-05-09 18:06:15,True,face,280,140,0.00,-100.00,
2026-05-09 18:06:15,True,face,277,139,0.00,-101.00,
2026-05-09 18:06:16,True,face,275,138,0.00,-102.00,
2026-05-09 18:06:16,True,face,274,136,-46.00,-104.00,
2026-05-09 18:06:16,True,face,274,132,-46.00,-108.00,
2026-05-09 18:06:16,True,face,276,130,0.00,-110.00,
2026-05-09 18:06:16,True,face,281,128,0.00,-112.00,
2026-05-09 18:06:16,True,face,285,125,0.00,-115.00,
2026-05-09 18:06:16,True,face,288,125,0.00,-115.00,
2026-05-09 18:06:17,True,face,290,125,0.00,-115.00,
2026-05-09 18:06:17,True,face,289,124,0.00,-116.00,
2026-05-09 18:06:17,True,face,287,125,0.00,-115.00,
2026-05-09 18:06:17,True,face,284,129,0.00,-111.00,
2026-05-09 18:06:17,True,face,280,130,0.00,-110.00,
2026-05-09 18:06:17,True,face,277,133,0.00,-107.00,
2026-05-09 18:06:17,True,face,273,134,-47.00,-106.00,
2026-05-09 18:06:17,True,face,269,135,-51.00,-105.00,
2026-05-09 18:06:18,True,face,269,134,-51.00,-106.00,
2026-05-09 18:06:18,True,face,269,131,-51.00,-109.00,
2026-05-09 18:06:18,True,face,268,131,-52.00,-109.00,
2026-05-09 18:06:18,True,face,268,131,-52.00,-109.00,
2026-05-09 18:06:18,True,face,268,130,-52.00,-110.00,
2026-05-09 18:06:18,True,face,269,130,-51.00,-110.00,
2026-05-09 18:06:18,True,face,271,133,-49.00,-107.00,
2026-05-09 18:06:18,True,face,272,137,-48.00,-103.00,
2026-05-09 18:06:19,True,face,272,138,-48.00,-102.00,
2026-05-09 18:06:19,True,face,272,135,-48.00,-105.00,
2026-05-09 18:06:19,True,face,276,128,0.00,-112.00,
2026-05-09 18:06:19,True,face,278,122,0.00,-118.00,
2026-05-09 18:06:19,True,face,280,118,0.00,-122.00,
2026-05-09 18:06:19,True,face,282,117,0.00,-123.00,
2026-05-09 18:06:19,True,face,287,114,0.00,-126.00,
2026-05-09 18:06:19,True,face,292,111,0.00,-129.00,
2026-05-09 18:06:20,True,face,295,109,0.00,-131.00,
2026-05-09 18:06:20,True,face,297,108,0.00,-132.00,
2026-05-09 18:06:20,True,face,301,108,0.00,-132.00,
2026-05-09 18:06:20,True,face,304,108,0.00,-132.00,
2026-05-09 18:06:20,True,face,305,108,0.00,-132.00,
2026-05-09 18:06:20,True,face,307,106,0.00,-134.00,
2026-05-09 18:06:20,True,face,306,105,0.00,-135.00,
2026-05-09 18:06:20,True,face,294,105,0.00,-135.00,
2026-05-09 18:06:21,True,face,291,105,0.00,-135.00,
2026-05-09 18:06:21,True,face,273,110,-47.00,-130.00,
2026-05-09 18:06:21,True,face,268,112,-52.00,-128.00,
2026-05-09 18:06:21,True,face,257,110,-63.00,-130.00,
2026-05-09 18:06:21,True,face,255,107,-65.00,-133.00,
2026-05-09 18:06:21,True,face,255,108,-65.00,-132.00,
2026-05-09 18:06:21,True,face,254,107,-66.00,-133.00,
2026-05-09 18:06:21,True,face,254,102,-66.00,-138.00,
2026-05-09 18:06:22,True,face,255,102,-65.00,-138.00,
2026-05-09 18:06:22,True,face,259,100,-61.00,-140.00,
2026-05-09 18:06:22,True,face,262,100,-58.00,-140.00,
2026-05-09 18:06:22,True,face,266,100,-54.00,-140.00,
2026-05-09 18:06:22,True,face,268,100,-52.00,-140.00,
2026-05-09 18:06:22,True,face,268,101,-52.00,-139.00,
2026-05-09 18:06:22,True,face,255,101,-65.00,-139.00,
2026-05-09 18:06:22,True,face,240,106,-80.00,-134.00,
2026-05-09 18:06:23,True,face,234,114,-86.00,-126.00,
2026-05-09 18:06:23,True,face,237,117,-83.00,-123.00,
2026-05-09 18:06:23,True,face,243,118,-77.00,-122.00,
2026-05-09 18:06:23,True,face,244,117,-76.00,-123.00,
2026-05-09 18:06:23,True,face,241,117,-79.00,-123.00,
2026-05-09 18:06:23,True,face,225,117,-95.00,-123.00,
2026-05-09 18:06:23,True,face,200,120,-120.00,-120.00,
2026-05-09 18:06:23,True,face,179,125,-141.00,-115.00,
2026-05-09 18:06:24,True,face,161,132,-159.00,-108.00,
2026-05-09 18:06:24,True,face,156,137,-164.00,-103.00,
2026-05-09 18:06:24,True,face,155,138,-165.00,-102.00,
2026-05-09 18:06:24,True,face,157,129,-163.00,-111.00,
2026-05-09 18:06:24,True,face,157,127,-163.00,-113.00,
2026-05-09 18:06:24,True,face,158,128,-162.00,-112.00,
2026-05-09 18:06:24,True,face,157,130,-163.00,-110.00,
2026-05-09 18:06:24,True,face,150,137,-170.00,-103.00,
2026-05-09 18:06:25,True,face,151,139,-169.00,-101.00,
2026-05-09 18:06:25,True,face,155,140,-165.00,-100.00,
2026-05-09 18:06:25,True,face,161,141,-159.00,-99.00,
2026-05-09 18:06:25,True,face,165,141,-155.00,-99.00,
2026-05-09 18:06:25,True,face,172,140,-148.00,-100.00,
2026-05-09 18:06:25,True,face,180,140,-140.00,-100.00,LEFT_CLICK
2026-05-09 18:06:25,True,face,194,135,-126.00,-105.00,
2026-05-09 18:06:26,True,face,198,133,-122.00,-107.00,
2026-05-09 18:06:26,True,face,202,131,-118.00,-109.00,
2026-05-09 18:06:26,True,face,202,129,-118.00,-111.00,
2026-05-09 18:06:26,True,face,202,129,-118.00,-111.00,
2026-05-09 18:06:26,True,face,202,127,-118.00,-113.00,
2026-05-09 18:06:26,True,face,202,127,-118.00,-113.00,
2026-05-09 18:06:26,True,face,203,126,-117.00,-114.00,
2026-05-09 18:07:25,True,face,257,122,-63.00,-118.00,
2026-05-09 18:07:25,True,face,258,121,-62.00,-119.00,
2026-05-09 18:07:25,True,face,259,121,-61.00,-119.00,
2026-05-09 18:07:26,True,face,259,121,-61.00,-119.00,
2026-05-09 18:07:26,True,face,259,120,-61.00,-120.00,
2026-05-09 18:07:26,True,face,258,120,-62.00,-120.00,
2026-05-09 18:07:26,True,face,258,120,-62.00,-120.00,
2026-05-09 18:07:26,True,face,258,120,-62.00,-120.00,
2026-05-09 18:07:26,True,face,258,121,-62.00,-119.00,
2026-05-09 18:07:26,True,face,257,120,-63.00,-120.00,
2026-05-09 18:07:26,True,face,257,120,-63.00,-120.00,
2026-05-09 18:07:26,True,face,257,120,-63.00,-120.00,
2026-05-09 18:07:26,True,face,256,120,-64.00,-120.00,
2026-05-09 18:07:26,True,face,255,120,-65.00,-120.00,
2026-05-09 18:07:26,True,face,255,120,-65.00,-120.00,
2026-05-09 18:07:26,True,face,255,119,-65.00,-121.00,
2026-05-09 18:07:26,True,face,255,119,-65.00,-121.00,
2026-05-09 18:07:26,True,face,257,120,-63.00,-120.00,
2026-05-09 18:07:26,True,face,260,121,-60.00,-119.00,
2026-05-09 18:07:26,True,face,264,121,-56.00,-119.00,
2026-05-09 18:07:26,True,face,270,123,-50.00,-117.00,
2026-05-09 18:07:26,True,face,274,126,-46.00,-114.00,
2026-05-09 18:07:26,True,face,280,131,0.00,-109.00,
2026-05-09 18:07:26,True,face,285,135,0.00,-105.00,
2026-05-09 18:07:26,True,face,291,141,0.00,-99.00,
2026-05-09 18:07:26,True,face,297,145,0.00,-95.00,
2026-05-09 18:07:26,True,face,302,149,0.00,-91.00,
2026-05-09 18:07:26,True,face,307,153,0.00,-87.00,
2026-05-09 18:07:26,True,face,311,157,0.00,-83.00,
2026-05-09 18:07:26,True,face,312,157,0.00,-83.00,
2026-05-09 18:07:26,True,face,317,160,0.00,-80.00,
2026-05-09 18:07:26,True,face,331,166,0.00,-74.00,
2026-05-09 18:07:27,True,face,341,168,0.00,-72.00,
2026-05-09 18:07:27,True,face,351,171,0.00,-69.00,
2026-05-09 18:07:27,True,face,361,172,0.00,-68.00,
2026-05-09 18:07:27,True,face,370,172,50.00,-68.00,
2026-05-09 18:07:27,True,face,378,173,58.00,-67.00,
2026-05-09 18:07:27,True,face,384,174,64.00,-66.00,
2026-05-09 18:07:27,True,face,388,174,68.00,-66.00,
2026-05-09 18:07:27,True,face,388,175,68.00,-65.00,
2026-05-09 18:07:27,True,face,393,176,73.00,-64.00,
2026-05-09 18:07:27,True,face,396,177,76.00,-63.00,
2026-05-09 18:07:27,True,face,397,177,77.00,-63.00,
2026-05-09 18:07:27,True,face,401,179,81.00,-61.00,
2026-05-09 18:07:27,True,face,404,179,84.00,-61.00,
2026-05-09 18:07:27,True,face,404,179,84.00,-61.00,
2026-05-09 18:07:27,True,face,404,179,84.00,-61.00,
2026-05-09 18:07:27,True,face,405,178,85.00,-62.00,
2026-05-09 18:07:27,True,face,405,178,85.00,-62.00,
2026-05-09 18:07:27,True,face,404,178,84.00,-62.00,
2026-05-09 18:07:27,True,face,402,178,82.00,-62.00,
2026-05-09 18:07:27,True,face,401,178,81.00,-62.00,
2026-05-09 18:07:27,True,face,401,177,81.00,-63.00,
2026-05-09 18:07:27,True,face,400,177,80.00,-63.00,
2026-05-09 18:07:27,True,face,397,177,77.00,-63.00,
2026-05-09 18:07:27,True,face,391,175,71.00,-65.00,
2026-05-09 18:07:27,True,face,388,175,68.00,-65.00,
2026-05-09 18:07:27,True,face,383,174,63.00,-66.00,
2026-05-09 18:07:27,True,face,382,174,62.00,-66.00,
2026-05-09 18:07:27,True,face,377,174,57.00,-66.00,
2026-05-09 18:07:27,True,face,368,173,48.00,-67.00,
2026-05-09 18:07:27,True,face,356,171,0.00,-69.00,
2026-05-09 18:07:28,True,face,337,170,0.00,-70.00,
2026-05-09 18:07:28,True,face,317,168,0.00,-72.00,
2026-05-09 18:07:28,True,face,300,168,0.00,-72.00,
2026-05-09 18:07:28,True,face,282,167,0.00,-73.00,
2026-05-09 18:07:28,True,face,263,166,-57.00,-74.00,
2026-05-09 18:07:28,True,face,247,164,-73.00,-76.00,
2026-05-09 18:07:28,True,face,233,164,-87.00,-76.00,
2026-05-09 18:07:28,True,face,222,163,-98.00,-77.00,
2026-05-09 18:07:28,True,face,215,163,-105.00,-77.00,
2026-05-09 18:07:28,True,face,209,162,-111.00,-78.00,
2026-05-09 18:07:28,True,face,203,161,-117.00,-79.00,
2026-05-09 18:07:28,True,face,197,161,-123.00,-79.00,
2026-05-09 18:07:28,True,face,192,160,-128.00,-80.00,
2026-05-09 18:07:28,True,face,187,159,-133.00,-81.00,
2026-05-09 18:07:28,True,face,182,158,-138.00,-82.00,
2026-05-09 18:07:28,True,face,179,157,-141.00,-83.00,
2026-05-09 18:07:28,True,face,177,156,-143.00,-84.00,
2026-05-09 18:07:28,True,face,174,156,-146.00,-84.00,
2026-05-09 18:07:28,True,face,173,156,-147.00,-84.00,
2026-05-09 18:07:28,True,face,174,155,-146.00,-85.00,
2026-05-09 18:07:28,True,face,176,154,-144.00,-86.00,
2026-05-09 18:07:28,True,face,176,155,-144.00,-85.00,
2026-05-09 18:07:28,True,face,177,154,-143.00,-86.00,
2026-05-09 18:07:28,True,face,179,153,-141.00,-87.00,
2026-05-09 18:07:28,True,face,179,152,-141.00,-88.00,
2026-05-09 18:07:28,True,face,182,151,-138.00,-89.00,
2026-05-09 18:07:28,True,face,184,150,-136.00,-90.00,
2026-05-09 18:07:28,True,face,188,150,-132.00,-90.00,
2026-05-09 18:07:28,True,face,192,149,-128.00,-91.00,
2026-05-09 18:07:28,True,face,196,148,-124.00,-92.00,
2026-05-09 18:07:28,True,face,201,146,-119.00,-94.00,
2026-05-09 18:07:29,True,face,210,144,-110.00,-96.00,
2026-05-09 18:07:29,True,face,222,142,-98.00,-98.00,
2026-05-09 18:07:29,True,face,239,142,-81.00,-98.00,
2026-05-09 18:07:29,True,face,258,142,-62.00,-98.00,
2026-05-09 18:07:29,True,face,276,141,0.00,-99.00,
2026-05-09 18:07:29,True,face,295,141,0.00,-99.00,
2026-05-09 18:07:29,True,face,311,142,0.00,-98.00,
2026-05-09 18:07:29,True,face,325,142,0.00,-98.00,
2026-05-09 18:07:29,True,face,338,142,0.00,-98.00,
2026-05-09 18:07:29,True,face,346,142,0.00,-98.00,
2026-05-09 18:07:29,True,face,351,142,0.00,-98.00,
2026-05-09 18:07:29,True,face,355,143,0.00,-97.00,
2026-05-09 18:07:29,True,face,355,143,0.00,-97.00,
2026-05-09 18:07:29,True,face,354,144,0.00,-96.00,
2026-05-09 18:07:29,True,face,354,144,0.00,-96.00,
2026-05-09 18:07:29,True,face,353,145,0.00,-95.00,
2026-05-09 18:07:29,True,face,352,145,0.00,-95.00,
2026-05-09 18:07:29,True,face,350,145,0.00,-95.00,
2026-05-09 18:07:29,True,face,349,145,0.00,-95.00,
2026-05-09 18:07:29,True,face,348,145,0.00,-95.00,
2026-05-09 18:07:29,True,face,347,145,0.00,-95.00,
2026-05-09 18:07:29,True,face,346,145,0.00,-95.00,
2026-05-09 18:07:29,True,face,344,145,0.00,-95.00,
2026-05-09 18:07:29,True,face,339,145,0.00,-95.00,
2026-05-09 18:07:29,True,face,332,145,0.00,-95.00,
2026-05-09 18:07:29,True,face,324,143,0.00,-97.00,
2026-05-09 18:07:29,True,face,314,142,0.00,-98.00,
2026-05-09 18:07:29,True,face,305,142,0.00,-98.00,
2026-05-09 18:07:29,True,face,294,141,0.00,-99.00,
2026-05-09 18:07:30,True,face,286,139,0.00,-101.00,
2026-05-09 18:07:30,True,face,278,139,0.00,-101.00,
2026-05-09 18:07:30,True,face,270,138,-50.00,-102.00,
2026-05-09 18:07:30,True,face,264,137,-56.00,-103.00,
2026-05-09 18:07:30,True,face,264,136,-56.00,-104.00,
2026-05-09 18:07:30,True,face,257,135,-63.00,-105.00,
2026-05-09 18:07:30,True,face,254,134,-66.00,-106.00,
2026-05-09 18:07:30,True,face,251,134,-69.00,-106.00,
2026-05-09 18:07:30,True,face,249,133,-71.00,-107.00,
2026-05-09 18:07:30,True,face,247,133,-73.00,-107.00,
2026-05-09 18:07:30,True,face,246,133,-74.00,-107.00,
2026-05-09 18:07:30,True,face,245,133,-75.00,-107.00,
2026-05-09 18:07:30,True,face,244,132,-76.00,-108.00,
2026-05-09 18:07:30,True,face,244,132,-76.00,-108.00,
2026-05-09 18:07:30,True,face,244,131,-76.00,-109.00,
2026-05-09 18:07:30,True,face,244,131,-76.00,-109.00,
2026-05-09 18:07:30,True,face,244,131,-76.00,-109.00,
2026-05-09 18:07:30,True,face,243,131,-77.00,-109.00,
2026-05-09 18:07:30,True,face,241,131,-79.00,-109.00,
2026-05-09 18:07:30,True,face,239,132,-81.00,-108.00,
2026-05-09 18:07:30,True,face,237,133,-83.00,-107.00,
2026-05-09 18:07:30,True,face,232,134,-88.00,-106.00,
2026-05-09 18:07:30,True,face,227,136,-93.00,-104.00,
2026-05-09 18:07:30,True,face,227,137,-93.00,-103.00,
2026-05-09 18:07:30,True,face,219,138,-101.00,-102.00,
2026-05-09 18:07:30,True,face,206,138,-114.00,-102.00,
2026-05-09 18:07:30,True,face,194,139,-126.00,-101.00,
2026-05-09 18:07:30,True,face,183,142,-137.00,-98.00,
2026-05-09 18:07:30,True,face,172,144,-148.00,-96.00,
2026-05-09 18:07:31,True,face,152,147,-168.00,-93.00,
2026-05-09 18:07:31,True,face,146,148,-174.00,-92.00,
2026-05-09 18:07:31,True,face,142,148,-178.00,-92.00,
2026-05-09 18:07:31,True,face,139,148,-181.00,-92.00,
2026-05-09 18:07:31,True,face,139,149,-181.00,-91.00,
2026-05-09 18:07:31,True,face,140,150,-180.00,-90.00,
2026-05-09 18:07:31,True,face,141,151,-179.00,-89.00,
2026-05-09 18:07:31,True,face,144,152,-176.00,-88.00,
2026-05-09 18:07:31,True,face,147,153,-173.00,-87.00,
2026-05-09 18:07:31,True,face,152,152,-168.00,-88.00,
2026-05-09 18:07:31,True,face,164,152,-156.00,-88.00,
2026-05-09 18:07:31,True,face,175,152,-145.00,-88.00,
2026-05-09 18:07:31,True,face,202,151,-118.00,-89.00,
2026-05-09 18:07:31,True,face,203,151,-117.00,-89.00,
2026-05-09 18:07:31,True,face,219,150,-101.00,-90.00,
2026-05-09 18:07:31,True,face,235,149,-85.00,-91.00,
2026-05-09 18:07:31,True,face,252,148,-68.00,-92.00,
2026-05-09 18:07:31,True,face,265,147,-55.00,-93.00,
2026-05-09 18:07:31,True,face,276,146,0.00,-94.00,
2026-05-09 18:07:31,True,face,282,145,0.00,-95.00,
2026-05-09 18:07:31,True,face,285,145,0.00,-95.00,
2026-05-09 18:07:31,True,face,287,144,0.00,-96.00,
2026-05-09 18:07:31,True,face,288,144,0.00,-96.00,
2026-05-09 18:07:31,True,face,286,144,0.00,-96.00,
2026-05-09 18:07:31,True,face,284,145,0.00,-95.00,
2026-05-09 18:07:31,True,face,281,144,0.00,-96.00,
2026-05-09 18:07:31,True,face,277,143,0.00,-97.00,
2026-05-09 18:07:31,True,face,274,142,-46.00,-98.00,
2026-05-09 18:07:31,True,face,270,142,-50.00,-98.00,
2026-05-09 18:07:31,True,face,263,141,-57.00,-99.00,
2026-05-09 18:07:31,True,face,256,141,-64.00,-99.00,
2026-05-09 18:07:32,True,face,253,140,-67.00,-100.00,
2026-05-09 18:07:32,True,face,251,138,-69.00,-102.00,
2026-05-09 18:07:32,True,face,248,138,-72.00,-102.00,
2026-05-09 18:07:32,True,face,245,137,-75.00,-103.00,
2026-05-09 18:07:32,True,face,242,136,-78.00,-104.00,
2026-05-09 18:07:32,True,face,236,136,-84.00,-104.00,
2026-05-09 18:07:32,True,face,230,135,-90.00,-105.00,
2026-05-09 18:07:32,True,face,224,134,-96.00,-106.00,
2026-05-09 18:07:32,True,face,214,134,-106.00,-106.00,
2026-05-09 18:07:32,True,face,205,133,-115.00,-107.00,
2026-05-09 18:07:32,True,face,194,134,-126.00,-106.00,
2026-05-09 18:07:32,True,face,183,134,-137.00,-106.00,
2026-05-09 18:07:32,True,face,176,134,-144.00,-106.00,
2026-05-09 18:07:32,True,face,172,134,-148.00,-106.00,
2026-05-09 18:07:32,True,face,170,135,-150.00,-105.00,
2026-05-09 18:07:32,True,face,168,135,-152.00,-105.00,
2026-05-09 18:07:32,True,face,168,135,-152.00,-105.00,
2026-05-09 18:07:32,True,face,171,136,-149.00,-104.00,
2026-05-09 18:07:32,True,face,173,136,-147.00,-104.00,
2026-05-09 18:07:32,True,face,176,135,-144.00,-105.00,
2026-05-09 18:07:32,True,face,182,134,-138.00,-106.00,
2026-05-09 18:07:32,True,face,194,133,-126.00,-107.00,
2026-05-09 18:07:32,True,face,212,132,-108.00,-108.00,
2026-05-09 18:07:32,True,face,225,132,-95.00,-108.00,
2026-05-09 18:07:32,True,face,239,131,-81.00,-109.00,
2026-05-09 18:07:32,True,face,251,131,-69.00,-109.00,
2026-05-09 18:07:32,True,face,261,130,-59.00,-110.00,
2026-05-09 18:07:32,True,face,267,130,-53.00,-110.00,
2026-05-09 18:07:32,True,face,272,130,-48.00,-110.00,
2026-05-09 18:07:32,True,face,273,130,-47.00,-110.00,
2026-05-09 18:07:33,True,face,274,130,-46.00,-110.00,
2026-05-09 18:07:33,True,face,272,130,-48.00,-110.00,
2026-05-09 18:07:33,True,face,271,130,-49.00,-110.00,
2026-05-09 18:07:33,True,face,269,131,-51.00,-109.00,
2026-05-09 18:07:33,True,face,267,131,-53.00,-109.00,
2026-05-09 18:07:33,True,face,266,131,-54.00,-109.00,
2026-05-09 18:07:33,True,face,265,131,-55.00,-109.00,
2026-05-09 18:07:33,True,face,265,131,-55.00,-109.00,
2026-05-09 18:07:33,True,face,265,132,-55.00,-108.00,
2026-05-09 18:07:33,True,face,264,131,-56.00,-109.00,
2026-05-09 18:07:33,True,face,265,132,-55.00,-108.00,
2026-05-09 18:07:33,True,face,265,132,-55.00,-108.00,
2026-05-09 18:07:33,True,face,266,131,-54.00,-109.00,
2026-05-09 18:07:33,True,face,267,132,-53.00,-108.00,
2026-05-09 18:07:33,True,face,268,132,-52.00,-108.00,
2026-05-09 18:07:33,True,face,270,131,-50.00,-109.00,
2026-05-09 18:07:33,True,face,272,131,-48.00,-109.00,
2026-05-09 18:07:33,True,face,273,131,-47.00,-109.00,
2026-05-09 18:07:33,True,face,276,130,0.00,-110.00,
2026-05-09 18:07:33,True,face,277,130,0.00,-110.00,
2026-05-09 18:07:33,True,face,277,130,0.00,-110.00,
2026-05-09 18:07:33,True,face,278,130,0.00,-110.00,
2026-05-09 18:07:33,True,face,278,130,0.00,-110.00,
2026-05-09 18:07:33,True,face,278,131,0.00,-109.00,
2026-05-09 18:07:33,True,face,278,131,0.00,-109.00,
2026-05-09 18:07:33,True,face,277,131,0.00,-109.00,
2026-05-09 18:07:33,True,face,276,132,0.00,-108.00,
2026-05-09 18:07:33,True,face,276,132,0.00,-108.00,
2026-05-09 18:07:33,True,face,275,132,0.00,-108.00,
2026-05-09 18:07:33,True,face,273,132,-47.00,-108.00,
2026-05-09 18:07:34,True,face,273,132,-47.00,-108.00,
2026-05-09 18:07:34,True,face,272,132,-48.00,-108.00,
2026-05-09 18:07:34,True,face,272,132,-48.00,-108.00,
2026-05-09 18:07:34,True,face,271,132,-49.00,-108.00,
2026-05-09 18:07:34,True,face,271,132,-49.00,-108.00,
2026-05-09 18:07:34,True,face,268,132,-52.00,-108.00,
2026-05-09 18:07:34,True,face,264,132,-56.00,-108.00,
2026-05-09 18:07:34,True,face,260,132,-60.00,-108.00,
2026-05-09 18:07:34,True,face,257,132,-63.00,-108.00,
2026-05-09 18:07:34,True,face,254,131,-66.00,-109.00,
2026-05-09 18:07:34,True,face,254,131,-66.00,-109.00,
2026-05-09 18:07:34,True,face,253,131,-67.00,-109.00,
2026-05-09 18:07:34,True,face,251,130,-69.00,-110.00,
2026-05-09 18:07:34,True,face,251,130,-69.00,-110.00,
2026-05-09 18:07:34,True,face,251,130,-69.00,-110.00,
2026-05-09 18:07:34,True,face,251,130,-69.00,-110.00,
2026-05-09 18:07:34,True,face,251,130,-69.00,-110.00,
2026-05-09 18:07:34,True,face,251,130,-69.00,-110.00,LEFT_CLICK
2026-05-09 18:07:34,True,face,251,130,-69.00,-110.00,
2026-05-09 18:07:34,True,face,251,130,-69.00,-110.00,
2026-05-09 18:07:34,True,face,249,130,-71.00,-110.00,
2026-05-09 18:07:34,True,face,248,129,-72.00,-111.00,
2026-05-09 18:07:34,True,face,246,129,-74.00,-111.00,
2026-05-09 18:07:34,True,face,245,129,-75.00,-111.00,
2026-05-09 18:07:34,True,face,244,129,-76.00,-111.00,
2026-05-09 18:07:34,True,face,243,129,-77.00,-111.00,
2026-05-09 18:07:34,True,face,242,129,-78.00,-111.00,
2026-05-09 18:07:34,True,face,242,129,-78.00,-111.00,
2026-05-09 18:07:34,True,face,242,128,-78.00,-112.00,
2026-05-09 18:07:34,True,face,242,128,-78.00,-112.00,
2026-05-09 18:07:34,True,face,242,128,-78.00,-112.00,
2026-05-09 18:07:35,True,face,242,127,-78.00,-113.00,
2026-05-09 18:07:35,True,face,242,127,-78.00,-113.00,
2026-05-09 18:07:35,True,face,242,126,-78.00,-114.00,
2026-05-09 18:07:35,True,face,242,125,-78.00,-115.00,
2026-05-09 18:07:35,True,face,242,125,-78.00,-115.00,
2026-05-09 18:07:35,True,face,243,125,-77.00,-115.00,
2026-05-09 18:07:35,True,face,244,125,-76.00,-115.00,
2026-05-09 18:07:35,True,face,244,125,-76.00,-115.00,
2026-05-09 18:07:35,True,face,244,124,-76.00,-116.00,
2026-05-09 18:07:35,True,face,245,124,-75.00,-116.00,LEFT_CLICK
2026-05-09 18:07:35,True,face,245,124,-75.00,-116.00,
2026-05-09 18:07:35,True,face,246,124,-74.00,-116.00,
2026-05-09 18:07:35,True,face,246,124,-74.00,-116.00,
2026-05-09 18:07:35,True,face,247,124,-73.00,-116.00,
2026-05-09 18:07:35,True,face,247,124,-73.00,-116.00,
2026-05-09 18:07:35,True,face,248,123,-72.00,-117.00,
2026-05-09 18:07:35,True,face,248,122,-72.00,-118.00,
2026-05-09 18:07:35,True,face,248,122,-72.00,-118.00,
2026-05-09 18:07:35,True,face,248,122,-72.00,-118.00,
2026-05-09 18:07:35,True,face,249,122,-71.00,-118.00,
2026-05-09 18:07:35,True,face,249,122,-71.00,-118.00,
2026-05-09 18:07:35,True,face,249,121,-71.00,-119.00,
2026-05-09 18:07:35,True,face,249,121,-71.00,-119.00,
2026-05-09 18:07:35,True,face,249,121,-71.00,-119.00,
2026-05-09 18:07:35,True,face,249,121,-71.00,-119.00,LEFT_CLICK
2026-05-09 18:07:35,True,face,249,120,-71.00,-120.00,LEFT_CLICK
2026-05-09 18:07:35,True,face,249,120,-71.00,-120.00,LEFT_CLICK
2026-05-09 18:07:35,True,face,249,120,-71.00,-120.00,LEFT_CLICK
2026-05-09 18:07:35,True,face,249,120,-71.00,-120.00,LEFT_CLICK
2026-05-09 18:07:36,True,face,249,120,-71.00,-120.00,LEFT_CLICK
2026-05-09 18:07:36,True,face,249,120,-71.00,-120.00,LEFT_CLICK
2026-05-09 18:07:36,True,face,249,120,-71.00,-120.00,LEFT_CLICK
2026-05-09 18:07:36,True,face,249,119,-71.00,-121.00,LEFT_CLICK
2026-05-09 18:07:36,True,face,249,119,-71.00,-121.00,LEFT_CLICK
2026-05-09 18:07:36,True,face,249,119,-71.00,-121.00,LEFT_CLICK
2026-05-09 18:07:36,True,face,249,119,-71.00,-121.00,LEFT_CLICK
2026-05-09 18:07:36,True,face,249,119,-71.00,-121.00,LEFT_CLICK
2026-05-09 18:07:36,True,face,249,119,-71.00,-121.00,LEFT_CLICK
2026-05-09 18:07:36,True,face,249,118,-71.00,-122.00,LEFT_CLICK
2026-05-09 18:07:36,True,face,248,118,-72.00,-122.00,LEFT_CLICK
2026-05-09 18:07:36,True,face,248,118,-72.00,-122.00,LEFT_CLICK
2026-05-09 18:07:36,True,face,248,118,-72.00,-122.00,LEFT_CLICK
2026-05-09 18:07:36,True,face,248,118,-72.00,-122.00,LEFT_CLICK
2026-05-09 18:07:36,True,face,248,118,-72.00,-122.00,LEFT_CLICK
2026-05-09 18:07:36,True,face,248,118,-72.00,-122.00,LEFT_CLICK
2026-05-09 18:07:36,True,face,248,118,-72.00,-122.00,LEFT_CLICK
2026-05-09 18:07:36,True,face,248,118,-72.00,-122.00,LEFT_CLICK
2026-05-09 18:07:36,True,face,248,118,-72.00,-122.00,LEFT_CLICK
2026-05-09 18:07:36,True,face,248,118,-72.00,-122.00,LEFT_CLICK
2026-05-09 18:07:36,True,face,248,118,-72.00,-122.00,LEFT_CLICK
2026-05-09 18:07:36,True,face,248,118,-72.00,-122.00,LEFT_CLICK
2026-05-09 18:07:36,True,face,248,118,-72.00,-122.00,LEFT_CLICK
2026-05-09 18:07:36,True,face,248,118,-72.00,-122.00,LEFT_CLICK
2026-05-09 18:07:36,True,face,248,118,-72.00,-122.00,LEFT_CLICK
2026-05-09 18:07:36,True,face,248,118,-72.00,-122.00,LEFT_CLICK
2026-05-09 18:07:36,True,face,247,118,-73.00,-122.00,LEFT_CLICK
2026-05-09 18:07:36,True,face,247,117,-73.00,-123.00,LEFT_CLICK
2026-05-09 18:07:36,True,face,247,117,-73.00,-123.00,LEFT_CLICK
2026-05-09 18:07:36,True,face,246,117,-74.00,-123.00,LEFT_CLICK
2026-05-09 18:07:37,True,face,246,118,-74.00,-122.00,LEFT_CLICK
2026-05-09 18:07:37,True,face,245,118,-75.00,-122.00,LEFT_CLICK
2026-05-09 18:07:37,True,face,245,118,-75.00,-122.00,LEFT_CLICK
2026-05-09 18:07:37,True,face,245,117,-75.00,-123.00,LEFT_CLICK
2026-05-09 18:07:37,True,face,245,117,-75.00,-123.00,LEFT_CLICK
2026-05-09 18:07:37,True,face,245,118,-75.00,-122.00,LEFT_CLICK
2026-05-09 18:07:37,True,face,245,118,-75.00,-122.00,LEFT_CLICK
2026-05-09 18:07:37,True,face,245,118,-75.00,-122.00,LEFT_CLICK
2026-05-09 18:07:37,True,face,245,118,-75.00,-122.00,LEFT_CLICK
2026-05-09 18:07:37,True,face,245,118,-75.00,-122.00,LEFT_CLICK
2026-05-09 18:07:37,True,face,245,120,-75.00,-120.00,LEFT_CLICK
2026-05-09 18:07:37,True,face,246,129,-74.00,-111.00,LEFT_CLICK
2026-05-09 18:07:37,True,face,246,135,-74.00,-105.00,LEFT_CLICK
2026-05-09 18:07:37,True,face,247,144,-73.00,-96.00,LEFT_CLICK
2026-05-09 18:07:37,True,face,247,153,-73.00,-87.00,LEFT_CLICK
2026-05-09 18:07:37,True,face,247,165,-73.00,-75.00,LEFT_CLICK
2026-05-09 18:07:37,True,face,247,177,-73.00,-63.00,LEFT_CLICK
2026-05-09 18:07:37,True,face,247,178,-73.00,-62.00,LEFT_CLICK
2026-05-09 18:07:37,True,face,246,187,-74.00,-53.00,LEFT_CLICK
2026-05-09 18:07:37,True,face,245,195,-75.00,-45.00,LEFT_CLICK
2026-05-09 18:07:37,True,face,243,202,-77.00,-38.00,LEFT_CLICK
2026-05-09 18:07:37,True,face,241,207,-79.00,0.00,LEFT_CLICK
2026-05-09 18:07:37,True,face,239,211,-81.00,0.00,LEFT_CLICK
2026-05-09 18:07:37,True,face,234,216,-86.00,0.00,LEFT_CLICK
2026-05-09 18:07:37,True,face,232,219,-88.00,0.00,LEFT_CLICK
2026-05-09 18:07:37,True,face,230,220,-90.00,0.00,LEFT_CLICK
2026-05-09 18:07:37,True,face,230,220,-90.00,0.00,LEFT_CLICK
2026-05-09 18:07:37,True,face,228,220,-92.00,0.00,LEFT_CLICK
2026-05-09 18:07:37,True,face,227,221,-93.00,0.00,LEFT_CLICK
2026-05-09 18:07:37,True,face,225,223,-95.00,0.00,LEFT_CLICK
2026-05-09 18:07:37,True,face,225,223,-95.00,0.00,LEFT_CLICK
2026-05-09 18:07:38,True,face,224,223,-96.00,0.00,LEFT_CLICK
2026-05-09 18:07:38,True,face,223,224,-97.00,0.00,LEFT_CLICK
2026-05-09 18:07:38,True,face,222,223,-98.00,0.00,LEFT_CLICK
2026-05-09 18:07:38,True,face,222,224,-98.00,0.00,LEFT_CLICK
2026-05-09 18:07:38,True,face,220,224,-100.00,0.00,LEFT_CLICK
2026-05-09 18:07:38,True,face,220,224,-100.00,0.00,LEFT_CLICK
2026-05-09 18:07:38,True,face,219,224,-101.00,0.00,LEFT_CLICK
2026-05-09 18:07:38,True,face,219,223,-101.00,0.00,LEFT_CLICK
2026-05-09 18:07:38,True,face,218,221,-102.00,0.00,LEFT_CLICK
2026-05-09 18:07:38,True,face,218,219,-102.00,0.00,LEFT_CLICK
2026-05-09 18:07:38,True,face,217,217,-103.00,0.00,LEFT_CLICK
2026-05-09 18:07:38,True,face,216,215,-104.00,0.00,LEFT_CLICK
2026-05-09 18:07:38,True,face,216,212,-104.00,0.00,LEFT_CLICK
2026-05-09 18:07:38,True,face,216,210,-104.00,0.00,LEFT_CLICK
2026-05-09 18:07:38,True,face,215,209,-105.00,0.00,LEFT_CLICK
2026-05-09 18:07:38,True,face,215,207,-105.00,0.00,LEFT_CLICK
2026-05-09 18:07:38,True,face,215,205,-105.00,0.00,LEFT_CLICK
2026-05-09 18:07:38,True,face,214,202,-106.00,-38.00,LEFT_CLICK
2026-05-09 18:07:38,True,face,214,200,-106.00,-40.00,LEFT_CLICK
2026-05-09 18:07:38,True,face,214,197,-106.00,-43.00,LEFT_CLICK
2026-05-09 18:07:38,True,face,214,196,-106.00,-44.00,LEFT_CLICK
2026-05-09 18:07:38,True,face,214,193,-106.00,-47.00,LEFT_CLICK
2026-05-09 18:07:38,True,face,214,190,-106.00,-50.00,
2026-05-09 18:07:38,True,face,214,188,-106.00,-52.00,
2026-05-09 18:07:38,True,face,214,186,-106.00,-54.00,
2026-05-09 18:07:38,True,face,214,184,-106.00,-56.00,
2026-05-09 18:07:38,True,face,214,182,-106.00,-58.00,
2026-05-09 18:07:38,True,face,214,181,-106.00,-59.00,
2026-05-09 18:07:38,True,face,214,180,-106.00,-60.00,
2026-05-09 18:07:38,True,face,213,177,-107.00,-63.00,
2026-05-09 18:07:39,True,face,212,175,-108.00,-65.00,
2026-05-09 18:07:39,True,face,211,172,-109.00,-68.00,
2026-05-09 18:07:39,True,face,211,171,-109.00,-69.00,
2026-05-09 18:07:39,True,face,210,169,-110.00,-71.00,
2026-05-09 18:07:39,True,face,210,167,-110.00,-73.00,
2026-05-09 18:07:39,True,face,210,164,-110.00,-76.00,
2026-05-09 18:07:39,True,face,210,161,-110.00,-79.00,
2026-05-09 18:07:39,True,face,210,157,-110.00,-83.00,
2026-05-09 18:07:39,True,face,210,154,-110.00,-86.00,
2026-05-09 18:07:39,True,face,210,152,-110.00,-88.00,
2026-05-09 18:07:39,True,face,211,149,-109.00,-91.00,
2026-05-09 18:07:39,True,face,211,145,-109.00,-95.00,
2026-05-09 18:07:39,True,face,211,143,-109.00,-97.00,
2026-05-09 18:07:39,True,face,212,140,-108.00,-100.00,
2026-05-09 18:07:39,True,face,213,138,-107.00,-102.00,
2026-05-09 18:07:39,True,face,213,136,-107.00,-104.00,
2026-05-09 18:07:39,True,face,214,134,-106.00,-106.00,
2026-05-09 18:07:39,True,face,214,134,-106.00,-106.00,
2026-05-09 18:07:39,True,face,215,133,-105.00,-107.00,
2026-05-09 18:07:39,True,face,215,135,-105.00,-105.00,
2026-05-09 18:07:39,True,face,217,137,-103.00,-103.00,
2026-05-09 18:07:39,True,face,218,148,-102.00,-92.00,
2026-05-09 18:07:39,True,face,221,158,-99.00,-82.00,
2026-05-09 18:07:39,True,face,223,165,-97.00,-75.00,
2026-05-09 18:07:39,True,face,225,174,-95.00,-66.00,
2026-05-09 18:07:39,True,face,226,180,-94.00,-60.00,
2026-05-09 18:07:39,True,face,227,185,-93.00,-55.00,
2026-05-09 18:07:39,True,face,226,187,-94.00,-53.00,
2026-05-09 18:07:39,True,face,225,187,-95.00,-53.00,
2026-05-09 18:07:40,True,face,225,185,-95.00,-55.00,
2026-05-09 18:07:40,True,face,225,182,-95.00,-58.00,
2026-05-09 18:07:40,True,face,224,180,-96.00,-60.00,
2026-05-09 18:07:40,True,face,222,179,-98.00,-61.00,
2026-05-09 18:07:40,True,face,221,178,-99.00,-62.00,
2026-05-09 18:07:40,True,face,220,173,-100.00,-67.00,
2026-05-09 18:07:40,True,face,219,169,-101.00,-71.00,
2026-05-09 18:07:40,True,face,217,165,-103.00,-75.00,
2026-05-09 18:07:40,True,face,217,161,-103.00,-79.00,
2026-05-09 18:07:40,True,face,216,155,-104.00,-85.00,
2026-05-09 18:07:40,True,face,214,150,-106.00,-90.00,
2026-05-09 18:07:40,True,face,213,147,-107.00,-93.00,
2026-05-09 18:07:40,True,face,213,142,-107.00,-98.00,
2026-05-09 18:07:40,True,face,212,137,-108.00,-103.00,
2026-05-09 18:07:40,True,face,211,137,-109.00,-103.00,
2026-05-09 18:07:40,True,face,212,135,-108.00,-105.00,
2026-05-09 18:07:40,True,face,212,133,-108.00,-107.00,
2026-05-09 18:07:40,True,face,212,129,-108.00,-111.00,
2026-05-09 18:07:40,True,face,212,128,-108.00,-112.00,
2026-05-09 18:07:40,True,face,212,129,-108.00,-111.00,
2026-05-09 18:07:40,True,face,212,130,-108.00,-110.00,LEFT_CLICK
2026-05-09 18:07:40,True,face,213,131,-107.00,-109.00,
2026-05-09 18:07:40,True,face,213,132,-107.00,-108.00,
2026-05-09 18:07:40,True,face,213,132,-107.00,-108.00,
2026-05-09 18:07:40,True,face,213,133,-107.00,-107.00,
2026-05-09 18:07:40,True,face,214,133,-106.00,-107.00,
2026-05-09 18:07:40,True,face,214,134,-106.00,-106.00,
2026-05-09 18:07:40,True,face,214,137,-106.00,-103.00,
2026-05-09 18:07:40,True,face,214,138,-106.00,-102.00,
2026-05-09 18:07:40,True,face,214,141,-106.00,-99.00,
2026-05-09 18:07:41,True,face,214,143,-106.00,-97.00,
2026-05-09 18:07:41,True,face,215,145,-105.00,-95.00,
2026-05-09 18:07:41,True,face,216,147,-104.00,-93.00,
2026-05-09 18:07:41,True,face,216,147,-104.00,-93.00,
2026-05-09 18:07:41,True,face,217,148,-103.00,-92.00,
2026-05-09 18:07:41,True,face,218,150,-102.00,-90.00,
2026-05-09 18:07:41,True,face,219,149,-101.00,-91.00,
2026-05-09 18:07:41,True,face,221,150,-99.00,-90.00,
2026-05-09 18:07:41,True,face,223,151,-97.00,-89.00,
2026-05-09 18:07:41,True,face,224,151,-96.00,-89.00,
2026-05-09 18:07:41,True,face,226,150,-94.00,-90.00,
2026-05-09 18:07:41,True,face,229,150,-91.00,-90.00,
2026-05-09 18:07:41,True,face,230,150,-90.00,-90.00,
2026-05-09 18:07:41,True,face,230,150,-90.00,-90.00,
2026-05-09 18:07:41,True,face,231,150,-89.00,-90.00,
2026-05-09 18:07:41,True,face,232,149,-88.00,-91.00,
2026-05-09 18:07:41,True,face,234,149,-86.00,-91.00,
2026-05-09 18:07:41,True,face,237,148,-83.00,-92.00,
2026-05-09 18:07:41,True,face,239,148,-81.00,-92.00,
2026-05-09 18:07:41,True,face,243,148,-77.00,-92.00,
2026-05-09 18:07:41,True,face,247,148,-73.00,-92.00,
2026-05-09 18:07:41,True,face,251,147,-69.00,-93.00,
2026-05-09 18:07:41,True,face,257,147,-63.00,-93.00,
2026-05-09 18:07:41,True,face,265,147,-55.00,-93.00,
2026-05-09 18:07:41,True,face,272,146,-48.00,-94.00,
2026-05-09 18:07:41,True,face,279,146,0.00,-94.00,
2026-05-09 18:07:41,True,face,287,147,0.00,-93.00,
2026-05-09 18:07:41,True,face,296,147,0.00,-93.00,
2026-05-09 18:07:41,True,face,301,147,0.00,-93.00,
2026-05-09 18:07:41,True,face,305,147,0.00,-93.00,
2026-05-09 18:07:42,True,face,306,147,0.00,-93.00,
2026-05-09 18:07:42,True,face,304,147,0.00,-93.00,
2026-05-09 18:07:42,True,face,302,147,0.00,-93.00,
2026-05-09 18:07:42,True,face,298,147,0.00,-93.00,
2026-05-09 18:07:42,True,face,294,147,0.00,-93.00,
2026-05-09 18:07:42,True,face,282,146,0.00,-94.00,
2026-05-09 18:07:42,True,face,271,146,-49.00,-94.00,
2026-05-09 18:07:42,True,face,256,144,-64.00,-96.00,
2026-05-09 18:07:42,True,face,242,142,-78.00,-98.00,LEFT_CLICK
2026-05-09 18:07:42,True,face,224,140,-96.00,-100.00,
2026-05-09 18:07:42,True,face,207,140,-113.00,-100.00,
2026-05-09 18:07:42,True,face,189,141,-131.00,-99.00,
2026-05-09 18:07:42,True,face,175,141,-145.00,-99.00,
2026-05-09 18:07:42,True,face,163,141,-157.00,-99.00,
2026-05-09 18:07:42,True,face,157,141,-163.00,-99.00,
2026-05-09 18:07:42,True,face,153,141,-167.00,-99.00,
2026-05-09 18:07:42,True,face,153,141,-167.00,-99.00,
2026-05-09 18:07:42,True,face,153,141,-167.00,-99.00,
2026-05-09 18:07:42,True,face,157,141,-163.00,-99.00,
2026-05-09 18:07:42,True,face,161,142,-159.00,-98.00,
2026-05-09 18:07:42,True,face,166,142,-154.00,-98.00,
2026-05-09 18:07:42,True,face,168,142,-152.00,-98.00,
2026-05-09 18:07:42,True,face,180,142,-140.00,-98.00,
2026-05-09 18:07:42,True,face,191,142,-129.00,-98.00,
2026-05-09 18:07:42,True,face,204,142,-116.00,-98.00,
2026-05-09 18:07:42,True,face,215,141,-105.00,-99.00,
2026-05-09 18:07:42,True,face,225,141,-95.00,-99.00,
2026-05-09 18:07:42,True,face,233,141,-87.00,-99.00,
2026-05-09 18:07:42,True,face,238,141,-82.00,-99.00,
2026-05-09 18:07:42,True,face,241,141,-79.00,-99.00,
2026-05-09 18:07:43,True,face,243,141,-77.00,-99.00,
2026-05-09 18:07:43,True,face,244,141,-76.00,-99.00,
2026-05-09 18:07:43,True,face,245,141,-75.00,-99.00,
2026-05-09 18:07:43,True,face,245,141,-75.00,-99.00,
2026-05-09 18:07:43,True,face,244,141,-76.00,-99.00,
2026-05-09 18:07:43,True,face,243,140,-77.00,-100.00,
2026-05-09 18:07:43,True,face,242,140,-78.00,-100.00,
2026-05-09 18:07:43,True,face,241,140,-79.00,-100.00,
2026-05-09 18:07:43,True,face,240,140,-80.00,-100.00,LEFT_CLICK
2026-05-09 18:07:43,True,face,239,139,-81.00,-101.00,
2026-05-09 18:07:43,True,face,237,139,-83.00,-101.00,
2026-05-09 18:07:43,True,face,235,139,-85.00,-101.00,
2026-05-09 18:07:43,True,face,233,138,-87.00,-102.00,
2026-05-09 18:07:43,True,face,231,138,-89.00,-102.00,LEFT_CLICK
2026-05-09 18:07:43,True,face,230,138,-90.00,-102.00,
2026-05-09 18:07:43,True,face,229,137,-91.00,-103.00,
2026-05-09 18:07:43,True,face,229,137,-91.00,-103.00,
2026-05-09 18:07:43,True,face,228,136,-92.00,-104.00,
2026-05-09 18:07:43,True,face,227,136,-93.00,-104.00,
2026-05-09 18:07:43,True,face,227,136,-93.00,-104.00,
2026-05-09 18:07:43,True,face,226,136,-94.00,-104.00,
2026-05-09 18:07:43,True,face,226,136,-94.00,-104.00,
2026-05-09 18:07:43,True,face,225,135,-95.00,-105.00,
2026-05-09 18:07:43,True,face,224,134,-96.00,-106.00,
2026-05-09 18:07:43,True,face,223,134,-97.00,-106.00,
2026-05-09 18:07:43,True,face,222,134,-98.00,-106.00,
2026-05-09 18:07:43,True,face,221,134,-99.00,-106.00,
2026-05-09 18:07:43,True,face,220,134,-100.00,-106.00,
2026-05-09 18:07:43,True,face,219,134,-101.00,-106.00,
2026-05-09 18:07:43,True,face,219,134,-101.00,-106.00,
2026-05-09 18:07:44,True,face,218,134,-102.00,-106.00,
2026-05-09 18:07:44,True,face,217,134,-103.00,-106.00,
2026-05-09 18:07:44,True,face,217,134,-103.00,-106.00,
2026-05-09 18:07:44,True,face,217,134,-103.00,-106.00,
2026-05-09 18:07:44,True,face,218,134,-102.00,-106.00,
2026-05-09 18:07:44,True,face,218,133,-102.00,-107.00,
2026-05-09 18:07:44,True,face,218,133,-102.00,-107.00,
2026-05-09 18:07:44,True,face,218,133,-102.00,-107.00,
2026-05-09 18:07:44,True,face,218,133,-102.00,-107.00,
2026-05-09 18:07:44,True,face,218,133,-102.00,-107.00,
2026-05-09 18:07:44,True,face,218,133,-102.00,-107.00,
2026-05-09 18:07:44,True,face,218,133,-102.00,-107.00,
2026-05-09 18:07:44,True,face,218,133,-102.00,-107.00,
2026-05-09 18:07:44,True,face,218,133,-102.00,-107.00,
2026-05-09 18:07:44,True,face,218,133,-102.00,-107.00,
2026-05-09 18:07:44,True,face,218,133,-102.00,-107.00,
2026-05-09 18:07:44,True,face,218,133,-102.00,-107.00,LEFT_CLICK
2026-05-09 18:07:44,True,face,218,132,-102.00,-108.00,
2026-05-09 18:07:44,True,face,218,133,-102.00,-107.00,
2026-05-09 18:07:44,True,face,218,133,-102.00,-107.00,
2026-05-09 18:07:44,True,face,218,133,-102.00,-107.00,
2026-05-09 18:07:44,True,face,217,133,-103.00,-107.00,
2026-05-09 18:07:44,True,face,217,133,-103.00,-107.00,
2026-05-09 18:07:44,True,face,217,133,-103.00,-107.00,
2026-05-09 18:07:44,True,face,217,133,-103.00,-107.00,
2026-05-09 18:07:44,True,face,217,134,-103.00,-106.00,
2026-05-09 18:07:44,True,face,219,134,-101.00,-106.00,
2026-05-09 18:07:44,True,face,221,134,-99.00,-106.00,
2026-05-09 18:07:44,True,face,227,134,-93.00,-106.00,
2026-05-09 18:07:44,True,face,228,134,-92.00,-106.00,
2026-05-09 18:07:45,True,face,231,134,-89.00,-106.00,
2026-05-09 18:07:45,True,face,236,135,-84.00,-105.00,
2026-05-09 18:07:45,True,face,242,136,-78.00,-104.00,
2026-05-09 18:07:45,True,face,248,136,-72.00,-104.00,
2026-05-09 18:07:45,True,face,255,136,-65.00,-104.00,
2026-05-09 18:07:45,True,face,261,137,-59.00,-103.00,
2026-05-09 18:07:45,True,face,269,137,-51.00,-103.00,
2026-05-09 18:07:45,True,face,273,137,-47.00,-103.00,
2026-05-09 18:07:45,True,face,275,138,0.00,-102.00,
2026-05-09 18:07:45,True,face,275,138,0.00,-102.00,
2026-05-09 18:07:45,True,face,274,138,-46.00,-102.00,
2026-05-09 18:07:45,True,face,272,138,-48.00,-102.00,
2026-05-09 18:07:45,True,face,269,138,-51.00,-102.00,
2026-05-09 18:07:45,True,face,268,138,-52.00,-102.00,
2026-05-09 18:07:45,True,face,264,138,-56.00,-102.00,
2026-05-09 18:07:45,True,face,257,139,-63.00,-101.00,
2026-05-09 18:07:45,True,face,252,139,-68.00,-101.00,
2026-05-09 18:07:45,True,face,246,139,-74.00,-101.00,
2026-05-09 18:07:45,True,face,244,139,-76.00,-101.00,
2026-05-09 18:07:45,True,face,242,140,-78.00,-100.00,
2026-05-09 18:07:45,True,face,242,140,-78.00,-100.00,
2026-05-09 18:07:45,True,face,241,140,-79.00,-100.00,
2026-05-09 18:07:45,True,face,241,140,-79.00,-100.00,
2026-05-09 18:07:45,True,face,241,140,-79.00,-100.00,
2026-05-09 18:07:45,True,face,241,140,-79.00,-100.00,
2026-05-09 18:07:45,True,face,240,139,-80.00,-101.00,
2026-05-09 18:07:45,True,face,240,138,-80.00,-102.00,
2026-05-09 18:07:45,True,face,239,136,-81.00,-104.00,
2026-05-09 18:07:45,True,face,239,133,-81.00,-107.00,
2026-05-09 18:07:45,True,face,239,131,-81.00,-109.00,
2026-05-09 18:07:46,True,face,239,129,-81.00,-111.00,
2026-05-09 18:07:46,True,face,239,126,-81.00,-114.00,
2026-05-09 18:07:46,True,face,242,124,-78.00,-116.00,
2026-05-09 18:07:46,True,face,245,123,-75.00,-117.00,
2026-05-09 18:07:46,True,face,247,121,-73.00,-119.00,
2026-05-09 18:07:46,True,face,249,119,-71.00,-121.00,
2026-05-09 18:07:46,True,face,249,118,-71.00,-122.00,
2026-05-09 18:07:46,True,face,250,117,-70.00,-123.00,
2026-05-09 18:07:46,True,face,251,117,-69.00,-123.00,
2026-05-09 18:07:46,True,face,251,117,-69.00,-123.00,
2026-05-09 18:07:46,True,face,251,118,-69.00,-122.00,
2026-05-09 18:07:46,True,face,252,118,-68.00,-122.00,
2026-05-09 18:07:46,True,face,252,118,-68.00,-122.00,
2026-05-09 18:07:46,True,face,252,118,-68.00,-122.00,
2026-05-09 18:07:46,True,face,252,117,-68.00,-123.00,
2026-05-09 18:07:46,True,face,253,115,-67.00,-125.00,
2026-05-09 18:07:46,True,face,253,114,-67.00,-126.00,
2026-05-09 18:07:46,True,face,254,112,-66.00,-128.00,
2026-05-09 18:07:46,True,face,255,111,-65.00,-129.00,
2026-05-09 18:07:46,True,face,256,110,-64.00,-130.00,
2026-05-09 18:07:46,True,face,257,111,-63.00,-129.00,
2026-05-09 18:07:46,True,face,258,111,-62.00,-129.00,
2026-05-09 18:07:46,True,face,258,113,-62.00,-127.00,
2026-05-09 18:07:46,True,face,258,117,-62.00,-123.00,
2026-05-09 18:07:46,True,face,255,120,-65.00,-120.00,
2026-05-09 18:07:46,True,face,251,122,-69.00,-118.00,
2026-05-09 18:07:46,True,face,248,123,-72.00,-117.00,
2026-05-09 18:07:46,True,face,246,123,-74.00,-117.00,
2026-05-09 18:07:46,True,face,244,123,-76.00,-117.00,
2026-05-09 18:07:46,True,face,242,124,-78.00,-116.00,
2026-05-09 18:07:47,True,face,243,123,-77.00,-117.00,
2026-05-09 18:07:47,True,face,244,123,-76.00,-117.00,
2026-05-09 18:07:47,True,face,244,122,-76.00,-118.00,
2026-05-09 18:07:47,True,face,248,121,-72.00,-119.00,
2026-05-09 18:07:47,True,face,251,118,-69.00,-122.00,
2026-05-09 18:07:47,True,face,254,115,-66.00,-125.00,
2026-05-09 18:07:47,True,face,256,114,-64.00,-126.00,
2026-05-09 18:07:47,True,face,258,114,-62.00,-126.00,
2026-05-09 18:07:47,True,face,259,114,-61.00,-126.00,
2026-05-09 18:07:47,True,face,261,113,-59.00,-127.00,
2026-05-09 18:07:47,True,face,267,108,-53.00,-132.00,
2026-05-09 18:07:47,True,face,271,103,-49.00,-137.00,
2026-05-09 18:07:47,True,face,275,99,0.00,-141.00,
2026-05-09 18:07:47,True,face,278,96,0.00,-144.00,
2026-05-09 18:07:47,True,face,280,94,0.00,-146.00,
2026-05-09 18:07:47,True,face,283,93,0.00,-147.00,
2026-05-09 18:07:47,True,face,285,92,0.00,-148.00,
2026-05-09 18:07:47,True,face,285,92,0.00,-148.00,
2026-05-09 18:07:47,True,face,285,91,0.00,-149.00,
2026-05-09 18:07:47,True,face,286,91,0.00,-149.00,
2026-05-09 18:07:47,True,face,288,90,0.00,-150.00,
2026-05-09 18:07:47,True,face,289,90,0.00,-150.00,
2026-05-09 18:07:47,True,face,292,89,0.00,-151.00,
2026-05-09 18:07:47,True,face,295,89,0.00,-151.00,EXIT
2026-05-09 18:08:01,True,face,197,153,-123.00,-87.00,
2026-05-09 18:08:01,True,face,203,150,-117.00,-90.00,
2026-05-09 18:08:01,True,face,206,149,-114.00,-91.00,
2026-05-09 18:08:02,True,face,207,148,-113.00,-92.00,
2026-05-09 18:08:02,True,face,207,147,-113.00,-93.00,
2026-05-09 18:08:02,True,face,219,147,-101.00,-93.00,
2026-05-09 18:08:02,True,face,242,150,-78.00,-90.00,
2026-05-09 18:08:02,True,face,255,152,-65.00,-88.00,
2026-05-09 18:08:02,True,face,266,153,-54.00,-87.00,
2026-05-09 18:08:02,True,face,278,157,0.00,-83.00,
2026-05-09 18:08:02,True,face,286,160,0.00,-80.00,
2026-05-09 18:08:03,True,face,292,161,0.00,-79.00,
2026-05-09 18:08:03,True,face,291,161,0.00,-79.00,
2026-05-09 18:08:03,True,face,289,161,0.00,-79.00,
2026-05-09 18:08:03,True,face,284,161,0.00,-79.00,
2026-05-09 18:08:03,True,face,276,160,0.00,-80.00,
2026-05-09 18:08:03,True,face,259,156,-61.00,-84.00,
2026-05-09 18:08:03,True,face,241,155,-79.00,-85.00,
2026-05-09 18:08:03,True,face,234,154,-86.00,-86.00,
2026-05-09 18:08:04,True,face,227,152,-93.00,-88.00,
2026-05-09 18:08:04,True,face,228,151,-92.00,-89.00,
2026-05-09 18:08:04,True,face,228,150,-92.00,-90.00,LEFT_CLICK
2026-05-09 18:08:04,True,face,229,148,-91.00,-92.00,
2026-05-09 18:08:04,True,face,229,147,-91.00,-93.00,
2026-05-09 18:08:04,True,face,231,147,-89.00,-93.00,
2026-05-09 18:08:05,True,face,232,146,-88.00,-94.00,
2026-05-09 18:08:05,True,face,232,145,-88.00,-95.00,
2026-05-09 18:08:05,True,face,232,144,-88.00,-96.00,
2026-05-09 18:08:05,True,face,232,143,-88.00,-97.00,
2026-05-09 18:08:05,True,face,232,141,-88.00,-99.00,
2026-05-09 18:08:05,True,face,233,140,-87.00,-100.00,
2026-05-09 18:08:06,True,face,231,138,-89.00,-102.00,
2026-05-09 18:08:06,True,face,231,137,-89.00,-103.00,
2026-05-09 18:08:06,True,face,244,138,-76.00,-102.00,
2026-05-09 18:08:06,True,face,364,144,0.00,-96.00,
2026-05-09 18:08:06,True,face,380,149,60.00,-91.00,
2026-05-09 18:08:06,True,face,390,151,70.00,-89.00,
2026-05-09 18:08:07,True,face,395,155,75.00,-85.00,
2026-05-09 18:08:07,True,face,395,157,75.00,-83.00,
2026-05-09 18:08:07,True,face,395,158,75.00,-82.00,
2026-05-09 18:08:07,True,face,398,157,78.00,-83.00,LEFT_CLICK
2026-05-09 18:08:07,True,face,404,157,84.00,-83.00,
2026-05-09 18:08:08,True,face,404,157,84.00,-83.00,
2026-05-09 18:08:08,True,face,400,157,80.00,-83.00,
2026-05-09 18:08:08,True,face,389,155,69.00,-85.00,
2026-05-09 18:08:08,True,face,383,152,63.00,-88.00,
2026-05-09 18:08:08,True,face,349,145,0.00,-95.00,
2026-05-09 18:08:08,True,face,232,142,-88.00,-98.00,
2026-05-09 18:08:09,True,face,80,143,-240.00,-97.00,
2026-05-09 18:08:09,True,face,69,155,-251.00,-85.00,
2026-05-09 18:08:09,True,face,57,158,-263.00,-82.00,
2026-05-09 18:08:09,True,face,56,158,-264.00,-82.00,
2026-05-09 18:08:09,True,face,51,153,-269.00,-87.00,LEFT_CLICK
2026-05-09 18:08:09,True,face,54,149,-266.00,-91.00,
2026-05-09 18:08:10,True,face,62,147,-258.00,-93.00,
2026-05-09 18:08:10,True,face,67,146,-253.00,-94.00,
2026-05-09 18:08:10,True,face,68,145,-252.00,-95.00,
2026-05-09 18:08:10,True,face,71,143,-249.00,-97.00,
2026-05-09 18:08:10,True,face,81,138,-239.00,-102.00,
2026-05-09 18:08:11,True,face,84,136,-236.00,-104.00,LEFT_CLICK
2026-05-09 18:08:11,True,face,85,134,-235.00,-106.00,
2026-05-09 18:08:11,True,face,85,133,-235.00,-107.00,LEFT_CLICK
2026-05-09 18:08:11,True,face,87,133,-233.00,-107.00,LEFT_CLICK
2026-05-09 18:08:11,True,face,143,117,-177.00,-123.00,LEFT_CLICK
2026-05-09 18:08:12,True,face,175,113,-145.00,-127.00,LEFT_CLICK
2026-05-09 18:08:12,True,face,235,113,-85.00,-127.00,LEFT_CLICK
2026-05-09 18:08:12,True,face,333,127,0.00,-113.00,LEFT_CLICK
2026-05-09 18:08:12,True,face,310,123,0.00,-117.00,LEFT_CLICK
2026-05-09 18:08:12,True,face,278,116,0.00,-124.00,LEFT_CLICK
2026-05-09 18:08:13,True,face,257,114,-63.00,-126.00,LEFT_CLICK
2026-05-09 18:08:13,True,face,238,113,-82.00,-127.00,LEFT_CLICK
2026-05-09 18:08:13,True,face,235,113,-85.00,-127.00,LEFT_CLICK
2026-05-09 18:08:13,True,face,231,113,-89.00,-127.00,LEFT_CLICK
2026-05-09 18:08:13,True,face,228,113,-92.00,-127.00,LEFT_CLICK
2026-05-09 18:08:14,True,face,223,112,-97.00,-128.00,LEFT_CLICK
2026-05-09 18:08:14,True,face,223,113,-97.00,-127.00,LEFT_CLICK
2026-05-09 18:08:14,True,face,224,113,-96.00,-127.00,
2026-05-09 18:08:14,True,face,237,113,-83.00,-127.00,
2026-05-09 18:08:14,True,face,248,114,-72.00,-126.00,
2026-05-09 18:08:14,True,face,256,116,-64.00,-124.00,
2026-05-09 18:08:14,True,face,255,116,-65.00,-124.00,
2026-05-09 18:08:15,True,face,232,115,-88.00,-125.00,
2026-05-09 18:08:15,True,face,198,113,-122.00,-127.00,
2026-05-09 18:08:15,True,face,139,108,-181.00,-132.00,
2026-05-09 18:08:15,True,face,136,104,-184.00,-136.00,
2026-05-09 18:08:15,True,face,129,102,-191.00,-138.00,
2026-05-09 18:08:15,True,face,131,102,-189.00,-138.00,
2026-05-09 18:08:16,True,face,122,107,-198.00,-133.00,
2026-05-09 18:08:16,True,face,120,107,-200.00,-133.00,
2026-05-09 18:08:16,True,face,122,105,-198.00,-135.00,
2026-05-09 18:08:16,True,face,125,105,-195.00,-135.00,
2026-05-09 18:08:16,True,face,125,104,-195.00,-136.00,
2026-05-09 18:08:16,True,face,126,103,-194.00,-137.00,
2026-05-09 18:08:17,True,face,131,103,-189.00,-137.00,
2026-05-09 18:08:17,True,face,132,101,-188.00,-139.00,
2026-05-09 18:08:17,True,face,131,99,-189.00,-141.00,
2026-05-09 18:08:17,True,face,132,101,-188.00,-139.00,
2026-05-09 18:08:17,True,face,138,101,-182.00,-139.00,
2026-05-09 18:08:17,True,face,141,100,-179.00,-140.00,
2026-05-09 18:08:18,True,face,141,100,-179.00,-140.00,
2026-05-09 18:08:18,True,face,140,99,-180.00,-141.00,
2026-05-09 18:08:18,True,face,140,99,-180.00,-141.00,
2026-05-09 18:08:18,True,face,140,99,-180.00,-141.00,
2026-05-09 18:09:42,True,gaze,230,144,-90.00,-96.00,
2026-05-09 18:10:43,True,face,391,208,71.00,0.00,
2026-05-09 18:10:43,True,face,391,206,71.00,0.00,
2026-05-09 18:10:43,True,face,392,205,72.00,0.00,
2026-05-09 18:10:44,True,face,392,204,72.00,-36.00,
2026-05-09 18:10:44,True,face,392,204,72.00,-36.00,
2026-05-09 18:10:44,True,face,387,204,67.00,-36.00,
2026-05-09 18:10:44,True,face,370,202,50.00,-38.00,
2026-05-09 18:10:44,True,face,341,201,0.00,-39.00,
2026-05-09 18:10:44,True,face,318,198,0.00,-42.00,
2026-05-09 18:10:44,True,face,300,196,0.00,-44.00,
2026-05-09 18:10:45,True,face,290,194,0.00,-46.00,
2026-05-09 18:10:45,True,face,286,194,0.00,-46.00,
2026-05-09 18:10:45,True,face,288,194,0.00,-46.00,
2026-05-09 18:10:45,True,face,290,193,0.00,-47.00,
2026-05-09 18:10:45,True,face,306,195,0.00,-45.00,
2026-05-09 18:10:45,True,face,351,195,0.00,-45.00,
2026-05-09 18:10:45,True,face,404,203,84.00,-37.00,
2026-05-09 18:10:45,True,face,423,209,103.00,0.00,
2026-05-09 18:10:46,True,face,428,209,108.00,0.00,
2026-05-09 18:10:46,True,face,427,209,107.00,0.00,
2026-05-09 18:10:46,True,face,425,208,105.00,0.00,
2026-05-09 18:10:46,True,face,423,208,103.00,0.00,
2026-05-09 18:10:46,True,face,415,208,95.00,0.00,
2026-05-09 18:10:46,True,face,413,208,93.00,0.00,
2026-05-09 18:10:46,True,face,408,208,88.00,0.00,
2026-05-09 18:10:46,True,face,401,206,81.00,0.00,
2026-05-09 18:10:47,True,face,401,206,81.00,0.00,
2026-05-09 18:10:47,True,face,401,205,81.00,0.00,
2026-05-09 18:10:47,True,face,401,205,81.00,0.00,
2026-05-09 18:10:47,True,face,401,205,81.00,0.00,
2026-05-09 18:10:47,True,face,401,205,81.00,0.00,
2026-05-09 18:10:47,True,face,387,205,67.00,0.00,
2026-05-09 18:10:47,True,face,380,205,60.00,0.00,
2026-05-09 18:10:47,True,face,329,201,0.00,-39.00,
2026-05-09 18:10:48,True,face,291,200,0.00,-40.00,
2026-05-09 18:10:48,True,face,280,200,0.00,-40.00,
2026-05-09 18:10:48,True,face,278,200,0.00,-40.00,
2026-05-09 18:10:48,True,face,277,199,0.00,-41.00,
2026-05-09 18:10:48,True,face,277,198,0.00,-42.00,
2026-05-09 18:10:48,True,face,276,197,0.00,-43.00,
2026-05-09 18:10:48,True,face,276,196,0.00,-44.00,
2026-05-09 18:10:48,True,face,277,196,0.00,-44.00,
2026-05-09 18:10:49,True,face,277,196,0.00,-44.00,
2026-05-09 18:10:49,True,face,277,196,0.00,-44.00,
2026-05-09 18:10:49,True,face,275,196,0.00,-44.00,
2026-05-09 18:10:49,True,face,274,194,-46.00,-46.00,
2026-05-09 18:10:49,True,face,269,195,-51.00,-45.00,
2026-05-09 18:10:49,True,face,252,195,-68.00,-45.00,
2026-05-09 18:10:49,True,face,237,196,-83.00,-44.00,
2026-05-09 18:10:49,True,face,234,201,-86.00,-39.00,
2026-05-09 18:10:50,True,face,242,198,-78.00,-42.00,
2026-05-09 18:10:50,True,face,253,192,-67.00,-48.00,
2026-05-09 18:10:50,True,face,260,191,-60.00,-49.00,
2026-05-09 18:10:50,True,face,266,190,-54.00,-50.00,
2026-05-09 18:10:50,True,face,275,191,0.00,-49.00,
2026-05-09 18:10:50,True,face,282,191,0.00,-49.00,
2026-05-09 18:10:50,True,face,282,191,0.00,-49.00,
2026-05-09 18:10:50,True,face,281,195,0.00,-45.00,
2026-05-09 18:10:51,True,face,282,194,0.00,-46.00,
2026-05-09 18:10:51,True,face,283,194,0.00,-46.00,
2026-05-09 18:10:51,True,face,285,192,0.00,-48.00,
2026-05-09 18:10:51,True,face,295,191,0.00,-49.00,
2026-05-09 18:10:51,True,face,306,191,0.00,-49.00,
2026-05-09 18:10:51,True,face,310,192,0.00,-48.00,
2026-05-09 18:10:51,True,face,312,193,0.00,-47.00,
2026-05-09 18:10:51,True,face,320,193,0.00,-47.00,
2026-05-09 18:10:52,True,face,329,193,0.00,-47.00,
2026-05-09 18:10:52,True,face,338,192,0.00,-48.00,
2026-05-09 18:10:52,True,face,346,194,0.00,-46.00,
2026-05-09 18:10:52,True,face,353,195,0.00,-45.00,
2026-05-09 18:10:52,True,face,356,195,0.00,-45.00,
2026-05-09 18:10:52,True,face,357,195,0.00,-45.00,
2026-05-09 18:10:52,True,face,360,195,0.00,-45.00,
2026-05-09 18:10:52,True,face,362,195,0.00,-45.00,
2026-05-09 18:10:53,True,face,363,195,0.00,-45.00,
2026-05-09 18:10:53,True,face,361,195,0.00,-45.00,
2026-05-09 18:10:53,True,face,357,195,0.00,-45.00,
2026-05-09 18:10:53,True,face,355,195,0.00,-45.00,
2026-05-09 18:10:53,True,face,356,195,0.00,-45.00,
2026-05-09 18:10:53,True,face,356,195,0.00,-45.00,
2026-05-09 18:10:53,True,face,356,195,0.00,-45.00,
2026-05-09 18:10:53,True,face,356,194,0.00,-46.00,
2026-05-09 18:10:54,True,face,355,194,0.00,-46.00,EXIT
2026-05-09 18:11:06,True,gaze,378,208,58.00,0.00,
2026-05-09 18:11:06,True,gaze,378,206,58.00,0.00,
2026-05-09 18:11:06,True,gaze,378,206,58.00,0.00,
2026-05-09 18:11:06,True,gaze,377,206,57.00,0.00,
2026-05-09 18:11:06,True,gaze,377,206,57.00,0.00,
2026-05-09 18:11:06,True,gaze,377,206,57.00,0.00,
2026-05-09 18:11:06,True,gaze,377,206,57.00,0.00,
2026-05-09 18:11:06,True,gaze,376,205,56.00,0.00,
2026-05-09 18:11:07,True,gaze,376,205,56.00,0.00,
2026-05-09 18:11:07,True,gaze,377,205,57.00,0.00,
2026-05-09 18:11:07,True,gaze,377,205,57.00,0.00,
2026-05-09 18:11:07,True,gaze,376,205,56.00,0.00,
2026-05-09 18:11:07,True,gaze,376,205,56.00,0.00,
2026-05-09 18:11:07,True,gaze,374,205,54.00,0.00,
2026-05-09 18:11:07,True,gaze,372,205,52.00,0.00,
2026-05-09 18:11:07,True,gaze,372,204,52.00,-36.00,
2026-05-09 18:11:08,True,gaze,371,204,51.00,-36.00,
2026-05-09 18:11:08,True,gaze,371,204,51.00,-36.00,
2026-05-09 18:11:08,True,gaze,370,204,50.00,-36.00,
2026-05-09 18:11:08,True,gaze,369,203,49.00,-37.00,
2026-05-09 18:11:08,True,gaze,369,203,49.00,-37.00,
2026-05-09 18:11:08,True,gaze,368,203,48.00,-37.00,
2026-05-09 18:11:08,True,gaze,368,203,48.00,-37.00,
2026-05-09 18:11:08,True,gaze,367,203,47.00,-37.00,
2026-05-09 18:11:09,True,gaze,367,202,47.00,-38.00,
2026-05-09 18:11:09,True,gaze,366,202,46.00,-38.00,
2026-05-09 18:11:09,True,gaze,365,202,0.00,-38.00,
2026-05-09 18:11:09,True,gaze,365,201,0.00,-39.00,
2026-05-09 18:11:09,True,gaze,365,201,0.00,-39.00,
2026-05-09 18:11:09,True,gaze,365,201,0.00,-39.00,
2026-05-09 18:11:09,True,gaze,364,200,0.00,-40.00,
2026-05-09 18:11:10,True,gaze,364,200,0.00,-40.00,
2026-05-09 18:11:10,True,gaze,364,198,0.00,-42.00,
2026-05-09 18:11:10,True,gaze,364,197,0.00,-43.00,
2026-05-09 18:11:10,True,gaze,365,197,0.00,-43.00,
2026-05-09 18:11:10,True,gaze,364,196,0.00,-44.00,
2026-05-09 18:11:10,True,gaze,364,195,0.00,-45.00,
2026-05-09 18:11:10,True,gaze,366,195,46.00,-45.00,
2026-05-09 18:11:10,True,gaze,367,202,47.00,-38.00,
2026-05-09 18:11:11,True,gaze,368,206,48.00,0.00,
2026-05-09 18:11:11,True,gaze,369,206,49.00,0.00,
2026-05-09 18:11:11,True,gaze,369,206,49.00,0.00,
2026-05-09 18:11:11,True,gaze,370,207,50.00,0.00,
2026-05-09 18:11:11,True,gaze,369,206,49.00,0.00,
2026-05-09 18:11:11,True,gaze,369,205,49.00,0.00,
2026-05-09 18:11:11,True,gaze,369,205,49.00,0.00,
2026-05-09 18:11:11,True,gaze,369,205,49.00,0.00,
2026-05-09 18:11:12,True,gaze,369,205,49.00,0.00,
2026-05-09 18:11:12,True,gaze,369,205,49.00,0.00,
2026-05-09 18:11:12,True,gaze,368,205,48.00,0.00,
2026-05-09 18:11:12,True,gaze,368,205,48.00,0.00,
2026-05-09 18:11:12,True,gaze,369,205,49.00,0.00,
2026-05-09 18:11:12,True,gaze,369,205,49.00,0.00,
2026-05-09 18:11:12,True,gaze,367,205,47.00,0.00,
2026-05-09 18:11:12,True,gaze,367,204,47.00,-36.00,
2026-05-09 18:11:13,True,gaze,367,204,47.00,-36.00,
2026-05-09 18:11:13,True,gaze,367,204,47.00,-36.00,
2026-05-09 18:11:13,True,gaze,366,205,46.00,0.00,
2026-05-09 18:11:13,True,gaze,366,205,46.00,0.00,
2026-05-09 18:11:13,True,gaze,367,205,47.00,0.00,
2026-05-09 18:11:13,True,gaze,367,204,47.00,-36.00,
2026-05-09 18:11:13,True,gaze,367,205,47.00,0.00,
2026-05-09 18:11:13,True,gaze,367,205,47.00,0.00,
2026-05-09 18:11:14,True,gaze,368,205,48.00,0.00,
2026-05-09 18:11:14,True,gaze,368,205,48.00,0.00,
2026-05-09 18:11:14,True,gaze,367,204,47.00,-36.00,
2026-05-09 18:11:14,True,gaze,366,205,46.00,0.00,
2026-05-09 18:11:14,True,gaze,365,204,0.00,-36.00,
2026-05-09 18:11:14,True,gaze,363,204,0.00,-36.00,
2026-05-09 18:11:14,True,gaze,362,204,0.00,-36.00,
2026-05-09 18:11:14,True,gaze,361,203,0.00,-37.00,
2026-05-09 18:11:15,True,gaze,359,203,0.00,-37.00,
2026-05-09 18:11:15,True,gaze,359,203,0.00,-37.00,
2026-05-09 18:11:15,True,gaze,359,203,0.00,-37.00,
2026-05-09 18:11:15,True,gaze,358,202,0.00,-38.00,
2026-05-09 18:11:15,True,gaze,358,202,0.00,-38.00,
2026-05-09 18:11:15,True,gaze,358,203,0.00,-37.00,
2026-05-09 18:11:15,True,gaze,358,202,0.00,-38.00,
2026-05-09 18:11:15,True,gaze,358,202,0.00,-38.00,
2026-05-09 18:11:16,True,gaze,359,203,0.00,-37.00,
2026-05-09 18:11:16,True,gaze,360,203,0.00,-37.00,
2026-05-09 18:11:16,True,gaze,360,202,0.00,-38.00,
2026-05-09 18:11:16,True,gaze,360,202,0.00,-38.00,
2026-05-09 18:11:16,True,gaze,360,202,0.00,-38.00,
2026-05-09 18:11:16,True,gaze,360,201,0.00,-39.00,
2026-05-09 18:11:16,True,gaze,360,201,0.00,-39.00,
2026-05-09 18:11:16,True,gaze,359,201,0.00,-39.00,
2026-05-09 18:11:17,True,gaze,359,201,0.00,-39.00,
2026-05-09 18:11:17,True,gaze,357,201,0.00,-39.00,
2026-05-09 18:11:17,True,gaze,356,199,0.00,-41.00,
2026-05-09 18:11:17,True,gaze,355,199,0.00,-41.00,
2026-05-09 18:11:17,True,gaze,355,199,0.00,-41.00,
2026-05-09 18:11:17,True,gaze,355,199,0.00,-41.00,
2026-05-09 18:11:17,True,gaze,355,199,0.00,-41.00,
2026-05-09 18:11:17,True,gaze,355,199,0.00,-41.00,
2026-05-09 18:11:18,True,gaze,354,199,0.00,-41.00,
2026-05-09 18:11:18,True,gaze,354,199,0.00,-41.00,
2026-05-09 18:11:18,True,gaze,353,199,0.00,-41.00,
2026-05-09 18:11:18,True,gaze,354,199,0.00,-41.00,
2026-05-09 18:11:18,True,gaze,354,199,0.00,-41.00,
2026-05-09 18:11:18,True,gaze,354,199,0.00,-41.00,
2026-05-09 18:11:18,True,gaze,354,199,0.00,-41.00,
2026-05-09 18:11:18,True,gaze,355,199,0.00,-41.00,
2026-05-09 18:11:19,True,gaze,355,199,0.00,-41.00,
2026-05-09 18:11:19,True,gaze,355,198,0.00,-42.00,
2026-05-09 18:11:19,True,gaze,355,199,0.00,-41.00,
2026-05-09 18:11:19,True,gaze,358,199,0.00,-41.00,
2026-05-09 18:11:19,True,gaze,365,199,0.00,-41.00,
2026-05-09 18:11:19,True,gaze,368,200,48.00,-40.00,
2026-05-09 18:11:19,True,gaze,377,200,57.00,-40.00,
2026-05-09 18:11:20,True,gaze,390,202,70.00,-38.00,
2026-05-09 18:11:20,True,gaze,403,203,83.00,-37.00,
2026-05-09 18:11:20,True,gaze,411,203,91.00,-37.00,
2026-05-09 18:11:20,True,gaze,420,204,100.00,-36.00,
2026-05-09 18:11:20,True,gaze,428,207,108.00,0.00,
2026-05-09 18:11:20,True,gaze,435,208,115.00,0.00,
2026-05-09 18:11:20,True,gaze,441,208,121.00,0.00,
2026-05-09 18:11:20,True,gaze,442,208,122.00,0.00,
2026-05-09 18:11:21,True,gaze,446,208,126.00,0.00,
2026-05-09 18:11:21,True,gaze,436,205,116.00,0.00,
2026-05-09 18:11:21,True,gaze,391,202,71.00,-38.00,
2026-05-09 18:11:21,True,gaze,334,198,0.00,-42.00,
2026-05-09 18:11:21,True,gaze,305,194,0.00,-46.00,
2026-05-09 18:11:21,True,gaze,296,193,0.00,-47.00,
2026-05-09 18:11:21,True,gaze,293,191,0.00,-49.00,
2026-05-09 18:11:21,True,gaze,294,191,0.00,-49.00,
2026-05-09 18:11:22,True,gaze,293,191,0.00,-49.00,
2026-05-09 18:11:22,True,gaze,294,189,0.00,-51.00,
2026-05-09 18:11:22,True,gaze,295,189,0.00,-51.00,
2026-05-09 18:11:22,True,gaze,296,189,0.00,-51.00,
2026-05-09 18:11:22,True,gaze,297,190,0.00,-50.00,
2026-05-09 18:11:22,True,gaze,297,189,0.00,-51.00,
2026-05-09 18:11:22,True,gaze,297,189,0.00,-51.00,
2026-05-09 18:11:22,True,gaze,298,189,0.00,-51.00,
2026-05-09 18:11:23,True,gaze,298,189,0.00,-51.00,
2026-05-09 18:11:23,True,gaze,302,190,0.00,-50.00,
2026-05-09 18:11:23,True,gaze,307,191,0.00,-49.00,
2026-05-09 18:11:23,True,gaze,308,191,0.00,-49.00,
2026-05-09 18:11:23,True,gaze,317,191,0.00,-49.00,
2026-05-09 18:11:23,True,gaze,328,191,0.00,-49.00,
2026-05-09 18:11:23,True,gaze,331,191,0.00,-49.00,
2026-05-09 18:11:23,True,gaze,335,192,0.00,-48.00,
2026-05-09 18:11:24,True,gaze,336,192,0.00,-48.00,
2026-05-09 18:11:24,True,gaze,335,192,0.00,-48.00,
2026-05-09 18:11:24,True,gaze,332,191,0.00,-49.00,
2026-05-09 18:11:24,True,gaze,330,190,0.00,-50.00,
2026-05-09 18:11:24,True,gaze,329,190,0.00,-50.00,
2026-05-09 18:11:24,True,gaze,329,190,0.00,-50.00,
2026-05-09 18:11:24,True,gaze,327,189,0.00,-51.00,
2026-05-09 18:11:24,True,gaze,327,189,0.00,-51.00,
2026-05-09 18:11:25,True,gaze,327,189,0.00,-51.00,
2026-05-09 18:11:25,True,gaze,328,189,0.00,-51.00,
2026-05-09 18:11:25,True,gaze,327,189,0.00,-51.00,
2026-05-09 18:11:25,True,gaze,327,189,0.00,-51.00,
2026-05-09 18:11:25,True,gaze,327,189,0.00,-51.00,
2026-05-09 18:11:25,True,gaze,327,189,0.00,-51.00,
2026-05-09 18:11:25,True,gaze,328,189,0.00,-51.00,
2026-05-09 18:11:26,True,gaze,331,189,0.00,-51.00,
2026-05-09 18:11:26,True,gaze,335,189,0.00,-51.00,
2026-05-09 18:11:26,True,gaze,343,190,0.00,-50.00,
2026-05-09 18:11:26,True,gaze,369,191,49.00,-49.00,
2026-05-09 18:11:26,True,gaze,392,192,72.00,-48.00,
2026-05-09 18:11:26,True,gaze,403,197,83.00,-43.00,
2026-05-09 18:11:26,True,gaze,408,204,88.00,-36.00,
2026-05-09 18:11:26,True,gaze,403,214,83.00,0.00,
2026-05-09 18:11:27,True,gaze,401,218,81.00,0.00,
2026-05-09 18:11:27,True,gaze,396,230,76.00,0.00,
2026-05-09 18:11:27,True,gaze,394,258,74.00,0.00,
2026-05-09 18:11:27,True,gaze,384,266,64.00,0.00,
2026-05-09 18:11:27,True,gaze,370,267,50.00,0.00,
2026-05-09 18:11:27,True,gaze,360,264,0.00,0.00,
2026-05-09 18:11:27,True,gaze,348,220,0.00,0.00,
2026-05-09 18:11:27,True,gaze,325,188,0.00,-52.00,
2026-05-09 18:11:28,True,gaze,285,176,0.00,-64.00,
2026-05-09 18:11:28,True,gaze,240,176,-80.00,-64.00,
2026-05-09 18:11:28,True,gaze,207,177,-113.00,-63.00,
2026-05-09 18:11:28,True,gaze,186,177,-134.00,-63.00,
2026-05-09 18:11:28,True,gaze,172,178,-148.00,-62.00,
2026-05-09 18:11:28,True,gaze,162,180,-158.00,-60.00,
2026-05-09 18:11:28,True,gaze,170,182,-150.00,-58.00,
2026-05-09 18:11:28,True,gaze,200,200,-120.00,-40.00,
2026-05-09 18:11:29,True,gaze,218,210,-102.00,0.00,
2026-05-09 18:11:29,True,gaze,226,213,-94.00,0.00,
2026-05-09 18:11:29,True,gaze,224,212,-96.00,0.00,
2026-05-09 18:11:29,True,gaze,206,211,-114.00,0.00,
2026-05-09 18:11:29,True,gaze,200,211,-120.00,0.00,
2026-05-09 18:11:29,True,gaze,154,214,-166.00,0.00,
2026-05-09 18:11:29,True,gaze,145,214,-175.00,0.00,
2026-05-09 18:11:29,True,gaze,144,214,-176.00,0.00,
2026-05-09 18:11:30,True,gaze,142,216,-178.00,0.00,
2026-05-09 18:11:30,True,gaze,141,217,-179.00,0.00,
2026-05-09 18:11:30,True,gaze,143,217,-177.00,0.00,
2026-05-09 18:11:30,True,gaze,143,217,-177.00,0.00,
2026-05-09 18:11:30,True,gaze,147,217,-173.00,0.00,
2026-05-09 18:11:30,True,gaze,160,218,-160.00,0.00,
2026-05-09 18:11:30,True,gaze,176,219,-144.00,0.00,
2026-05-09 18:11:31,True,gaze,189,220,-131.00,0.00,
2026-05-09 18:11:31,True,gaze,196,220,-124.00,0.00,
2026-05-09 18:11:31,True,gaze,198,221,-122.00,0.00,
2026-05-09 18:11:31,True,gaze,202,221,-118.00,0.00,
2026-05-09 18:11:31,True,gaze,206,221,-114.00,0.00,
2026-05-09 18:11:31,True,gaze,207,221,-113.00,0.00,
2026-05-09 18:11:31,True,gaze,209,221,-111.00,0.00,
2026-05-09 18:11:31,True,gaze,210,222,-110.00,0.00,
2026-05-09 18:11:32,True,gaze,215,221,-105.00,0.00,
2026-05-09 18:11:32,True,gaze,218,221,-102.00,0.00,
2026-05-09 18:11:32,True,gaze,221,221,-99.00,0.00,
2026-05-09 18:11:32,True,gaze,221,220,-99.00,0.00,
2026-05-09 18:11:32,True,gaze,222,220,-98.00,0.00,
2026-05-09 18:11:32,True,gaze,224,219,-96.00,0.00,
2026-05-09 18:11:32,True,gaze,225,218,-95.00,0.00,
2026-05-09 18:11:32,True,gaze,226,218,-94.00,0.00,
2026-05-09 18:11:33,True,gaze,226,218,-94.00,0.00,
2026-05-09 18:11:33,True,gaze,225,218,-95.00,0.00,
2026-05-09 18:11:33,True,gaze,226,217,-94.00,0.00,
2026-05-09 18:11:33,True,gaze,226,217,-94.00,0.00,
2026-05-09 18:11:33,True,gaze,226,217,-94.00,0.00,
2026-05-09 18:11:33,True,gaze,228,218,-92.00,0.00,
2026-05-09 18:11:33,True,gaze,234,217,-86.00,0.00,
2026-05-09 18:11:33,True,gaze,239,217,-81.00,0.00,
2026-05-09 18:11:34,True,gaze,241,217,-79.00,0.00,
2026-05-09 18:11:34,True,gaze,243,217,-77.00,0.00,
2026-05-09 18:11:34,True,gaze,244,217,-76.00,0.00,
2026-05-09 18:11:34,True,gaze,244,215,-76.00,0.00,
2026-05-09 18:11:34,True,gaze,244,215,-76.00,0.00,
2026-05-09 18:11:34,True,gaze,242,215,-78.00,0.00,
2026-05-09 18:11:34,True,gaze,240,215,-80.00,0.00,
2026-05-09 18:11:34,True,gaze,240,215,-80.00,0.00,
2026-05-09 18:11:35,True,gaze,241,214,-79.00,0.00,
2026-05-09 18:11:35,True,gaze,241,213,-79.00,0.00,
2026-05-09 18:11:35,True,gaze,242,213,-78.00,0.00,
2026-05-09 18:11:35,True,gaze,243,212,-77.00,0.00,
2026-05-09 18:11:35,True,gaze,245,212,-75.00,0.00,
2026-05-09 18:11:35,True,gaze,246,211,-74.00,0.00,
2026-05-09 18:11:35,True,gaze,247,211,-73.00,0.00,
2026-05-09 18:11:35,True,gaze,248,211,-72.00,0.00,
2026-05-09 18:11:36,True,gaze,248,210,-72.00,0.00,
2026-05-09 18:11:36,True,gaze,249,210,-71.00,0.00,
2026-05-09 18:11:36,True,gaze,249,210,-71.00,0.00,
2026-05-09 18:11:36,True,gaze,249,210,-71.00,0.00,
2026-05-09 18:11:36,True,gaze,249,210,-71.00,0.00,
2026-05-09 18:11:36,True,gaze,249,210,-71.00,0.00,
2026-05-09 18:11:36,True,gaze,249,210,-71.00,0.00,
2026-05-09 18:11:36,True,gaze,248,210,-72.00,0.00,
2026-05-09 18:11:36,True,gaze,248,209,-72.00,0.00,
2026-05-09 18:11:37,True,gaze,248,209,-72.00,0.00,
2026-05-09 18:11:37,True,gaze,248,209,-72.00,0.00,
2026-05-09 18:11:37,True,gaze,248,209,-72.00,0.00,
2026-05-09 18:11:37,True,gaze,248,209,-72.00,0.00,
2026-05-09 18:11:37,True,gaze,248,209,-72.00,0.00,
2026-05-09 18:11:37,True,gaze,248,209,-72.00,0.00,
2026-05-09 18:11:37,True,gaze,247,209,-73.00,0.00,
2026-05-09 18:11:38,True,gaze,247,209,-73.00,0.00,
2026-05-09 18:11:38,True,gaze,247,209,-73.00,0.00,
2026-05-09 18:11:38,True,gaze,246,208,-74.00,0.00,
2026-05-09 18:11:38,True,gaze,245,208,-75.00,0.00,
2026-05-09 18:11:38,True,gaze,244,207,-76.00,0.00,
2026-05-09 18:11:38,True,gaze,243,206,-77.00,0.00,
2026-05-09 18:11:38,True,gaze,243,206,-77.00,0.00,
2026-05-09 18:11:38,True,gaze,242,205,-78.00,0.00,
2026-05-09 18:11:39,True,gaze,241,205,-79.00,0.00,
2026-05-09 18:11:39,True,gaze,225,206,-95.00,0.00,
2026-05-09 18:11:39,True,gaze,221,206,-99.00,0.00,
2026-05-09 18:11:39,True,gaze,217,205,-103.00,0.00,
2026-05-09 18:11:39,True,gaze,218,205,-102.00,0.00,
2026-05-09 18:11:39,True,gaze,212,205,-108.00,0.00,
2026-05-09 18:11:39,True,gaze,207,204,-113.00,-36.00,
2026-05-09 18:11:39,True,gaze,204,204,-116.00,-36.00,
2026-05-09 18:11:39,True,gaze,204,203,-116.00,-37.00,
2026-05-09 18:11:40,True,gaze,205,201,-115.00,-39.00,
2026-05-09 18:11:40,True,gaze,206,200,-114.00,-40.00,
2026-05-09 18:11:40,True,gaze,207,199,-113.00,-41.00,
2026-05-09 18:11:40,True,gaze,207,199,-113.00,-41.00,
2026-05-09 18:11:40,True,gaze,208,199,-112.00,-41.00,
2026-05-09 18:11:40,True,gaze,208,199,-112.00,-41.00,
2026-05-09 18:11:40,True,gaze,208,198,-112.00,-42.00,
2026-05-09 18:11:40,True,gaze,209,198,-111.00,-42.00,
2026-05-09 18:11:41,True,gaze,218,203,-102.00,-37.00,
2026-05-09 18:11:41,True,gaze,236,213,-84.00,0.00,
2026-05-09 18:11:41,True,gaze,244,223,-76.00,0.00,
2026-05-09 18:11:41,True,gaze,248,227,-72.00,0.00,
2026-05-09 18:11:41,True,gaze,252,230,-68.00,0.00,
2026-05-09 18:11:41,True,gaze,253,230,-67.00,0.00,
2026-05-09 18:11:41,True,gaze,256,233,-64.00,0.00,
2026-05-09 18:11:41,True,gaze,258,234,-62.00,0.00,
2026-05-09 18:11:42,True,gaze,257,235,-63.00,0.00,
2026-05-09 18:11:42,True,gaze,256,236,-64.00,0.00,
2026-05-09 18:11:42,True,gaze,255,236,-65.00,0.00,
2026-05-09 18:11:42,True,gaze,255,236,-65.00,0.00,
2026-05-09 18:11:42,True,gaze,254,238,-66.00,0.00,
2026-05-09 18:11:42,True,gaze,254,238,-66.00,0.00,
2026-05-09 18:11:42,True,gaze,254,238,-66.00,0.00,
2026-05-09 18:11:42,True,gaze,253,239,-67.00,0.00,
2026-05-09 18:11:43,True,gaze,253,237,-67.00,0.00,
2026-05-09 18:11:43,True,gaze,253,237,-67.00,0.00,
2026-05-09 18:11:43,True,gaze,254,233,-66.00,0.00,
2026-05-09 18:11:43,True,gaze,255,232,-65.00,0.00,
2026-05-09 18:11:43,True,gaze,253,218,-67.00,0.00,
2026-05-09 18:11:43,True,gaze,244,200,-76.00,-40.00,
2026-05-09 18:11:43,True,gaze,237,196,-83.00,-44.00,
2026-05-09 18:11:43,True,gaze,238,193,-82.00,-47.00,
2026-05-09 18:11:44,True,gaze,242,190,-78.00,-50.00,
2026-05-09 18:11:44,True,gaze,250,185,-70.00,-55.00,
2026-05-09 18:11:44,True,gaze,257,183,-63.00,-57.00,
2026-05-09 18:11:44,True,gaze,260,182,-60.00,-58.00,
2026-05-09 18:11:44,True,gaze,261,181,-59.00,-59.00,
2026-05-09 18:11:44,True,gaze,260,180,-60.00,-60.00,
2026-05-09 18:11:44,True,gaze,260,179,-60.00,-61.00,
2026-05-09 18:11:44,True,gaze,260,177,-60.00,-63.00,
2026-05-09 18:11:45,True,gaze,261,177,-59.00,-63.00,
2026-05-09 18:11:45,True,gaze,264,178,-56.00,-62.00,
2026-05-09 18:11:45,True,gaze,271,181,-49.00,-59.00,
2026-05-09 18:11:45,True,gaze,283,183,0.00,-57.00,
2026-05-09 18:11:45,True,gaze,292,184,0.00,-56.00,
2026-05-09 18:11:45,True,gaze,297,184,0.00,-56.00,
2026-05-09 18:11:45,True,gaze,298,184,0.00,-56.00,
2026-05-09 18:11:45,True,gaze,300,183,0.00,-57.00,
2026-05-09 18:11:46,True,gaze,302,183,0.00,-57.00,
2026-05-09 18:11:46,True,gaze,309,185,0.00,-55.00,
2026-05-09 18:11:46,True,gaze,310,185,0.00,-55.00,
2026-05-09 18:11:46,True,gaze,310,186,0.00,-54.00,
2026-05-09 18:11:46,True,gaze,310,186,0.00,-54.00,
2026-05-09 18:11:46,True,gaze,309,186,0.00,-54.00,
2026-05-09 18:11:46,True,gaze,307,186,0.00,-54.00,
2026-05-09 18:11:46,True,gaze,306,186,0.00,-54.00,
2026-05-09 18:11:47,True,gaze,306,186,0.00,-54.00,
2026-05-09 18:11:47,True,gaze,307,186,0.00,-54.00,
2026-05-09 18:11:47,True,gaze,308,185,0.00,-55.00,
2026-05-09 18:11:47,True,gaze,309,183,0.00,-57.00,
2026-05-09 18:11:47,True,gaze,310,183,0.00,-57.00,
2026-05-09 18:11:47,True,gaze,310,183,0.00,-57.00,
2026-05-09 18:11:47,True,gaze,310,183,0.00,-57.00,
2026-05-09 18:11:48,True,gaze,309,182,0.00,-58.00,
2026-05-09 18:11:48,True,gaze,309,182,0.00,-58.00,
2026-05-09 18:11:48,True,gaze,307,182,0.00,-58.00,
2026-05-09 18:11:48,True,gaze,303,182,0.00,-58.00,
2026-05-09 18:11:48,True,gaze,299,182,0.00,-58.00,
2026-05-09 18:11:48,True,gaze,298,182,0.00,-58.00,
2026-05-09 18:11:48,True,gaze,298,180,0.00,-60.00,
2026-05-09 18:11:48,True,gaze,296,180,0.00,-60.00,
2026-05-09 18:11:49,True,gaze,289,179,0.00,-61.00,
2026-05-09 18:11:49,True,gaze,286,178,0.00,-62.00,
2026-05-09 18:11:49,True,gaze,266,177,-54.00,-63.00,
2026-05-09 18:11:49,True,gaze,259,180,-61.00,-60.00,
2026-05-09 18:11:49,True,gaze,227,188,-93.00,-52.00,
2026-05-09 18:11:49,True,gaze,225,189,-95.00,-51.00,
2026-05-09 18:11:49,True,gaze,222,185,-98.00,-55.00,
2026-05-09 18:11:49,True,gaze,217,181,-103.00,-59.00,
2026-05-09 18:11:49,True,gaze,211,181,-109.00,-59.00,
2026-05-09 18:11:50,True,gaze,203,180,-117.00,-60.00,
2026-05-09 18:11:50,True,gaze,196,187,-124.00,-53.00,
2026-05-09 18:11:50,True,gaze,188,253,-132.00,0.00,
2026-05-09 18:11:50,False,gaze,,,0.00,0.00,
2026-05-09 18:11:50,True,gaze,170,373,-150.00,133.00,
2026-05-09 18:11:50,True,gaze,160,395,-160.00,155.00,
2026-05-09 18:11:50,True,gaze,159,392,-161.00,152.00,
2026-05-09 18:11:50,True,gaze,159,384,-161.00,144.00,
2026-05-09 18:11:51,True,gaze,159,372,-161.00,132.00,
2026-05-09 18:11:51,True,gaze,160,362,-160.00,122.00,
2026-05-09 18:11:51,True,gaze,162,356,-158.00,116.00,
2026-05-09 18:11:51,True,gaze,163,351,-157.00,111.00,
2026-05-09 18:11:51,True,gaze,163,347,-157.00,107.00,
2026-05-09 18:11:51,True,gaze,161,343,-159.00,103.00,
2026-05-09 18:11:51,True,gaze,158,337,-162.00,97.00,
2026-05-09 18:11:51,True,gaze,157,331,-163.00,91.00,
2026-05-09 18:11:52,True,gaze,157,329,-163.00,89.00,
2026-05-09 18:11:52,True,gaze,165,322,-155.00,82.00,
2026-05-09 18:11:52,True,gaze,191,303,-129.00,63.00,
2026-05-09 18:11:52,True,gaze,224,245,-96.00,0.00,
2026-05-09 18:11:52,True,gaze,226,227,-94.00,0.00,
2026-05-09 18:11:52,True,gaze,241,174,-79.00,-66.00,
2026-05-09 18:11:52,True,gaze,242,169,-78.00,-71.00,
2026-05-09 18:11:52,True,gaze,237,163,-83.00,-77.00,
2026-05-09 18:11:53,True,gaze,227,166,-93.00,-74.00,
2026-05-09 18:11:53,True,gaze,212,190,-108.00,-50.00,
2026-05-09 18:11:53,True,gaze,203,206,-117.00,0.00,
2026-05-09 18:11:53,True,gaze,206,205,-114.00,0.00,
2026-05-09 18:11:53,True,gaze,218,203,-102.00,-37.00,
2026-05-09 18:11:53,True,gaze,229,200,-91.00,-40.00,
2026-05-09 18:11:53,True,gaze,236,193,-84.00,-47.00,
2026-05-09 18:11:53,True,gaze,243,187,-77.00,-53.00,EXIT
