timestamp,hand_detected,hand_x,hand_y,screen_x,screen_y,event
2026-05-13 15:21:47,False,,,1616,618,
2026-05-13 15:21:47,False,,,1616,618,
2026-05-13 15:21:47,False,,,1616,618,
2026-05-13 15:21:47,False,,,1616,618,
2026-05-13 15:21:47,False,,,1616,618,
2026-05-13 15:21:47,False,,,1616,618,
2026-05-13 15:21:47,False,,,1616,618,
2026-05-13 15:21:47,False,,,1616,618,
2026-05-13 15:21:47,False,,,1616,618,
2026-05-13 15:21:47,False,,,1616,618,
2026-05-13 15:21:47,False,,,1616,618,
2026-05-13 15:21:47,False,,,1616,618,
2026-05-13 15:21:48,False,,,1616,618,
2026-05-13 15:21:48,False,,,1616,618,
2026-05-13 15:21:48,False,,,1616,618,
2026-05-13 15:21:48,False,,,1616,618,
2026-05-13 15:21:48,False,,,1616,618,
2026-05-13 15:21:48,False,,,1616,618,
2026-05-13 15:21:48,False,,,1616,618,
2026-05-13 15:21:48,False,,,1616,618,
2026-05-13 15:21:48,False,,,1616,618,
2026-05-13 15:21:48,False,,,1616,618,
2026-05-13 15:21:48,False,,,1616,618,
2026-05-13 15:21:48,False,,,1616,618,
2026-05-13 15:21:48,False,,,1616,618,
2026-05-13 15:21:48,False,,,1616,618,
2026-05-13 15:21:48,False,,,1616,618,
2026-05-13 15:21:48,False,,,1616,618,
2026-05-13 15:21:48,False,,,1616,618,
2026-05-13 15:21:48,False,,,1616,618,
2026-05-13 15:21:48,False,,,1616,618,
2026-05-13 15:21:48,False,,,1616,618,
2026-05-13 15:21:48,False,,,1616,618,
2026-05-13 15:21:48,False,,,1616,618,
2026-05-13 15:21:48,False,,,1616,618,
2026-05-13 15:21:48,False,,,1616,618,
2026-05-13 15:21:48,False,,,1616,618,
2026-05-13 15:21:48,False,,,1616,618,
2026-05-13 15:21:48,False,,,1616,618,
2026-05-13 15:21:48,False,,,1616,618,
2026-05-13 15:21:48,False,,,1616,618,
2026-05-13 15:21:48,False,,,1616,618,
2026-05-13 15:21:49,False,,,1616,618,
2026-05-13 15:21:49,False,,,1616,618,
2026-05-13 15:21:49,False,,,1616,618,
2026-05-13 15:21:49,False,,,1616,618,
2026-05-13 15:21:49,False,,,1616,618,
2026-05-13 15:21:49,False,,,1616,618,
2026-05-13 15:21:49,False,,,1616,618,
2026-05-13 15:21:49,False,,,1616,618,
2026-05-13 15:21:49,False,,,1616,618,
2026-05-13 15:21:49,False,,,1616,618,
2026-05-13 15:21:49,False,,,1616,618,
2026-05-13 15:21:49,False,,,1616,618,
2026-05-13 15:21:49,False,,,1616,618,
2026-05-13 15:21:49,False,,,1616,618,
2026-05-13 15:21:49,False,,,1616,618,
2026-05-13 15:21:49,False,,,1616,618,
2026-05-13 15:21:49,False,,,1616,618,
2026-05-13 15:21:49,False,,,1616,618,
2026-05-13 15:21:49,False,,,1616,618,
2026-05-13 15:21:49,False,,,1616,618,
2026-05-13 15:21:49,False,,,1616,618,
2026-05-13 15:21:49,False,,,1616,618,
2026-05-13 15:21:49,False,,,1616,618,
2026-05-13 15:21:49,False,,,1616,618,
2026-05-13 15:21:49,False,,,1616,618,
2026-05-13 15:21:49,False,,,1616,618,
2026-05-13 15:21:49,False,,,1616,618,
2026-05-13 15:21:49,False,,,1616,618,
2026-05-13 15:21:49,False,,,1616,618,
2026-05-13 15:21:49,False,,,1616,618,
2026-05-13 15:21:49,False,,,1616,618,
2026-05-13 15:21:50,False,,,1616,618,
2026-05-13 15:21:50,False,,,1616,618,
2026-05-13 15:21:50,False,,,1616,618,
2026-05-13 15:21:50,False,,,1616,618,
2026-05-13 15:21:50,False,,,1616,618,
2026-05-13 15:21:50,False,,,1616,618,
2026-05-13 15:21:50,False,,,1616,618,
2026-05-13 15:21:50,False,,,1616,618,
2026-05-13 15:21:50,False,,,1616,618,
2026-05-13 15:21:50,False,,,1616,618,
2026-05-13 15:21:50,False,,,1616,618,
2026-05-13 15:21:50,False,,,1616,618,
2026-05-13 15:21:50,False,,,1616,618,
2026-05-13 15:21:50,False,,,1616,618,
2026-05-13 15:21:50,False,,,1616,618,
2026-05-13 15:21:50,False,,,1616,618,
2026-05-13 15:21:50,False,,,1616,618,
2026-05-13 15:21:50,False,,,1616,618,
2026-05-13 15:21:50,False,,,1616,618,
2026-05-13 15:21:50,False,,,1616,618,
2026-05-13 15:21:50,False,,,1616,618,
2026-05-13 15:21:50,False,,,1616,618,
2026-05-13 15:21:50,False,,,1616,618,
2026-05-13 15:21:50,False,,,1616,618,
2026-05-13 15:21:50,False,,,1616,618,
2026-05-13 15:21:50,False,,,1616,618,
2026-05-13 15:21:50,False,,,1616,618,
2026-05-13 15:21:50,False,,,1616,618,
2026-05-13 15:21:50,False,,,1616,618,
2026-05-13 15:21:51,False,,,1616,618,
2026-05-13 15:21:51,False,,,1616,618,
2026-05-13 15:21:51,False,,,1616,618,
2026-05-13 15:21:51,False,,,1616,618,
2026-05-13 15:21:51,False,,,1616,618,
2026-05-13 15:21:51,False,,,1616,618,
2026-05-13 15:21:51,False,,,1616,618,
2026-05-13 15:21:51,False,,,1616,618,
2026-05-13 15:21:51,False,,,1616,618,
2026-05-13 15:21:51,False,,,1616,618,
2026-05-13 15:21:51,False,,,1616,618,
2026-05-13 15:21:51,False,,,1616,618,
2026-05-13 15:21:51,False,,,1616,618,
2026-05-13 15:21:51,False,,,1616,618,
2026-05-13 15:21:51,False,,,1616,618,
2026-05-13 15:21:51,False,,,1616,618,
2026-05-13 15:21:51,False,,,1616,618,
2026-05-13 15:21:51,False,,,1616,618,
2026-05-13 15:21:51,False,,,1616,618,
2026-05-13 15:21:51,False,,,1616,618,
2026-05-13 15:21:51,False,,,1616,618,
2026-05-13 15:21:51,False,,,1616,618,
2026-05-13 15:21:51,False,,,1616,618,
2026-05-13 15:21:51,False,,,1616,618,
2026-05-13 15:21:51,False,,,1616,618,
2026-05-13 15:21:51,False,,,1616,618,
2026-05-13 15:21:51,False,,,1616,618,
2026-05-13 15:21:51,False,,,1616,618,
2026-05-13 15:21:51,False,,,1616,618,
2026-05-13 15:21:51,False,,,1616,618,
2026-05-13 15:21:51,False,,,1616,618,
2026-05-13 15:21:52,False,,,1616,618,
2026-05-13 15:21:52,False,,,1616,618,
2026-05-13 15:21:52,False,,,1616,618,
2026-05-13 15:21:52,False,,,1616,618,
2026-05-13 15:21:52,False,,,1616,618,
2026-05-13 15:21:52,False,,,1616,618,
2026-05-13 15:21:52,False,,,1616,618,
2026-05-13 15:21:52,False,,,1616,618,
2026-05-13 15:21:52,False,,,1616,618,
2026-05-13 15:21:52,False,,,1616,618,
2026-05-13 15:21:52,False,,,1616,618,
2026-05-13 15:21:52,False,,,1616,618,
2026-05-13 15:21:52,False,,,1616,618,
2026-05-13 15:21:52,False,,,1616,618,
2026-05-13 15:21:52,False,,,1616,618,
2026-05-13 15:21:52,False,,,1616,618,
2026-05-13 15:21:52,False,,,1616,618,
2026-05-13 15:21:52,False,,,1616,618,
2026-05-13 15:21:52,False,,,1616,618,
2026-05-13 15:21:52,False,,,1616,618,
2026-05-13 15:21:52,False,,,1616,618,
2026-05-13 15:21:52,False,,,1616,618,
2026-05-13 15:21:52,False,,,1616,618,
2026-05-13 15:21:52,False,,,1616,618,
2026-05-13 15:21:52,False,,,1616,618,
2026-05-13 15:21:52,False,,,1616,618,
2026-05-13 15:21:52,False,,,1616,618,
2026-05-13 15:21:52,False,,,1616,618,
2026-05-13 15:21:52,False,,,1616,618,
2026-05-13 15:21:53,False,,,1616,618,
2026-05-13 15:21:53,False,,,1616,618,
2026-05-13 15:21:53,False,,,1616,618,
2026-05-13 15:21:53,False,,,1616,618,
2026-05-13 15:21:53,False,,,1616,618,
2026-05-13 15:21:53,False,,,1616,618,
2026-05-13 15:21:53,False,,,1616,618,
2026-05-13 15:21:53,False,,,1616,618,
2026-05-13 15:21:53,False,,,1616,618,
2026-05-13 15:21:53,False,,,1616,618,
2026-05-13 15:21:53,False,,,1616,618,
2026-05-13 15:21:53,False,,,1616,618,
2026-05-13 15:21:53,False,,,1616,618,
2026-05-13 15:21:53,False,,,1616,618,
2026-05-13 15:21:53,False,,,1616,618,
2026-05-13 15:21:53,False,,,1616,618,
2026-05-13 15:21:53,False,,,1616,618,
2026-05-13 15:21:53,False,,,1616,618,
2026-05-13 15:21:53,False,,,1616,618,
2026-05-13 15:21:53,False,,,1616,618,
2026-05-13 15:21:53,False,,,1616,618,
2026-05-13 15:21:53,False,,,1616,618,
2026-05-13 15:21:53,False,,,1616,618,
2026-05-13 15:21:53,False,,,1616,618,
2026-05-13 15:21:53,False,,,1616,618,
2026-05-13 15:21:53,True,277,213,832,479,
2026-05-13 15:21:54,True,279,225,833,485,
2026-05-13 15:21:54,True,277,233,832,494,
2026-05-13 15:21:54,True,280,239,834,505,
2026-05-13 15:21:54,True,280,241,835,514,
2026-05-13 15:21:54,True,272,241,830,520,
2026-05-13 15:21:54,True,265,239,821,524,
2026-05-13 15:21:54,True,254,238,806,526,
2026-05-13 15:21:54,True,246,240,789,529,
2026-05-13 15:21:55,True,246,241,776,532,
2026-05-13 15:21:55,True,245,240,766,534,
2026-05-13 15:21:55,True,245,238,758,534,
2026-05-13 15:21:55,True,244,236,751,533,
2026-05-13 15:21:55,True,245,239,747,534,
2026-05-13 15:21:55,True,252,244,749,537,
2026-05-13 15:21:55,True,256,244,753,540,
2026-05-13 15:21:55,True,258,244,758,542,
2026-05-13 15:21:55,True,259,246,762,545,
2026-05-13 15:21:56,True,262,247,768,547,
2026-05-13 15:21:56,True,259,245,770,548,
2026-05-13 15:21:56,True,256,248,769,550,
2026-05-13 15:21:56,True,252,245,765,550,
2026-05-13 15:21:56,True,248,245,760,550,
2026-05-13 15:21:56,True,244,244,753,549,
2026-05-13 15:21:56,True,247,248,750,551,
2026-05-13 15:21:56,True,243,259,744,558,
2026-05-13 15:21:57,True,236,268,734,569,
2026-05-13 15:21:57,True,228,270,721,578,
2026-05-13 15:21:57,True,216,269,702,584,
2026-05-13 15:21:57,True,207,273,681,591,
2026-05-13 15:21:57,True,205,272,664,596,
2026-05-13 15:21:57,True,202,279,649,604,
2026-05-13 15:21:57,True,202,273,638,606,
2026-05-13 15:21:57,True,207,272,634,607,
2026-05-13 15:21:58,True,203,274,628,609,
2026-05-13 15:21:58,True,197,276,618,611,
2026-05-13 15:21:58,True,194,274,608,612,
2026-05-13 15:21:58,True,195,272,602,612,
2026-05-13 15:21:58,True,197,273,599,612,
2026-05-13 15:21:58,True,198,269,598,610,
2026-05-13 15:21:58,True,201,266,599,607,
2026-05-13 15:21:58,True,206,269,603,606,
2026-05-13 15:21:58,True,208,264,608,603,
2026-05-13 15:21:59,True,208,262,612,599,
2026-05-13 15:21:59,True,210,258,616,594,
2026-05-13 15:21:59,True,225,243,631,582,
2026-05-13 15:21:59,True,186,257,613,581,
2026-05-13 15:21:59,True,163,223,582,561,
2026-05-13 15:21:59,False,,,582,561,
2026-05-13 15:21:59,True,237,220,614,544,
2026-05-13 15:21:59,True,236,263,637,556,
2026-05-13 15:21:59,False,,,637,556,
2026-05-13 15:21:59,True,174,223,608,542,
2026-05-13 15:21:59,False,,,608,542,
2026-05-13 15:22:00,True,243,223,638,532,
2026-05-13 15:22:00,True,232,227,652,526,
2026-05-13 15:22:00,True,207,255,644,537,
2026-05-13 15:22:00,True,206,273,637,556,
2026-05-13 15:22:00,True,208,273,634,570,
2026-05-13 15:22:00,True,229,282,647,586,
2026-05-13 15:22:00,True,255,284,676,599,
2026-05-13 15:22:00,True,277,283,715,608,
2026-05-13 15:22:01,True,287,280,751,613,
2026-05-13 15:22:01,True,285,280,777,617,
2026-05-13 15:22:01,True,287,276,798,618,
2026-05-13 15:22:01,True,284,276,811,618,
2026-05-13 15:22:01,True,281,274,818,617,
2026-05-13 15:22:01,True,278,268,821,613,
2026-05-13 15:22:01,True,294,252,836,601,
2026-05-13 15:22:01,True,309,276,858,605,
2026-05-13 15:22:01,True,315,283,880,613,
2026-05-13 15:22:02,True,318,274,898,614,
2026-05-13 15:22:02,True,317,282,911,619,
2026-05-13 15:22:02,True,320,269,923,615,
2026-05-13 15:22:02,True,321,280,933,618,
2026-05-13 15:22:02,True,320,268,939,614,
2026-05-13 15:22:02,True,317,274,942,614,
2026-05-13 15:22:02,True,317,234,944,592,
2026-05-13 15:22:02,True,319,233,947,574,
2026-05-13 15:22:03,True,319,230,949,559,
2026-05-13 15:22:03,True,321,229,952,547,
2026-05-13 15:22:03,True,323,230,956,539,
2026-05-13 15:22:03,False,,,956,539,
2026-05-13 15:22:03,True,323,231,959,534,
2026-05-13 15:22:03,True,323,231,961,530,
2026-05-13 15:22:03,True,325,231,964,527,
2026-05-13 15:22:03,False,,,964,527,
2026-05-13 15:22:03,False,,,964,527,
2026-05-13 15:22:03,False,,,964,527,
2026-05-13 15:22:03,False,,,964,527,
2026-05-13 15:22:03,False,,,964,527,
2026-05-13 15:22:03,False,,,964,527,
2026-05-13 15:22:03,False,,,964,527,
2026-05-13 15:22:03,False,,,964,527,
2026-05-13 15:22:03,False,,,964,527,
2026-05-13 15:22:03,False,,,964,527,
2026-05-13 15:22:03,False,,,964,527,
2026-05-13 15:22:03,False,,,964,527,
2026-05-13 15:22:03,False,,,964,527,
2026-05-13 15:22:04,False,,,964,527,
2026-05-13 15:22:04,False,,,964,527,
2026-05-13 15:22:04,False,,,964,527,
2026-05-13 15:22:04,True,318,229,961,524,
2026-05-13 15:22:04,False,,,961,524,
2026-05-13 15:22:04,False,,,961,524,
2026-05-13 15:22:04,False,,,961,524,
2026-05-13 15:22:04,False,,,961,524,
2026-05-13 15:22:04,False,,,961,524,
2026-05-13 15:22:04,False,,,961,524,
2026-05-13 15:22:04,False,,,961,524,
2026-05-13 15:22:04,False,,,961,524,
2026-05-13 15:22:04,False,,,961,524,
2026-05-13 15:22:04,False,,,961,524,
2026-05-13 15:22:04,False,,,961,524,
2026-05-13 15:22:04,False,,,961,524,
2026-05-13 15:22:04,True,323,230,962,522,
2026-05-13 15:22:04,False,,,962,522,
2026-05-13 15:22:04,False,,,962,522,
2026-05-13 15:22:04,True,324,231,964,521,
2026-05-13 15:22:04,True,324,232,965,521,
2026-05-13 15:22:05,True,326,231,968,520,
2026-05-13 15:22:05,True,323,228,968,518,
2026-05-13 15:22:05,False,,,968,518,
2026-05-13 15:22:05,False,,,968,518,
2026-05-13 15:22:05,True,327,232,971,518,
2026-05-13 15:22:05,True,330,232,975,518,
2026-05-13 15:22:05,True,330,233,978,519,
2026-05-13 15:22:05,True,328,231,979,519,
2026-05-13 15:22:05,True,325,231,978,519,
2026-05-13 15:22:05,True,320,226,973,516,
2026-05-13 15:22:06,True,318,232,968,517,
2026-05-13 15:22:06,True,319,231,965,517,
2026-05-13 15:22:06,True,319,232,963,518,
2026-05-13 15:22:06,True,312,234,956,520,
2026-05-13 15:22:06,True,310,236,949,522,
2026-05-13 15:22:06,True,293,244,931,528,
2026-05-13 15:22:06,True,280,253,908,538,
2026-05-13 15:22:06,True,271,254,884,546,
2026-05-13 15:22:06,True,263,256,860,553,
2026-05-13 15:22:07,True,261,259,840,560,
2026-05-13 15:22:07,True,259,255,824,563,
2026-05-13 15:22:07,True,255,257,809,566,LEFT_CLICK
2026-05-13 15:22:07,True,239,260,786,570,
2026-05-13 15:22:07,True,238,287,767,588,
2026-05-13 15:22:07,True,254,310,765,615,
2026-05-13 15:22:07,True,254,311,764,636,
2026-05-13 15:22:07,True,272,316,776,654,
2026-05-13 15:22:08,True,283,304,794,661,
2026-05-13 15:22:08,True,292,291,814,659,
2026-05-13 15:22:08,True,291,275,829,649,
2026-05-13 15:22:08,True,282,264,833,635,
2026-05-13 15:22:08,True,280,262,835,623,
2026-05-13 15:22:08,True,266,253,825,609,
2026-05-13 15:22:08,True,247,252,803,598,
2026-05-13 15:22:08,True,228,258,773,593,
2026-05-13 15:22:09,True,217,264,742,593,
2026-05-13 15:22:09,True,210,268,714,595,
2026-05-13 15:22:09,True,208,270,691,597,
2026-05-13 15:22:09,True,207,274,673,601,
2026-05-13 15:22:09,True,206,278,659,607,
2026-05-13 15:22:09,True,207,280,649,612,
2026-05-13 15:22:09,True,205,279,640,615,
2026-05-13 15:22:09,True,210,281,637,619,
2026-05-13 15:22:09,True,212,275,637,619,
2026-05-13 15:22:10,True,208,275,633,618,
2026-05-13 15:22:10,True,203,273,627,617,
2026-05-13 15:22:10,True,210,275,627,617,
2026-05-13 15:22:10,True,207,279,625,619,
2026-05-13 15:22:10,True,208,277,624,619,
2026-05-13 15:22:10,True,211,276,626,619,
2026-05-13 15:22:10,True,208,279,625,621,
2026-05-13 15:22:10,True,207,279,623,622,
2026-05-13 15:22:11,True,210,280,624,623,
2026-05-13 15:22:11,True,207,278,623,623,
2026-05-13 15:22:11,True,210,280,625,624,
2026-05-13 15:22:11,True,214,282,629,626,
2026-05-13 15:22:11,True,207,277,626,625,
2026-05-13 15:22:11,True,208,278,625,624,
2026-05-13 15:22:11,True,210,282,626,626,
2026-05-13 15:22:11,True,210,282,626,627,
2026-05-13 15:22:11,True,207,275,624,624,
2026-05-13 15:22:12,True,207,280,623,625,
2026-05-13 15:22:12,True,204,274,620,622,
2026-05-13 15:22:12,True,201,271,616,619,
2026-05-13 15:22:12,True,201,273,613,617,
2026-05-13 15:22:12,True,197,278,607,618,
2026-05-13 15:22:12,True,191,277,598,619,
2026-05-13 15:22:12,True,179,275,582,618,
2026-05-13 15:22:12,True,166,279,560,620,
2026-05-13 15:22:13,True,168,276,545,620,
2026-05-13 15:22:13,False,,,545,620,
2026-05-13 15:22:13,True,162,273,530,618,
2026-05-13 15:22:13,True,167,276,522,618,
2026-05-13 15:22:13,True,191,280,535,621,
2026-05-13 15:22:13,True,179,277,535,621,
2026-05-13 15:22:13,True,186,274,540,619,
2026-05-13 15:22:13,True,184,277,542,619,
2026-05-13 15:22:13,True,193,271,551,616,
2026-05-13 15:22:14,True,193,272,558,615,
2026-05-13 15:22:14,True,197,270,566,612,
2026-05-13 15:22:14,True,196,271,571,611,
2026-05-13 15:22:14,True,194,270,573,609,
2026-05-13 15:22:14,True,189,267,571,606,
2026-05-13 15:22:14,True,176,266,560,604,
2026-05-13 15:22:14,False,,,560,604,
2026-05-13 15:22:14,False,,,560,604,
2026-05-13 15:22:14,False,,,560,604,
2026-05-13 15:22:14,False,,,560,604,
2026-05-13 15:22:14,False,,,560,604,
2026-05-13 15:22:14,False,,,560,604,
2026-05-13 15:22:14,False,,,560,604,
2026-05-13 15:22:14,False,,,560,604,
2026-05-13 15:22:14,False,,,560,604,
2026-05-13 15:22:14,False,,,560,604,
2026-05-13 15:22:14,False,,,560,604,
2026-05-13 15:22:15,False,,,560,604,
2026-05-13 15:22:15,False,,,560,604,
2026-05-13 15:22:15,False,,,560,604,
2026-05-13 15:22:15,False,,,560,604,
2026-05-13 15:22:15,False,,,560,604,
2026-05-13 15:22:15,False,,,560,604,
2026-05-13 15:22:15,False,,,560,604,
2026-05-13 15:22:15,False,,,560,604,
2026-05-13 15:22:15,False,,,560,604,
2026-05-13 15:22:15,False,,,560,604,
2026-05-13 15:22:15,False,,,560,604,
2026-05-13 15:22:15,False,,,560,604,
2026-05-13 15:22:15,False,,,560,604,
2026-05-13 15:22:15,False,,,560,604,
2026-05-13 15:22:15,False,,,560,604,
2026-05-13 15:22:15,False,,,560,604,
2026-05-13 15:22:15,False,,,560,604,
2026-05-13 15:22:15,False,,,560,604,
2026-05-13 15:22:15,True,122,263,511,601,
2026-05-13 15:22:15,True,130,265,480,599,
2026-05-13 15:22:15,True,151,257,473,593,
2026-05-13 15:22:16,True,169,253,481,586,
2026-05-13 15:22:16,True,178,250,494,580,
2026-05-13 15:22:16,True,191,248,514,574,
2026-05-13 15:22:16,True,200,248,535,570,
2026-05-13 15:22:16,True,204,246,554,566,
2026-05-13 15:22:16,True,206,246,569,563,
2026-05-13 15:22:16,True,204,275,579,577,
2026-05-13 15:22:16,True,209,251,591,574,
2026-05-13 15:22:17,True,209,284,599,590,
2026-05-13 15:22:17,True,211,246,607,581,
2026-05-13 15:22:17,True,209,250,611,576,
2026-05-13 15:22:17,True,207,250,613,572,
2026-05-13 15:22:17,True,207,248,614,568,
2026-05-13 15:22:17,True,207,250,616,566,
2026-05-13 15:22:17,True,209,254,619,567,
2026-05-13 15:22:17,True,213,250,623,565,
2026-05-13 15:22:17,True,214,253,627,565,
2026-05-13 15:22:18,True,216,253,632,565,
2026-05-13 15:22:18,True,219,253,638,565,
2026-05-13 15:22:18,True,219,251,643,565,
2026-05-13 15:22:18,True,219,253,646,566,
2026-05-13 15:22:18,True,220,253,649,566,
2026-05-13 15:22:18,True,226,250,656,564,
2026-05-13 15:22:18,True,227,249,662,562,
2026-05-13 15:22:18,True,229,248,668,560,
2026-05-13 15:22:19,True,242,248,682,559,
2026-05-13 15:22:19,True,273,246,716,557,
2026-05-13 15:22:19,True,303,250,764,558,
2026-05-13 15:22:19,True,308,251,803,559,
2026-05-13 15:22:19,True,317,251,840,560,
2026-05-13 15:22:19,True,318,250,868,560,
2026-05-13 15:22:19,True,315,248,887,559,
2026-05-13 15:22:19,True,298,236,889,552,
2026-05-13 15:22:19,False,,,889,552,
2026-05-13 15:22:20,True,279,219,876,537,
2026-05-13 15:22:20,False,,,876,537,
2026-05-13 15:22:20,True,262,217,853,524,
2026-05-13 15:22:20,True,270,209,842,510,
2026-05-13 15:22:20,True,259,201,825,495,
2026-05-13 15:22:20,False,,,825,495,
2026-05-13 15:22:20,True,256,206,811,487,
2026-05-13 15:22:20,True,257,202,800,478,
2026-05-13 15:22:20,False,,,800,478,
2026-05-13 15:22:20,True,265,217,799,480,
2026-05-13 15:22:20,False,,,799,480,
2026-05-13 15:22:20,False,,,799,480,
2026-05-13 15:22:20,False,,,799,480,
2026-05-13 15:22:20,False,,,799,480,
2026-05-13 15:22:20,False,,,799,480,
2026-05-13 15:22:20,False,,,799,480,
2026-05-13 15:22:20,False,,,799,480,
2026-05-13 15:22:21,False,,,799,480,
2026-05-13 15:22:21,True,278,222,808,485,
2026-05-13 15:22:21,False,,,808,485,
2026-05-13 15:22:21,False,,,808,485,
2026-05-13 15:22:21,True,274,214,811,484,
2026-05-13 15:22:21,False,,,811,484,
2026-05-13 15:22:21,False,,,811,484,
2026-05-13 15:22:21,False,,,811,484,
2026-05-13 15:22:21,False,,,811,484,
2026-05-13 15:22:21,True,274,217,813,484,
2026-05-13 15:22:21,False,,,813,484,
2026-05-13 15:22:21,True,270,235,812,495,
2026-05-13 15:22:21,True,262,236,805,504,
2026-05-13 15:22:21,True,261,240,799,513,
2026-05-13 15:22:22,True,257,240,791,519,
2026-05-13 15:22:22,True,255,240,784,524,
2026-05-13 15:22:22,True,253,246,778,531,
2026-05-13 15:22:22,True,249,249,770,538,
2026-05-13 15:22:22,True,251,250,765,543,
2026-05-13 15:22:22,True,249,250,760,547,
2026-05-13 15:22:22,True,249,251,757,551,
2026-05-13 15:22:22,True,253,249,757,553,
2026-05-13 15:22:22,True,256,246,759,553,
2026-05-13 15:22:23,True,255,245,760,552,
2026-05-13 15:22:23,True,254,228,760,542,
2026-05-13 15:22:23,False,,,760,542,
2026-05-13 15:22:23,False,,,760,542,
2026-05-13 15:22:23,False,,,760,542,
2026-05-13 15:22:23,False,,,760,542,
2026-05-13 15:22:23,False,,,760,542,
2026-05-13 15:22:23,False,,,760,542,
2026-05-13 15:22:23,False,,,760,542,
2026-05-13 15:22:23,False,,,760,542,
2026-05-13 15:22:23,False,,,760,542,
2026-05-13 15:22:23,False,,,760,542,
2026-05-13 15:22:23,False,,,760,542,
2026-05-13 15:22:23,False,,,760,542,
2026-05-13 15:22:23,False,,,760,542,
2026-05-13 15:22:23,True,261,221,765,530,
2026-05-13 15:22:23,False,,,765,530,
2026-05-13 15:22:23,False,,,765,530,
2026-05-13 15:22:23,False,,,765,530,
2026-05-13 15:22:23,True,258,218,767,520,
2026-05-13 15:22:23,False,,,767,520,
2026-05-13 15:22:23,False,,,767,520,
2026-05-13 15:22:23,False,,,767,520,
2026-05-13 15:22:23,False,,,767,520,
2026-05-13 15:22:23,False,,,767,520,
2026-05-13 15:22:24,False,,,767,520,
2026-05-13 15:22:24,False,,,767,520,
2026-05-13 15:22:24,False,,,767,520,
2026-05-13 15:22:24,False,,,767,520,
2026-05-13 15:22:24,False,,,767,520,
2026-05-13 15:22:24,True,263,217,772,512,
2026-05-13 15:22:24,True,266,217,778,505,
2026-05-13 15:22:24,False,,,778,505,
2026-05-13 15:22:24,False,,,778,505,
2026-05-13 15:22:24,False,,,778,505,
2026-05-13 15:22:24,False,,,778,505,
2026-05-13 15:22:24,False,,,778,505,
2026-05-13 15:22:24,False,,,778,505,
2026-05-13 15:22:24,False,,,778,505,
2026-05-13 15:22:24,False,,,778,505,
2026-05-13 15:22:24,False,,,778,505,
2026-05-13 15:22:24,False,,,778,505,
2026-05-13 15:22:24,False,,,778,505,
2026-05-13 15:22:24,False,,,778,505,
2026-05-13 15:22:24,False,,,778,505,
2026-05-13 15:22:24,False,,,778,505,
2026-05-13 15:22:24,False,,,778,505,
2026-05-13 15:22:24,False,,,778,505,
2026-05-13 15:22:24,False,,,778,505,
2026-05-13 15:22:24,False,,,778,505,
2026-05-13 15:22:24,False,,,778,505,
2026-05-13 15:22:24,False,,,778,505,
2026-05-13 15:22:25,False,,,778,505,
2026-05-13 15:22:25,False,,,778,505,
2026-05-13 15:22:25,False,,,778,505,
2026-05-13 15:22:25,True,251,213,772,498,
2026-05-13 15:22:25,False,,,772,498,
2026-05-13 15:22:25,True,254,224,769,499,
2026-05-13 15:22:25,False,,,769,499,
2026-05-13 15:22:25,False,,,769,499,
2026-05-13 15:22:25,False,,,769,499,
2026-05-13 15:22:25,False,,,769,499,
2026-05-13 15:22:25,False,,,769,499,
2026-05-13 15:22:25,False,,,769,499,
2026-05-13 15:22:25,False,,,769,499,
2026-05-13 15:22:25,False,,,769,499,
2026-05-13 15:22:25,False,,,769,499,
2026-05-13 15:22:25,False,,,769,499,
2026-05-13 15:22:25,False,,,769,499,
2026-05-13 15:22:25,False,,,769,499,
2026-05-13 15:22:25,False,,,769,499,
2026-05-13 15:22:25,True,295,230,798,503,
2026-05-13 15:22:25,True,300,233,823,508,
2026-05-13 15:22:26,True,311,241,850,516,
2026-05-13 15:22:26,True,323,245,879,524,
2026-05-13 15:22:26,True,333,249,908,532,
2026-05-13 15:22:26,True,342,254,937,541,
2026-05-13 15:22:26,False,,,937,541,
2026-05-13 15:22:26,False,,,937,541,
2026-05-13 15:22:26,False,,,937,541,
2026-05-13 15:22:26,False,,,937,541,
2026-05-13 15:22:26,False,,,937,541,
2026-05-13 15:22:26,False,,,937,541,
2026-05-13 15:22:26,False,,,937,541,
2026-05-13 15:22:26,False,,,937,541,
2026-05-13 15:22:26,False,,,937,541,
2026-05-13 15:22:26,True,342,261,959,552,
2026-05-13 15:22:26,True,335,260,970,560,
2026-05-13 15:22:27,True,314,260,963,566,
2026-05-13 15:22:27,True,293,264,942,573,
2026-05-13 15:22:27,True,284,271,919,582,
2026-05-13 15:22:27,True,282,273,900,589,
2026-05-13 15:22:27,True,282,270,886,593,
2026-05-13 15:22:27,True,281,271,875,597,
2026-05-13 15:22:27,True,283,271,868,600,
2026-05-13 15:22:27,True,284,270,864,602,
2026-05-13 15:22:28,True,299,270,872,603,
2026-05-13 15:22:28,True,318,269,892,603,
2026-05-13 15:22:28,True,322,264,910,600,
2026-05-13 15:22:28,True,324,264,925,598,
2026-05-13 15:22:28,True,330,263,941,596,
2026-05-13 15:22:28,True,328,262,951,594,
2026-05-13 15:22:28,True,324,259,956,591,
2026-05-13 15:22:28,True,323,261,959,589,
2026-05-13 15:22:29,True,320,260,959,587,
2026-05-13 15:22:29,True,318,260,957,586,
2026-05-13 15:22:29,True,317,259,955,585,
2026-05-13 15:22:29,True,314,257,952,583,
2026-05-13 15:22:29,True,313,257,948,581,
2026-05-13 15:22:29,True,311,256,944,579,
2026-05-13 15:22:29,True,311,257,941,578,
2026-05-13 15:22:29,True,308,257,936,577,
2026-05-13 15:22:29,True,302,257,928,577,
2026-05-13 15:22:30,True,301,254,922,575,
2026-05-13 15:22:30,True,299,256,916,575,
2026-05-13 15:22:30,True,296,254,908,573,
2026-05-13 15:22:30,True,293,253,900,571,
2026-05-13 15:22:30,True,293,283,895,587,
2026-05-13 15:22:30,True,295,281,892,598,
2026-05-13 15:22:30,True,292,281,887,606,
2026-05-13 15:22:30,True,295,248,886,594,
2026-05-13 15:22:31,True,306,233,893,576,
2026-05-13 15:22:31,True,309,231,901,561,
2026-05-13 15:22:31,True,308,227,906,548,
2026-05-13 15:22:31,True,304,230,907,540,
2026-05-13 15:22:31,False,,,907,540,
2026-05-13 15:22:31,False,,,907,540,
2026-05-13 15:22:31,False,,,907,540,
2026-05-13 15:22:31,False,,,907,540,
2026-05-13 15:22:31,False,,,907,540,
2026-05-13 15:22:31,False,,,907,540,
2026-05-13 15:22:31,False,,,907,540,
2026-05-13 15:22:31,False,,,907,540,
2026-05-13 15:22:31,False,,,907,540,
2026-05-13 15:22:31,False,,,907,540,
2026-05-13 15:22:31,False,,,907,540,
2026-05-13 15:22:31,False,,,907,540,
2026-05-13 15:22:31,False,,,907,540,
2026-05-13 15:22:31,False,,,907,540,
2026-05-13 15:22:31,False,,,907,540,
2026-05-13 15:22:31,False,,,907,540,
2026-05-13 15:22:31,False,,,907,540,
2026-05-13 15:22:31,False,,,907,540,
2026-05-13 15:22:31,False,,,907,540,
2026-05-13 15:22:31,False,,,907,540,
2026-05-13 15:22:31,False,,,907,540,
2026-05-13 15:22:32,False,,,907,540,
2026-05-13 15:22:32,False,,,907,540,
2026-05-13 15:22:32,False,,,907,540,
2026-05-13 15:22:32,False,,,907,540,
2026-05-13 15:22:32,False,,,907,540,
2026-05-13 15:22:32,False,,,907,540,
2026-05-13 15:22:32,False,,,907,540,
2026-05-13 15:22:32,False,,,907,540,
2026-05-13 15:22:32,False,,,907,540,
2026-05-13 15:22:32,False,,,907,540,
2026-05-13 15:22:32,False,,,907,540,
2026-05-13 15:22:32,False,,,907,540,
2026-05-13 15:22:32,False,,,907,540,
2026-05-13 15:22:32,False,,,907,540,
2026-05-13 15:22:32,False,,,907,540,
2026-05-13 15:22:32,False,,,907,540,
2026-05-13 15:22:32,False,,,907,540,
2026-05-13 15:22:32,False,,,907,540,
2026-05-13 15:22:32,False,,,907,540,
2026-05-13 15:22:32,False,,,907,540,
2026-05-13 15:22:32,False,,,907,540,
2026-05-13 15:22:32,False,,,907,540,
2026-05-13 15:22:32,False,,,907,540,
2026-05-13 15:22:32,True,300,256,905,549,
2026-05-13 15:22:32,False,,,905,549,
2026-05-13 15:22:32,False,,,905,549,
2026-05-13 15:22:32,False,,,905,549,
2026-05-13 15:22:32,False,,,905,549,
2026-05-13 15:22:32,False,,,905,549,
2026-05-13 15:22:33,False,,,905,549,
2026-05-13 15:22:33,True,299,271,902,564,
2026-05-13 15:22:33,False,,,902,564,
2026-05-13 15:22:33,False,,,902,564,
2026-05-13 15:22:33,False,,,902,564,
2026-05-13 15:22:33,False,,,902,564,
2026-05-13 15:22:33,True,297,222,899,547,
2026-05-13 15:22:33,True,299,225,898,536,
2026-05-13 15:22:33,False,,,898,536,
2026-05-13 15:22:33,False,,,898,536,
2026-05-13 15:22:33,False,,,898,536,
2026-05-13 15:22:33,False,,,898,536,
2026-05-13 15:22:33,False,,,898,536,
2026-05-13 15:22:33,False,,,898,536,
2026-05-13 15:22:33,False,,,898,536,
2026-05-13 15:22:33,False,,,898,536,
2026-05-13 15:22:33,False,,,898,536,
2026-05-13 15:22:33,False,,,898,536,
2026-05-13 15:22:33,False,,,898,536,
2026-05-13 15:22:33,False,,,898,536,
2026-05-13 15:22:33,False,,,898,536,
2026-05-13 15:22:33,False,,,898,536,
2026-05-13 15:22:33,False,,,898,536,
2026-05-13 15:22:33,False,,,898,536,
2026-05-13 15:22:33,False,,,898,536,
2026-05-13 15:22:34,False,,,898,536,
2026-05-13 15:22:34,False,,,898,536,
2026-05-13 15:22:34,False,,,898,536,
2026-05-13 15:22:34,False,,,898,536,
2026-05-13 15:22:34,False,,,898,536,
2026-05-13 15:22:34,False,,,898,536,
2026-05-13 15:22:34,False,,,898,536,
2026-05-13 15:22:34,False,,,898,536,
2026-05-13 15:22:34,False,,,898,536,
2026-05-13 15:22:34,False,,,898,536,
2026-05-13 15:22:34,False,,,898,536,
2026-05-13 15:22:34,False,,,898,536,
2026-05-13 15:22:34,False,,,898,536,
2026-05-13 15:22:34,False,,,898,536,
2026-05-13 15:22:34,False,,,898,536,
2026-05-13 15:22:34,False,,,898,536,
2026-05-13 15:22:34,False,,,898,536,
2026-05-13 15:22:34,False,,,898,536,
2026-05-13 15:22:34,False,,,898,536,
2026-05-13 15:22:34,False,,,898,536,
2026-05-13 15:22:34,False,,,898,536,
2026-05-13 15:22:34,False,,,898,536,
2026-05-13 15:22:34,False,,,898,536,
2026-05-13 15:22:34,False,,,898,536,
2026-05-13 15:22:34,False,,,898,536,
2026-05-13 15:22:34,False,,,898,536,
2026-05-13 15:22:34,False,,,898,536,
2026-05-13 15:22:34,False,,,898,536,
2026-05-13 15:22:34,False,,,898,536,
2026-05-13 15:22:35,False,,,898,536,
2026-05-13 15:22:35,False,,,898,536,
2026-05-13 15:22:35,False,,,898,536,
2026-05-13 15:22:35,False,,,898,536,
2026-05-13 15:22:35,False,,,898,536,
2026-05-13 15:22:35,True,290,225,891,528,
2026-05-13 15:22:35,False,,,891,528,
2026-05-13 15:22:35,False,,,891,528,
2026-05-13 15:22:35,False,,,891,528,
2026-05-13 15:22:35,False,,,891,528,
2026-05-13 15:22:35,False,,,891,528,
2026-05-13 15:22:35,False,,,891,528,
2026-05-13 15:22:35,False,,,891,528,
2026-05-13 15:22:35,False,,,891,528,
2026-05-13 15:22:35,False,,,891,528,
2026-05-13 15:22:35,False,,,891,528,
2026-05-13 15:22:35,False,,,891,528,
2026-05-13 15:22:35,False,,,891,528,
2026-05-13 15:22:35,False,,,891,528,
2026-05-13 15:22:35,False,,,891,528,
2026-05-13 15:22:35,False,,,891,528,
2026-05-13 15:22:35,False,,,891,528,
2026-05-13 15:22:35,False,,,891,528,
2026-05-13 15:22:35,False,,,891,528,
2026-05-13 15:22:35,False,,,891,528,
2026-05-13 15:22:35,False,,,891,528,
2026-05-13 15:22:35,False,,,891,528,
2026-05-13 15:22:35,False,,,891,528,
2026-05-13 15:22:35,False,,,891,528,
2026-05-13 15:22:35,False,,,891,528,
2026-05-13 15:22:36,False,,,891,528,
2026-05-13 15:22:36,False,,,891,528,
2026-05-13 15:22:36,False,,,891,528,
2026-05-13 15:22:36,False,,,891,528,
2026-05-13 15:22:36,False,,,891,528,
2026-05-13 15:22:36,False,,,891,528,
2026-05-13 15:22:36,False,,,891,528,
2026-05-13 15:22:36,False,,,891,528,
2026-05-13 15:22:36,False,,,891,528,
2026-05-13 15:22:36,False,,,891,528,
2026-05-13 15:22:36,False,,,891,528,
2026-05-13 15:22:36,False,,,891,528,
2026-05-13 15:22:36,False,,,891,528,
2026-05-13 15:22:36,False,,,891,528,
2026-05-13 15:22:36,False,,,891,528,
2026-05-13 15:22:36,False,,,891,528,
2026-05-13 15:22:36,False,,,891,528,
2026-05-13 15:22:36,False,,,891,528,
2026-05-13 15:22:36,False,,,891,528,
2026-05-13 15:22:36,False,,,891,528,
2026-05-13 15:22:36,False,,,891,528,
2026-05-13 15:22:36,False,,,891,528,
2026-05-13 15:22:36,False,,,891,528,
2026-05-13 15:22:36,False,,,891,528,
2026-05-13 15:22:36,False,,,891,528,
2026-05-13 15:22:36,False,,,891,528,
2026-05-13 15:22:36,False,,,891,528,
2026-05-13 15:22:36,False,,,891,528,
2026-05-13 15:22:36,False,,,891,528,
2026-05-13 15:22:36,False,,,891,528,
2026-05-13 15:22:37,False,,,891,528,
2026-05-13 15:22:37,False,,,891,528,
2026-05-13 15:22:37,False,,,891,528,
2026-05-13 15:22:37,False,,,891,528,
2026-05-13 15:22:37,False,,,891,528,
2026-05-13 15:22:37,False,,,891,528,
2026-05-13 15:22:37,False,,,891,528,
2026-05-13 15:22:37,False,,,891,528,
2026-05-13 15:22:37,False,,,891,528,
2026-05-13 15:22:37,False,,,891,528,
2026-05-13 15:22:37,False,,,891,528,
2026-05-13 15:22:37,True,278,221,877,520,
2026-05-13 15:22:37,True,279,221,866,514,
2026-05-13 15:22:37,False,,,866,514,
2026-05-13 15:22:37,False,,,866,514,
2026-05-13 15:22:37,False,,,866,514,
2026-05-13 15:22:37,False,,,866,514,
2026-05-13 15:22:37,False,,,866,514,
2026-05-13 15:22:37,False,,,866,514,
2026-05-13 15:22:37,False,,,866,514,
2026-05-13 15:22:37,False,,,866,514,
2026-05-13 15:22:37,False,,,866,514,
2026-05-13 15:22:37,False,,,866,514,
2026-05-13 15:22:37,False,,,866,514,
2026-05-13 15:22:37,False,,,866,514,
2026-05-13 15:22:37,False,,,866,514,
2026-05-13 15:22:37,False,,,866,514,
2026-05-13 15:22:37,False,,,866,514,
2026-05-13 15:22:38,False,,,866,514,
2026-05-13 15:22:38,False,,,866,514,
2026-05-13 15:22:38,False,,,866,514,
2026-05-13 15:22:38,False,,,866,514,
2026-05-13 15:22:38,False,,,866,514,
2026-05-13 15:22:38,False,,,866,514,
2026-05-13 15:22:38,False,,,866,514,
2026-05-13 15:22:38,False,,,866,514,
2026-05-13 15:22:38,False,,,866,514,
2026-05-13 15:22:38,False,,,866,514,
2026-05-13 15:22:38,False,,,866,514,
2026-05-13 15:22:38,True,285,222,863,510,
2026-05-13 15:22:38,True,283,231,859,512,
2026-05-13 15:22:38,True,283,229,856,512,
2026-05-13 15:22:38,True,287,227,857,511,
2026-05-13 15:22:39,True,296,228,865,511,
2026-05-13 15:22:39,True,299,227,873,511,
2026-05-13 15:22:39,True,292,232,873,513,
2026-05-13 15:22:39,True,283,233,866,515,
2026-05-13 15:22:39,True,283,230,861,515,
2026-05-13 15:22:39,True,280,227,856,514,
2026-05-13 15:22:39,True,282,227,853,513,
2026-05-13 15:22:39,True,279,226,848,511,
2026-05-13 15:22:39,True,279,225,845,509,
2026-05-13 15:22:40,True,276,227,840,509,
2026-05-13 15:22:40,True,273,229,834,510,
2026-05-13 15:22:40,True,262,235,822,514,
2026-05-13 15:22:40,True,261,235,812,517,
2026-05-13 15:22:40,True,256,237,800,520,
2026-05-13 15:22:40,True,249,241,786,525,
2026-05-13 15:22:40,True,242,241,771,529,
2026-05-13 15:22:40,True,239,244,757,534,
2026-05-13 15:22:41,True,236,242,745,536,
2026-05-13 15:22:41,True,236,244,735,539,
2026-05-13 15:22:41,True,234,246,726,543,
2026-05-13 15:22:41,True,231,247,718,546,
2026-05-13 15:22:41,True,230,248,711,549,
2026-05-13 15:22:41,True,226,248,703,551,
2026-05-13 15:22:41,True,226,249,696,553,
2026-05-13 15:22:41,True,228,251,693,556,
2026-05-13 15:22:41,True,228,248,691,556,
2026-05-13 15:22:42,True,231,249,691,556,
2026-05-13 15:22:42,True,233,249,693,557,
2026-05-13 15:22:42,True,235,248,695,557,
2026-05-13 15:22:42,True,236,246,698,556,
2026-05-13 15:22:42,True,235,245,700,554,
2026-05-13 15:22:42,True,237,245,703,553,
2026-05-13 15:22:42,True,240,243,707,551,
2026-05-13 15:22:42,True,240,243,710,550,
2026-05-13 15:22:43,True,246,244,716,549,
2026-05-13 15:22:43,True,258,239,730,546,
2026-05-13 15:22:43,True,296,230,769,538,
2026-05-13 15:22:43,False,,,769,538,
2026-05-13 15:22:43,False,,,769,538,
2026-05-13 15:22:43,False,,,769,538,
2026-05-13 15:22:43,False,,,769,538,
2026-05-13 15:22:43,False,,,769,538,
2026-05-13 15:22:43,False,,,769,538,
2026-05-13 15:22:43,False,,,769,538,
2026-05-13 15:22:43,False,,,769,538,
2026-05-13 15:22:43,False,,,769,538,
2026-05-13 15:22:43,False,,,769,538,
2026-05-13 15:22:43,False,,,769,538,
2026-05-13 15:22:43,False,,,769,538,
2026-05-13 15:22:43,False,,,769,538,
2026-05-13 15:22:43,False,,,769,538,
2026-05-13 15:22:43,False,,,769,538,
2026-05-13 15:22:43,False,,,769,538,
2026-05-13 15:22:43,False,,,769,538,
2026-05-13 15:22:43,False,,,769,538,
2026-05-13 15:22:43,False,,,769,538,
2026-05-13 15:22:43,False,,,769,538,
2026-05-13 15:22:43,False,,,769,538,
2026-05-13 15:22:43,False,,,769,538,
2026-05-13 15:22:43,False,,,769,538,
2026-05-13 15:22:44,False,,,769,538,
2026-05-13 15:22:44,False,,,769,538,
2026-05-13 15:22:44,False,,,769,538,
2026-05-13 15:22:44,False,,,769,538,
2026-05-13 15:22:44,False,,,769,538,
2026-05-13 15:22:44,False,,,769,538,
2026-05-13 15:22:44,False,,,769,538,
2026-05-13 15:22:44,False,,,769,538,
2026-05-13 15:22:44,False,,,769,538,
2026-05-13 15:22:44,False,,,769,538,
2026-05-13 15:22:44,False,,,769,538,
2026-05-13 15:22:44,False,,,769,538,
2026-05-13 15:22:44,False,,,769,538,
2026-05-13 15:22:44,False,,,769,538,
2026-05-13 15:22:44,False,,,769,538,
2026-05-13 15:22:44,False,,,769,538,
2026-05-13 15:22:44,False,,,769,538,
2026-05-13 15:22:44,False,,,769,538,
2026-05-13 15:22:44,False,,,769,538,
2026-05-13 15:22:44,False,,,769,538,
2026-05-13 15:22:44,False,,,769,538,
2026-05-13 15:22:44,False,,,769,538,
2026-05-13 15:22:44,False,,,769,538,
2026-05-13 15:22:44,False,,,769,538,
2026-05-13 15:22:44,False,,,769,538,
2026-05-13 15:22:44,False,,,769,538,
2026-05-13 15:22:44,False,,,769,538,
2026-05-13 15:22:44,False,,,769,538,
2026-05-13 15:22:44,False,,,769,538,
2026-05-13 15:22:45,False,,,769,538,
2026-05-13 15:22:45,False,,,769,538,
2026-05-13 15:22:45,False,,,769,538,
2026-05-13 15:22:45,False,,,769,538,
2026-05-13 15:22:45,False,,,769,538,
2026-05-13 15:22:45,False,,,769,538,
2026-05-13 15:22:45,False,,,769,538,
2026-05-13 15:22:45,False,,,769,538,
2026-05-13 15:22:45,False,,,769,538,
2026-05-13 15:22:45,False,,,769,538,
2026-05-13 15:22:45,False,,,769,538,
2026-05-13 15:22:45,False,,,769,538,
2026-05-13 15:22:45,False,,,769,538,
2026-05-13 15:22:45,False,,,769,538,
2026-05-13 15:22:45,False,,,769,538,
2026-05-13 15:22:45,False,,,769,538,
2026-05-13 15:22:45,False,,,769,538,
2026-05-13 15:22:45,False,,,769,538,
2026-05-13 15:22:45,False,,,769,538,
2026-05-13 15:22:45,False,,,769,538,
2026-05-13 15:22:45,False,,,769,538,
2026-05-13 15:22:45,False,,,769,538,
2026-05-13 15:22:45,False,,,769,538,
2026-05-13 15:22:45,False,,,769,538,
2026-05-13 15:22:45,False,,,769,538,
2026-05-13 15:22:45,False,,,769,538,
2026-05-13 15:22:45,False,,,769,538,
2026-05-13 15:22:45,False,,,769,538,
2026-05-13 15:22:45,False,,,769,538,
2026-05-13 15:22:45,False,,,769,538,
2026-05-13 15:22:46,False,,,769,538,
2026-05-13 15:22:46,False,,,769,538,
2026-05-13 15:22:46,False,,,769,538,
2026-05-13 15:22:46,False,,,769,538,
2026-05-13 15:22:46,False,,,769,538,
2026-05-13 15:22:46,False,,,769,538,
2026-05-13 15:22:46,False,,,769,538,
2026-05-13 15:22:46,False,,,769,538,
2026-05-13 15:22:46,False,,,769,538,
2026-05-13 15:22:46,False,,,769,538,
2026-05-13 15:22:46,False,,,769,538,
2026-05-13 15:22:46,False,,,769,538,
2026-05-13 15:22:46,False,,,769,538,
2026-05-13 15:22:46,False,,,769,538,
2026-05-13 15:22:46,False,,,769,538,
2026-05-13 15:22:46,False,,,769,538,
2026-05-13 15:22:46,False,,,769,538,
2026-05-13 15:22:46,False,,,769,538,
2026-05-13 15:22:46,False,,,769,538,
2026-05-13 15:22:46,False,,,769,538,
2026-05-13 15:22:46,False,,,769,538,
2026-05-13 15:22:46,False,,,769,538,
2026-05-13 15:22:46,True,295,214,798,524,
2026-05-13 15:22:46,True,295,215,820,514,
2026-05-13 15:22:47,True,279,219,824,508,
2026-05-13 15:22:47,True,275,215,824,501,
2026-05-13 15:22:47,True,275,218,824,498,
2026-05-13 15:22:47,True,269,222,820,498,
2026-05-13 15:22:47,True,262,228,811,501,
2026-05-13 15:22:47,True,260,228,803,504,
2026-05-13 15:22:47,True,257,229,795,506,
2026-05-13 15:22:47,True,248,234,782,511,
2026-05-13 15:22:48,True,241,232,767,513,
2026-05-13 15:22:48,True,235,237,751,518,
2026-05-13 15:22:48,True,228,237,734,521,
2026-05-13 15:22:48,True,226,241,720,526,
2026-05-13 15:22:48,True,227,242,710,530,
2026-05-13 15:22:48,True,228,241,703,532,
2026-05-13 15:22:48,True,231,243,700,535,
2026-05-13 15:22:48,True,232,272,698,554,
2026-05-13 15:22:49,True,232,238,697,549,
2026-05-13 15:22:49,True,231,237,696,545,
2026-05-13 15:22:49,True,232,240,695,543,
2026-05-13 15:22:49,True,229,239,692,541,
2026-05-13 15:22:49,True,230,237,691,539,
2026-05-13 15:22:49,True,230,237,691,537,
2026-05-13 15:22:49,True,232,240,692,537,
2026-05-13 15:22:49,True,229,240,691,537,
2026-05-13 15:22:49,True,230,241,690,538,
2026-05-13 15:22:50,True,230,240,690,538,
2026-05-13 15:22:50,True,228,242,688,539,
2026-05-13 15:22:50,True,227,240,686,539,
2026-05-13 15:22:50,True,227,240,685,539,
2026-05-13 15:22:50,True,229,239,685,538,
2026-05-13 15:22:50,True,227,237,684,536,
2026-05-13 15:22:50,True,226,236,682,534,
2026-05-13 15:22:50,True,231,240,684,535,
2026-05-13 15:22:51,True,232,243,686,537,
2026-05-13 15:22:51,True,230,243,687,539,
2026-05-13 15:22:51,True,233,243,689,540,EXIT
2026-05-13 15:26:30,True,294,263,883,592,
2026-05-13 15:26:30,True,290,259,880,589,
2026-05-13 15:26:30,True,291,257,878,586,
2026-05-13 15:26:30,True,290,254,876,582,
2026-05-13 15:26:30,True,291,258,875,581,
2026-05-13 15:26:30,True,289,260,873,582,
2026-05-13 15:26:30,True,288,258,871,581,
2026-05-13 15:26:30,True,290,257,870,580,
2026-05-13 15:26:31,True,289,259,869,580,
2026-05-13 15:26:31,True,289,255,868,578,
2026-05-13 15:26:31,True,284,251,864,574,
2026-05-13 15:26:31,True,280,252,858,572,
2026-05-13 15:26:31,True,278,252,852,570,
2026-05-13 15:26:31,True,276,253,845,569,
2026-05-13 15:26:31,True,277,254,841,569,
2026-05-13 15:26:31,True,281,254,841,569,
2026-05-13 15:26:32,True,293,255,850,570,
2026-05-13 15:26:32,True,315,255,874,571,
2026-05-13 15:26:32,True,331,259,903,574,
2026-05-13 15:26:32,True,337,259,929,576,
2026-05-13 15:26:32,True,339,260,950,578,
2026-05-13 15:26:32,True,337,259,965,579,
2026-05-13 15:26:32,True,312,260,957,580,
2026-05-13 15:26:32,True,268,259,918,580,
2026-05-13 15:26:33,True,235,258,865,580,
2026-05-13 15:26:33,True,235,257,824,579,
2026-05-13 15:26:33,True,237,259,795,579,
2026-05-13 15:26:33,True,239,256,775,578,
2026-05-13 15:26:33,True,244,257,764,578,
2026-05-13 15:26:33,True,251,258,761,578,
2026-05-13 15:26:33,True,265,260,769,579,
2026-05-13 15:26:33,True,285,263,790,582,
2026-05-13 15:26:34,True,299,265,817,585,
2026-05-13 15:26:34,True,305,267,841,588,
2026-05-13 15:26:34,True,304,268,858,591,
2026-05-13 15:26:34,True,304,266,871,593,
2026-05-13 15:26:34,True,302,266,879,594,
2026-05-13 15:26:34,True,298,267,883,595,
2026-05-13 15:26:34,True,298,264,886,594,
2026-05-13 15:26:34,True,294,264,885,594,
2026-05-13 15:26:35,True,293,264,883,593,EXIT
2026-05-13 15:27:40,True,face,353,226,0.00,0.00,
2026-05-13 15:27:40,True,face,337,229,0.00,0.00,
2026-05-13 15:27:40,True,face,332,234,0.00,0.00,
2026-05-13 15:27:40,True,face,325,240,0.00,0.00,
2026-05-13 15:27:40,True,face,320,242,0.00,0.00,
2026-05-13 15:27:40,True,face,317,243,0.00,0.00,
2026-05-13 15:27:40,True,face,315,244,0.00,0.00,
2026-05-13 15:27:40,True,face,313,245,0.00,0.00,
2026-05-13 15:27:40,True,face,312,245,0.00,0.00,
2026-05-13 15:27:40,True,face,312,245,0.00,0.00,
2026-05-13 15:27:40,True,face,312,244,0.00,0.00,
2026-05-13 15:27:40,True,face,312,244,0.00,0.00,
2026-05-13 15:27:40,True,face,311,244,0.00,0.00,
2026-05-13 15:27:40,True,face,311,244,0.00,0.00,
2026-05-13 15:27:40,True,face,311,244,0.00,0.00,
2026-05-13 15:27:40,True,face,312,243,0.00,0.00,
2026-05-13 15:27:40,True,face,313,243,0.00,0.00,
2026-05-13 15:27:40,True,face,313,243,0.00,0.00,
2026-05-13 15:27:40,True,face,317,243,0.00,0.00,
2026-05-13 15:27:40,True,face,322,241,0.00,0.00,
2026-05-13 15:27:40,True,face,328,239,0.00,0.00,
2026-05-13 15:27:40,True,face,333,237,0.00,0.00,
2026-05-13 15:27:40,True,face,338,235,0.00,0.00,
2026-05-13 15:27:40,True,face,341,233,0.00,0.00,
2026-05-13 15:27:40,True,face,342,232,0.00,0.00,
2026-05-13 15:27:40,True,face,343,231,0.00,0.00,
2026-05-13 15:27:40,True,face,343,231,0.00,0.00,
2026-05-13 15:27:40,True,face,342,230,0.00,0.00,
2026-05-13 15:27:41,True,face,342,230,0.00,0.00,
2026-05-13 15:27:41,True,face,342,230,0.00,0.00,
2026-05-13 15:27:41,True,face,341,230,0.00,0.00,
2026-05-13 15:27:41,True,face,336,230,0.00,0.00,
2026-05-13 15:27:41,True,face,329,233,0.00,0.00,
2026-05-13 15:27:41,True,face,319,237,0.00,0.00,
2026-05-13 15:27:41,True,face,307,240,0.00,0.00,
2026-05-13 15:27:41,True,face,296,243,0.00,0.00,
2026-05-13 15:27:41,True,face,286,245,0.00,0.00,
2026-05-13 15:27:41,True,face,279,246,0.00,0.00,
2026-05-13 15:27:41,True,face,275,246,0.00,0.00,
2026-05-13 15:27:41,True,face,272,247,-48.00,0.00,
2026-05-13 15:27:41,True,face,270,248,-50.00,0.00,
2026-05-13 15:27:41,True,face,265,248,-55.00,0.00,
2026-05-13 15:27:41,True,face,264,249,-56.00,0.00,
2026-05-13 15:27:41,True,face,266,250,-54.00,0.00,
2026-05-13 15:27:42,True,face,270,251,-50.00,0.00,
2026-05-13 15:27:42,True,face,278,258,0.00,0.00,
2026-05-13 15:27:42,True,face,285,265,0.00,0.00,
2026-05-13 15:27:42,True,face,293,267,0.00,0.00,
2026-05-13 15:27:42,True,face,297,266,0.00,0.00,
2026-05-13 15:27:42,True,face,298,266,0.00,0.00,
2026-05-13 15:27:42,True,face,299,266,0.00,0.00,
2026-05-13 15:27:43,True,face,299,263,0.00,0.00,
2026-05-13 15:27:43,True,face,296,262,0.00,0.00,
2026-05-13 15:27:43,True,face,292,261,0.00,0.00,
2026-05-13 15:27:43,True,face,291,259,0.00,0.00,
2026-05-13 15:27:43,True,face,291,259,0.00,0.00,
2026-05-13 15:27:43,True,face,291,260,0.00,0.00,
2026-05-13 15:27:43,True,face,291,259,0.00,0.00,
2026-05-13 15:27:43,True,face,292,260,0.00,0.00,
2026-05-13 15:27:44,True,face,293,260,0.00,0.00,
2026-05-13 15:27:44,True,face,293,260,0.00,0.00,
2026-05-13 15:27:44,True,face,292,255,0.00,0.00,
2026-05-13 15:27:44,True,face,291,240,0.00,0.00,
2026-05-13 15:27:44,True,face,290,229,0.00,0.00,
2026-05-13 15:27:44,True,face,289,229,0.00,0.00,
2026-05-13 15:27:44,True,face,288,229,0.00,0.00,
2026-05-13 15:27:44,True,face,289,230,0.00,0.00,
2026-05-13 15:27:45,True,face,296,230,0.00,0.00,
2026-05-13 15:27:45,True,face,300,230,0.00,0.00,
2026-05-13 15:27:45,True,face,299,242,0.00,0.00,
2026-05-13 15:27:45,True,face,295,251,0.00,0.00,
2026-05-13 15:27:45,True,face,288,255,0.00,0.00,
2026-05-13 15:27:45,True,face,285,257,0.00,0.00,
2026-05-13 15:27:45,True,face,281,259,0.00,0.00,
2026-05-13 15:27:45,True,face,278,259,0.00,0.00,
2026-05-13 15:27:46,True,face,275,259,0.00,0.00,
2026-05-13 15:27:46,True,face,275,257,0.00,0.00,
2026-05-13 15:27:46,True,face,275,256,0.00,0.00,
2026-05-13 15:27:46,True,face,281,252,0.00,0.00,
2026-05-13 15:27:46,True,face,295,245,0.00,0.00,
2026-05-13 15:27:46,True,face,317,234,0.00,0.00,
2026-05-13 15:27:46,True,face,322,230,0.00,0.00,
2026-05-13 15:27:46,True,face,325,228,0.00,0.00,
2026-05-13 15:27:47,True,face,328,228,0.00,0.00,
2026-05-13 15:27:47,True,face,328,225,0.00,0.00,
2026-05-13 15:27:47,True,face,330,225,0.00,0.00,
2026-05-13 15:27:47,True,face,331,226,0.00,0.00,
2026-05-13 15:27:47,True,face,331,225,0.00,0.00,
2026-05-13 15:27:47,True,face,332,225,0.00,0.00,
2026-05-13 15:27:47,True,face,332,224,0.00,0.00,
2026-05-13 15:27:47,True,face,332,224,0.00,0.00,
2026-05-13 15:27:48,True,face,333,224,0.00,0.00,
2026-05-13 15:27:48,True,face,334,224,0.00,0.00,
2026-05-13 15:27:48,True,face,334,225,0.00,0.00,
2026-05-13 15:27:48,True,face,334,225,0.00,0.00,
2026-05-13 15:27:48,True,face,329,227,0.00,0.00,
2026-05-13 15:27:48,True,face,315,233,0.00,0.00,
2026-05-13 15:27:48,True,face,309,235,0.00,0.00,
2026-05-13 15:27:48,True,face,308,235,0.00,0.00,
2026-05-13 15:27:49,True,face,307,237,0.00,0.00,
2026-05-13 15:27:49,True,face,303,246,0.00,0.00,
2026-05-13 15:27:49,True,face,299,247,0.00,0.00,
2026-05-13 15:27:49,True,face,299,249,0.00,0.00,
2026-05-13 15:27:49,True,face,299,249,0.00,0.00,
2026-05-13 15:27:49,True,face,313,243,0.00,0.00,
2026-05-13 15:27:49,True,face,331,232,0.00,0.00,
2026-05-13 15:27:49,True,face,332,230,0.00,0.00,
2026-05-13 15:27:50,True,face,321,233,0.00,0.00,
2026-05-13 15:27:50,True,face,299,245,0.00,0.00,
2026-05-13 15:27:50,True,face,292,249,0.00,0.00,EXIT
2026-05-13 15:29:56,True,face,294,300,0.00,60.00,
2026-05-13 15:29:56,True,face,294,300,0.00,60.00,
2026-05-13 15:29:56,True,face,294,301,0.00,61.00,
2026-05-13 15:29:56,True,face,294,303,0.00,63.00,
2026-05-13 15:29:57,True,face,294,302,0.00,62.00,
2026-05-13 15:29:57,True,face,292,301,0.00,61.00,
2026-05-13 15:29:57,True,face,287,301,0.00,61.00,
2026-05-13 15:29:57,True,face,281,300,0.00,60.00,
2026-05-13 15:29:57,True,face,277,301,0.00,61.00,
2026-05-13 15:29:57,True,face,272,302,-48.00,62.00,
2026-05-13 15:29:57,True,face,268,302,-52.00,62.00,
2026-05-13 15:29:57,True,face,267,303,-53.00,63.00,
2026-05-13 15:29:58,True,face,264,302,-56.00,62.00,
2026-05-13 15:29:58,True,face,263,304,-57.00,64.00,
2026-05-13 15:29:58,True,face,264,305,-56.00,65.00,
2026-05-13 15:29:58,True,face,264,305,-56.00,65.00,
2026-05-13 15:29:58,True,face,263,307,-57.00,67.00,
2026-05-13 15:29:58,True,face,264,308,-56.00,68.00,
2026-05-13 15:29:58,True,face,264,307,-56.00,67.00,
2026-05-13 15:29:58,True,face,265,303,-55.00,63.00,
2026-05-13 15:29:59,True,face,267,297,-53.00,57.00,
2026-05-13 15:29:59,True,face,270,294,-50.00,54.00,
2026-05-13 15:29:59,True,face,288,285,0.00,45.00,
2026-05-13 15:29:59,True,face,320,277,0.00,37.00,
2026-05-13 15:29:59,True,face,342,273,0.00,0.00,
2026-05-13 15:29:59,True,face,351,270,0.00,0.00,
2026-05-13 15:29:59,True,face,354,270,0.00,0.00,
2026-05-13 15:29:59,True,face,351,271,0.00,0.00,
2026-05-13 15:30:00,True,face,328,268,0.00,0.00,
2026-05-13 15:30:00,True,face,288,264,0.00,0.00,
2026-05-13 15:30:00,True,face,252,264,-68.00,0.00,
2026-05-13 15:30:00,True,face,237,263,-83.00,0.00,
2026-05-13 15:30:00,True,face,234,263,-86.00,0.00,
2026-05-13 15:30:00,True,face,232,263,-88.00,0.00,
2026-05-13 15:30:00,True,face,233,264,-87.00,0.00,
2026-05-13 15:30:01,True,face,234,265,-86.00,0.00,
2026-05-13 15:30:01,True,face,235,266,-85.00,0.00,
2026-05-13 15:30:01,True,face,239,266,-81.00,0.00,
2026-05-13 15:30:01,True,face,243,267,-77.00,0.00,
2026-05-13 15:30:01,True,face,244,267,-76.00,0.00,
2026-05-13 15:30:01,True,face,246,268,-74.00,0.00,
2026-05-13 15:30:01,True,face,246,267,-74.00,0.00,
2026-05-13 15:30:01,True,face,246,265,-74.00,0.00,
2026-05-13 15:30:02,True,face,247,265,-73.00,0.00,
2026-05-13 15:30:02,True,face,247,266,-73.00,0.00,
2026-05-13 15:30:02,True,face,247,267,-73.00,0.00,
2026-05-13 15:30:02,True,face,247,268,-73.00,0.00,
2026-05-13 15:30:02,True,face,248,267,-72.00,0.00,
2026-05-13 15:30:02,True,face,252,267,-68.00,0.00,
2026-05-13 15:30:02,True,face,254,266,-66.00,0.00,
2026-05-13 15:30:02,True,face,258,265,-62.00,0.00,
2026-05-13 15:30:03,True,face,261,262,-59.00,0.00,
2026-05-13 15:30:03,True,face,264,261,-56.00,0.00,
2026-05-13 15:30:03,True,face,261,261,-59.00,0.00,
2026-05-13 15:30:03,True,face,256,263,-64.00,0.00,
2026-05-13 15:30:03,True,face,255,264,-65.00,0.00,
2026-05-13 15:30:03,True,face,255,263,-65.00,0.00,EXIT
2026-05-13 15:31:00,True,face,287,302,0.00,62.00,
2026-05-13 15:31:00,True,face,287,301,0.00,61.00,
2026-05-13 15:31:00,True,face,288,301,0.00,61.00,
2026-05-13 15:31:00,True,face,288,300,0.00,60.00,
2026-05-13 15:31:01,True,face,288,300,0.00,60.00,
2026-05-13 15:31:01,True,face,287,300,0.00,60.00,
2026-05-13 15:31:01,True,face,286,300,0.00,60.00,
2026-05-13 15:31:01,True,face,284,301,0.00,61.00,
2026-05-13 15:31:01,True,face,283,301,0.00,61.00,
2026-05-13 15:31:01,True,face,282,299,0.00,59.00,
2026-05-13 15:31:01,True,face,279,294,0.00,54.00,
2026-05-13 15:31:01,True,face,278,283,0.00,43.00,
2026-05-13 15:31:02,True,face,279,273,0.00,0.00,
2026-05-13 15:31:02,True,face,279,269,0.00,0.00,
2026-05-13 15:31:02,True,face,281,266,0.00,0.00,
2026-05-13 15:31:02,True,face,283,268,0.00,0.00,
2026-05-13 15:31:02,True,face,283,268,0.00,0.00,
2026-05-13 15:31:02,True,face,282,267,0.00,0.00,
2026-05-13 15:31:02,True,face,282,267,0.00,0.00,
2026-05-13 15:31:02,True,face,286,266,0.00,0.00,
2026-05-13 15:31:03,True,face,288,266,0.00,0.00,
2026-05-13 15:31:03,True,face,294,265,0.00,0.00,
2026-05-13 15:31:03,True,face,311,265,0.00,0.00,
2026-05-13 15:31:03,True,face,335,265,0.00,0.00,
2026-05-13 15:31:03,True,face,342,266,0.00,0.00,
2026-05-13 15:31:03,True,face,343,267,0.00,0.00,
2026-05-13 15:31:03,True,face,342,269,0.00,0.00,
2026-05-13 15:31:04,True,face,318,269,0.00,0.00,
2026-05-13 15:31:04,True,face,290,272,0.00,0.00,
2026-05-13 15:31:04,True,face,276,277,0.00,37.00,
2026-05-13 15:31:04,True,face,266,278,-54.00,38.00,
2026-05-13 15:31:04,True,face,259,278,-61.00,38.00,
2026-05-13 15:31:04,True,face,256,279,-64.00,39.00,
2026-05-13 15:31:04,True,face,257,278,-63.00,38.00,
2026-05-13 15:31:04,True,face,259,276,-61.00,36.00,
2026-05-13 15:31:05,True,face,265,271,-55.00,0.00,
2026-05-13 15:31:05,True,face,264,268,-56.00,0.00,
2026-05-13 15:31:05,True,face,263,269,-57.00,0.00,
2026-05-13 15:31:05,True,face,259,269,-61.00,0.00,
2026-05-13 15:31:05,True,face,257,269,-63.00,0.00,
2026-05-13 15:31:05,True,face,256,272,-64.00,0.00,
2026-05-13 15:31:05,True,face,254,272,-66.00,0.00,
2026-05-13 15:31:05,True,face,253,273,-67.00,0.00,
2026-05-13 15:31:06,True,face,245,273,-75.00,0.00,
2026-05-13 15:31:06,True,face,245,274,-75.00,0.00,
2026-05-13 15:31:06,True,face,242,275,-78.00,0.00,
2026-05-13 15:31:06,True,face,241,275,-79.00,0.00,
2026-05-13 15:31:06,True,face,242,276,-78.00,36.00,EXIT
2026-05-13 15:33:18,True,face,274,273,-46.00,0.00,
2026-05-13 15:33:18,True,face,274,271,-46.00,0.00,
2026-05-13 15:33:18,True,face,276,271,0.00,0.00,
2026-05-13 15:33:18,True,face,277,270,0.00,0.00,
2026-05-13 15:33:18,True,face,274,269,-46.00,0.00,
2026-05-13 15:33:19,True,face,260,269,-60.00,0.00,
2026-05-13 15:33:19,True,face,247,269,-73.00,0.00,
2026-05-13 15:33:19,True,face,244,269,-76.00,0.00,
2026-05-13 15:33:19,True,face,240,271,-80.00,0.00,
2026-05-13 15:33:19,True,face,237,273,-83.00,0.00,
2026-05-13 15:33:19,True,face,242,273,-78.00,0.00,
2026-05-13 15:33:19,True,face,258,277,-62.00,37.00,
2026-05-13 15:33:19,True,face,269,277,-51.00,37.00,
2026-05-13 15:33:20,True,face,276,275,0.00,0.00,
2026-05-13 15:33:20,True,face,280,277,0.00,37.00,
2026-05-13 15:33:20,True,face,282,277,0.00,37.00,
2026-05-13 15:33:20,True,face,282,276,0.00,36.00,
2026-05-13 15:33:20,True,face,282,275,0.00,0.00,
2026-05-13 15:33:20,True,face,282,275,0.00,0.00,
2026-05-13 15:33:20,True,face,282,275,0.00,0.00,
2026-05-13 15:33:20,True,face,283,275,0.00,0.00,
2026-05-13 15:33:21,True,face,283,275,0.00,0.00,
2026-05-13 15:33:21,True,face,285,275,0.00,0.00,
2026-05-13 15:33:21,True,face,285,275,0.00,0.00,
2026-05-13 15:33:21,True,face,285,276,0.00,36.00,
2026-05-13 15:33:21,True,face,285,275,0.00,0.00,
2026-05-13 15:33:21,True,face,285,275,0.00,0.00,
2026-05-13 15:33:21,True,face,285,274,0.00,0.00,
2026-05-13 15:33:21,True,face,286,270,0.00,0.00,
2026-05-13 15:33:22,True,face,283,270,0.00,0.00,
2026-05-13 15:33:22,True,face,269,271,-51.00,0.00,
2026-05-13 15:33:22,True,face,257,271,-63.00,0.00,
2026-05-13 15:33:22,True,face,254,270,-66.00,0.00,
2026-05-13 15:33:22,True,face,245,266,-75.00,0.00,
2026-05-13 15:33:22,True,face,241,266,-79.00,0.00,
2026-05-13 15:33:22,True,face,237,265,-83.00,0.00,
2026-05-13 15:33:22,True,face,236,264,-84.00,0.00,
2026-05-13 15:33:23,True,face,235,263,-85.00,0.00,
2026-05-13 15:33:23,True,face,232,263,-88.00,0.00,
2026-05-13 15:33:23,True,face,229,263,-91.00,0.00,
2026-05-13 15:33:23,True,face,226,263,-94.00,0.00,
2026-05-13 15:33:23,True,face,224,264,-96.00,0.00,
2026-05-13 15:33:23,True,face,222,265,-98.00,0.00,
2026-05-13 15:33:23,True,face,222,265,-98.00,0.00,
2026-05-13 15:33:23,True,face,222,265,-98.00,0.00,
2026-05-13 15:33:24,True,face,222,265,-98.00,0.00,
2026-05-13 15:33:24,True,face,222,266,-98.00,0.00,
2026-05-13 15:33:24,True,face,221,266,-99.00,0.00,
2026-05-13 15:33:24,True,face,220,266,-100.00,0.00,
2026-05-13 15:33:24,True,face,220,266,-100.00,0.00,
2026-05-13 15:33:24,True,face,218,267,-102.00,0.00,
2026-05-13 15:33:24,True,face,218,267,-102.00,0.00,
2026-05-13 15:33:25,True,face,218,267,-102.00,0.00,
2026-05-13 15:33:25,True,face,218,266,-102.00,0.00,
2026-05-13 15:33:25,True,face,219,266,-101.00,0.00,
2026-05-13 15:33:25,True,face,219,266,-101.00,0.00,
2026-05-13 15:33:25,True,face,220,266,-100.00,0.00,
2026-05-13 15:33:25,True,face,220,265,-100.00,0.00,
2026-05-13 15:33:25,True,face,220,265,-100.00,0.00,
2026-05-13 15:33:25,True,face,220,265,-100.00,0.00,
2026-05-13 15:33:26,True,face,220,265,-100.00,0.00,
2026-05-13 15:33:26,True,face,221,265,-99.00,0.00,
2026-05-13 15:33:26,True,face,220,265,-100.00,0.00,
2026-05-13 15:33:26,True,face,220,265,-100.00,0.00,
2026-05-13 15:33:26,True,face,220,265,-100.00,0.00,
2026-05-13 15:33:26,True,face,220,265,-100.00,0.00,
2026-05-13 15:33:26,True,face,220,264,-100.00,0.00,
2026-05-13 15:33:26,True,face,219,264,-101.00,0.00,
2026-05-13 15:33:27,True,face,218,264,-102.00,0.00,
2026-05-13 15:33:27,True,face,217,265,-103.00,0.00,
2026-05-13 15:33:27,True,face,215,267,-105.00,0.00,
2026-05-13 15:33:27,True,face,214,268,-106.00,0.00,
2026-05-13 15:33:27,True,face,215,268,-105.00,0.00,
2026-05-13 15:33:27,True,face,215,268,-105.00,0.00,
2026-05-13 15:33:27,True,face,215,268,-105.00,0.00,
2026-05-13 15:33:27,True,face,213,268,-107.00,0.00,
2026-05-13 15:33:28,True,face,213,269,-107.00,0.00,
2026-05-13 15:33:28,True,face,211,269,-109.00,0.00,
2026-05-13 15:33:28,True,face,209,270,-111.00,0.00,
2026-05-13 15:33:28,True,face,208,271,-112.00,0.00,
2026-05-13 15:33:28,True,face,195,277,-125.00,37.00,
2026-05-13 15:33:28,True,face,155,296,-165.00,56.00,
2026-05-13 15:33:28,True,face,138,309,-182.00,69.00,
2026-05-13 15:33:28,True,face,135,311,-185.00,71.00,
2026-05-13 15:33:29,True,face,135,310,-185.00,70.00,
2026-05-13 15:33:29,True,face,133,309,-187.00,69.00,
2026-05-13 15:33:29,True,face,133,309,-187.00,69.00,
2026-05-13 15:33:29,True,face,134,306,-186.00,66.00,
2026-05-13 15:33:29,True,face,151,293,-169.00,53.00,
2026-05-13 15:33:29,True,face,172,281,-148.00,41.00,
2026-05-13 15:33:29,True,face,185,279,-135.00,39.00,
2026-05-13 15:33:29,True,face,188,278,-132.00,38.00,
2026-05-13 15:33:30,True,face,190,277,-130.00,37.00,
2026-05-13 15:33:30,True,face,191,276,-129.00,36.00,
2026-05-13 15:33:30,True,face,196,275,-124.00,0.00,
2026-05-13 15:33:30,True,face,223,274,-97.00,0.00,
2026-05-13 15:33:30,True,face,263,275,-57.00,0.00,
2026-05-13 15:33:30,True,face,274,275,-46.00,0.00,
2026-05-13 15:33:30,True,face,279,276,0.00,36.00,
2026-05-13 15:33:30,True,face,280,275,0.00,0.00,
2026-05-13 15:33:31,True,face,277,274,0.00,0.00,
2026-05-13 15:33:31,True,face,270,272,-50.00,0.00,
2026-05-13 15:33:31,True,face,262,269,-58.00,0.00,
2026-05-13 15:33:31,True,face,255,267,-65.00,0.00,
2026-05-13 15:33:31,True,face,250,265,-70.00,0.00,
2026-05-13 15:33:31,True,face,249,265,-71.00,0.00,
2026-05-13 15:33:31,True,face,246,262,-74.00,0.00,
2026-05-13 15:33:31,True,face,242,263,-78.00,0.00,
2026-05-13 15:33:32,True,face,240,263,-80.00,0.00,
2026-05-13 15:33:32,True,face,232,259,-88.00,0.00,
2026-05-13 15:33:32,True,face,188,248,-132.00,0.00,
2026-05-13 15:33:32,True,face,165,244,-155.00,0.00,
2026-05-13 15:33:32,True,face,161,240,-159.00,0.00,
2026-05-13 15:33:32,True,face,170,242,-150.00,0.00,
2026-05-13 15:33:32,True,face,210,265,-110.00,0.00,
2026-05-13 15:33:32,True,face,224,276,-96.00,36.00,
2026-05-13 15:33:33,True,face,262,311,-58.00,71.00,
2026-05-13 15:33:33,True,face,290,320,0.00,80.00,
2026-05-13 15:33:33,True,face,307,317,0.00,77.00,
2026-05-13 15:33:33,True,face,319,301,0.00,61.00,
2026-05-13 15:33:33,True,face,325,283,0.00,43.00,
2026-05-13 15:33:33,True,face,321,275,0.00,0.00,
2026-05-13 15:33:33,True,face,311,270,0.00,0.00,
2026-05-13 15:33:33,True,face,297,268,0.00,0.00,
2026-05-13 15:33:34,True,face,281,266,0.00,0.00,
2026-05-13 15:33:34,True,face,269,266,-51.00,0.00,
2026-05-13 15:33:34,True,face,263,265,-57.00,0.00,
2026-05-13 15:33:34,True,face,261,266,-59.00,0.00,
2026-05-13 15:33:34,True,face,258,266,-62.00,0.00,
2026-05-13 15:33:34,True,face,256,267,-64.00,0.00,
2026-05-13 15:33:35,True,face,255,268,-65.00,0.00,
2026-05-13 15:33:35,True,face,255,268,-65.00,0.00,
2026-05-13 15:33:35,True,face,254,268,-66.00,0.00,
2026-05-13 15:33:35,True,face,254,268,-66.00,0.00,
2026-05-13 15:33:35,True,face,255,268,-65.00,0.00,
2026-05-13 15:33:35,True,face,255,268,-65.00,0.00,
2026-05-13 15:33:35,True,face,255,268,-65.00,0.00,
2026-05-13 15:33:36,True,face,255,267,-65.00,0.00,
2026-05-13 15:33:36,True,face,255,268,-65.00,0.00,
2026-05-13 15:33:36,True,face,257,268,-63.00,0.00,
2026-05-13 15:33:36,True,face,260,267,-60.00,0.00,
2026-05-13 15:33:36,True,face,262,267,-58.00,0.00,
2026-05-13 15:33:36,True,face,263,267,-57.00,0.00,
2026-05-13 15:33:36,True,face,263,269,-57.00,0.00,
2026-05-13 15:33:37,True,face,263,268,-57.00,0.00,
2026-05-13 15:33:37,True,face,263,269,-57.00,0.00,
2026-05-13 15:33:37,True,face,263,269,-57.00,0.00,
2026-05-13 15:33:37,True,face,264,269,-56.00,0.00,
2026-05-13 15:33:37,True,face,264,269,-56.00,0.00,
2026-05-13 15:33:37,True,face,264,270,-56.00,0.00,
2026-05-13 15:33:38,True,face,263,269,-57.00,0.00,
2026-05-13 15:33:38,True,face,262,269,-58.00,0.00,
2026-05-13 15:33:38,True,face,261,269,-59.00,0.00,
2026-05-13 15:33:38,True,face,260,269,-60.00,0.00,
2026-05-13 15:33:38,True,face,260,270,-60.00,0.00,
2026-05-13 15:33:38,True,face,260,273,-60.00,0.00,
2026-05-13 15:33:38,True,face,258,274,-62.00,0.00,
2026-05-13 15:33:39,True,face,258,275,-62.00,0.00,
2026-05-13 15:33:39,True,face,258,275,-62.00,0.00,
2026-05-13 15:33:39,True,face,258,277,-62.00,37.00,
2026-05-13 15:33:39,True,face,259,278,-61.00,38.00,
2026-05-13 15:33:39,True,face,259,278,-61.00,38.00,
2026-05-13 15:33:39,True,face,260,276,-60.00,36.00,
2026-05-13 15:33:39,True,face,260,276,-60.00,36.00,
2026-05-13 15:33:40,True,face,260,276,-60.00,36.00,
2026-05-13 15:33:40,True,face,260,276,-60.00,36.00,
2026-05-13 15:33:40,True,face,259,275,-61.00,0.00,
2026-05-13 15:33:40,True,face,259,275,-61.00,0.00,
2026-05-13 15:33:40,True,face,259,275,-61.00,0.00,
2026-05-13 15:33:40,True,face,259,275,-61.00,0.00,
2026-05-13 15:33:41,True,face,259,275,-61.00,0.00,
2026-05-13 15:33:41,True,face,259,275,-61.00,0.00,
2026-05-13 15:33:41,True,face,259,273,-61.00,0.00,
2026-05-13 15:33:41,True,face,259,273,-61.00,0.00,
2026-05-13 15:33:41,True,face,258,275,-62.00,0.00,
2026-05-13 15:33:41,True,face,259,276,-61.00,36.00,
2026-05-13 15:33:42,True,face,259,276,-61.00,36.00,
2026-05-13 15:33:42,True,face,260,275,-60.00,0.00,
2026-05-13 15:33:42,True,face,260,276,-60.00,36.00,
2026-05-13 15:33:42,True,face,261,284,-59.00,44.00,
2026-05-13 15:33:42,True,face,260,298,-60.00,58.00,
2026-05-13 15:33:42,True,face,259,313,-61.00,73.00,
2026-05-13 15:33:42,True,face,259,317,-61.00,77.00,
2026-05-13 15:33:43,True,face,261,318,-59.00,78.00,
2026-05-13 15:33:43,True,face,262,316,-58.00,76.00,
2026-05-13 15:33:43,True,face,263,317,-57.00,77.00,
2026-05-13 15:33:43,True,face,264,317,-56.00,77.00,
2026-05-13 15:33:43,True,face,264,316,-56.00,76.00,
2026-05-13 15:33:43,True,face,263,314,-57.00,74.00,
2026-05-13 15:33:43,True,face,262,313,-58.00,73.00,
2026-05-13 15:33:44,True,face,262,311,-58.00,71.00,
2026-05-13 15:33:44,True,face,263,301,-57.00,61.00,
2026-05-13 15:33:44,True,face,274,285,-46.00,45.00,
2026-05-13 15:33:44,True,face,303,276,0.00,36.00,
2026-05-13 15:33:44,True,face,320,279,0.00,39.00,
2026-05-13 15:33:44,True,face,329,287,0.00,47.00,
2026-05-13 15:33:45,True,face,334,290,0.00,50.00,
2026-05-13 15:33:45,True,face,337,291,0.00,51.00,
2026-05-13 15:33:45,True,face,340,293,0.00,53.00,
2026-05-13 15:33:45,True,face,343,295,0.00,55.00,
2026-05-13 15:33:45,True,face,344,296,0.00,56.00,
2026-05-13 15:33:45,True,face,345,299,0.00,59.00,
2026-05-13 15:33:45,True,face,346,300,0.00,60.00,
2026-05-13 15:33:46,True,face,345,300,0.00,60.00,
2026-05-13 15:33:46,True,face,345,299,0.00,59.00,
2026-05-13 15:33:46,True,face,343,299,0.00,59.00,
2026-05-13 15:33:46,True,face,343,297,0.00,57.00,
2026-05-13 15:33:46,True,face,340,295,0.00,55.00,
2026-05-13 15:33:46,True,face,337,292,0.00,52.00,
2026-05-13 15:33:47,True,face,328,287,0.00,47.00,
2026-05-13 15:33:47,True,face,312,280,0.00,40.00,
2026-05-13 15:33:47,True,face,297,273,0.00,0.00,
2026-05-13 15:33:47,True,face,287,266,0.00,0.00,
2026-05-13 15:33:47,True,face,287,264,0.00,0.00,
2026-05-13 15:33:47,True,face,294,265,0.00,0.00,RIGHT_CLICK
2026-05-13 15:33:48,True,face,317,273,0.00,0.00,
2026-05-13 15:33:48,True,face,331,275,0.00,0.00,RIGHT_CLICK
2026-05-13 15:33:48,True,face,344,284,0.00,44.00,
2026-05-13 15:33:48,True,face,351,287,0.00,47.00,
2026-05-13 15:33:48,True,face,349,290,0.00,50.00,
2026-05-13 15:33:48,True,face,337,289,0.00,49.00,
2026-05-13 15:33:48,True,face,316,283,0.00,43.00,EXIT
2026-05-13 15:34:54,True,face,245,289,-75.00,49.00,
2026-05-13 15:34:55,True,face,263,280,-57.00,40.00,
2026-05-13 15:34:55,True,face,263,277,-57.00,37.00,
2026-05-13 15:34:55,True,face,263,276,-57.00,36.00,
2026-05-13 15:34:56,True,face,262,276,-58.00,36.00,
2026-05-13 15:34:56,True,face,261,276,-59.00,36.00,
2026-05-13 15:34:56,True,face,261,277,-59.00,37.00,
2026-05-13 15:34:56,True,face,261,277,-59.00,37.00,
2026-05-13 15:34:56,True,face,262,277,-58.00,37.00,
2026-05-13 15:34:56,True,face,262,277,-58.00,37.00,
2026-05-13 15:34:56,True,face,263,277,-57.00,37.00,
2026-05-13 15:34:56,True,face,263,277,-57.00,37.00,
2026-05-13 15:34:57,True,face,263,277,-57.00,37.00,
2026-05-13 15:34:57,True,face,250,274,-70.00,0.00,
2026-05-13 15:34:57,True,face,240,273,-80.00,0.00,
2026-05-13 15:34:57,True,face,239,271,-81.00,0.00,
2026-05-13 15:34:57,True,face,241,270,-79.00,0.00,
2026-05-13 15:34:57,True,face,245,270,-75.00,0.00,
2026-05-13 15:34:57,True,face,250,270,-70.00,0.00,
2026-05-13 15:34:57,True,face,254,272,-66.00,0.00,
2026-05-13 15:34:58,True,face,257,273,-63.00,0.00,
2026-05-13 15:34:58,True,face,258,273,-62.00,0.00,
2026-05-13 15:34:58,True,face,259,274,-61.00,0.00,
2026-05-13 15:34:58,True,face,260,274,-60.00,0.00,
2026-05-13 15:34:58,True,face,260,274,-60.00,0.00,
2026-05-13 15:34:58,True,face,260,274,-60.00,0.00,
2026-05-13 15:34:58,True,face,260,275,-60.00,0.00,
2026-05-13 15:34:58,True,face,259,278,-61.00,38.00,
2026-05-13 15:34:59,True,face,259,281,-61.00,41.00,
2026-05-13 15:34:59,True,face,259,290,-61.00,50.00,
2026-05-13 15:34:59,True,face,260,294,-60.00,54.00,
2026-05-13 15:34:59,True,face,261,294,-59.00,54.00,
2026-05-13 15:34:59,True,face,261,298,-59.00,58.00,
2026-05-13 15:34:59,True,face,260,297,-60.00,57.00,
2026-05-13 15:34:59,True,face,260,297,-60.00,57.00,
2026-05-13 15:35:00,True,face,260,298,-60.00,58.00,
2026-05-13 15:35:00,True,face,260,295,-60.00,55.00,
2026-05-13 15:35:00,True,face,260,295,-60.00,55.00,
2026-05-13 15:35:00,True,face,260,295,-60.00,55.00,
2026-05-13 15:35:00,True,face,259,292,-61.00,52.00,
2026-05-13 15:35:00,True,face,258,294,-62.00,54.00,
2026-05-13 15:35:00,True,face,258,293,-62.00,53.00,
2026-05-13 15:35:00,True,face,258,291,-62.00,51.00,
2026-05-13 15:35:01,True,face,258,291,-62.00,51.00,
2026-05-13 15:35:01,True,face,259,292,-61.00,52.00,
2026-05-13 15:35:01,True,face,261,292,-59.00,52.00,
2026-05-13 15:35:01,True,face,270,290,-50.00,50.00,
2026-05-13 15:35:01,True,face,284,295,0.00,55.00,
2026-05-13 15:35:01,True,face,289,295,0.00,55.00,
2026-05-13 15:35:01,True,face,288,293,0.00,53.00,
2026-05-13 15:35:01,True,face,286,293,0.00,53.00,
2026-05-13 15:35:02,True,face,286,290,0.00,50.00,
2026-05-13 15:35:02,True,face,286,290,0.00,50.00,
2026-05-13 15:35:02,True,face,285,290,0.00,50.00,
2026-05-13 15:35:02,True,face,284,291,0.00,51.00,
2026-05-13 15:35:02,True,face,283,292,0.00,52.00,
2026-05-13 15:35:02,True,face,282,292,0.00,52.00,
2026-05-13 15:35:02,True,face,281,293,0.00,53.00,
2026-05-13 15:35:02,True,face,280,290,0.00,50.00,
2026-05-13 15:35:02,True,face,280,289,0.00,49.00,
2026-05-13 15:35:03,True,face,280,289,0.00,49.00,
2026-05-13 15:35:03,True,face,280,286,0.00,46.00,
2026-05-13 15:35:03,True,face,280,286,0.00,46.00,
2026-05-13 15:35:03,True,face,278,286,0.00,46.00,
2026-05-13 15:35:03,True,face,275,286,0.00,46.00,
2026-05-13 15:35:03,True,face,274,286,-46.00,46.00,
2026-05-13 15:35:04,True,face,273,285,-47.00,45.00,
2026-05-13 15:35:04,True,face,271,285,-49.00,45.00,
2026-05-13 15:35:04,True,face,271,285,-49.00,45.00,
2026-05-13 15:35:04,True,face,267,283,-53.00,43.00,
2026-05-13 15:35:04,True,face,265,283,-55.00,43.00,
2026-05-13 15:35:04,True,face,234,296,-86.00,56.00,
2026-05-13 15:35:04,True,face,190,308,-130.00,68.00,
2026-05-13 15:35:05,True,face,179,312,-141.00,72.00,
2026-05-13 15:35:05,True,face,173,310,-147.00,70.00,
2026-05-13 15:35:05,True,face,178,309,-142.00,69.00,
2026-05-13 15:35:05,True,face,205,299,-115.00,59.00,
2026-05-13 15:35:05,True,face,231,295,-89.00,55.00,
2026-05-13 15:35:05,True,face,241,295,-79.00,55.00,
2026-05-13 15:35:06,True,face,250,292,-70.00,52.00,
2026-05-13 15:35:06,True,face,252,290,-68.00,50.00,
2026-05-13 15:35:06,True,face,254,289,-66.00,49.00,
2026-05-13 15:35:06,True,face,259,288,-61.00,48.00,
2026-05-13 15:35:06,True,face,264,285,-56.00,45.00,
2026-05-13 15:35:06,True,face,266,282,-54.00,42.00,
2026-05-13 15:35:06,True,face,269,281,-51.00,41.00,
2026-05-13 15:35:07,True,face,273,281,-47.00,41.00,
2026-05-13 15:35:07,True,face,276,278,0.00,38.00,
2026-05-13 15:35:07,True,face,280,276,0.00,36.00,
2026-05-13 15:35:07,True,face,282,274,0.00,0.00,
2026-05-13 15:35:07,True,face,281,273,0.00,0.00,
2026-05-13 15:35:07,True,face,278,272,0.00,0.00,
2026-05-13 15:35:07,True,face,269,273,-51.00,0.00,
2026-05-13 15:35:07,True,face,256,276,-64.00,36.00,
2026-05-13 15:35:08,True,face,246,275,-74.00,0.00,
2026-05-13 15:35:08,True,face,241,274,-79.00,0.00,
2026-05-13 15:35:08,True,face,239,274,-81.00,0.00,
2026-05-13 15:35:08,True,face,238,273,-82.00,0.00,
2026-05-13 15:35:08,True,face,237,274,-83.00,0.00,
2026-05-13 15:35:08,True,face,238,274,-82.00,0.00,
2026-05-13 15:35:08,True,face,241,274,-79.00,0.00,
2026-05-13 15:35:08,True,face,244,275,-76.00,0.00,
2026-05-13 15:35:09,True,face,245,275,-75.00,0.00,
2026-05-13 15:35:09,True,face,245,274,-75.00,0.00,
2026-05-13 15:35:09,True,face,246,274,-74.00,0.00,
2026-05-13 15:35:09,True,face,246,273,-74.00,0.00,
2026-05-13 15:35:09,True,face,247,274,-73.00,0.00,
2026-05-13 15:35:09,True,face,248,271,-72.00,0.00,
2026-05-13 15:35:09,True,face,250,271,-70.00,0.00,
2026-05-13 15:35:09,True,face,250,271,-70.00,0.00,
2026-05-13 15:35:10,True,face,249,271,-71.00,0.00,
2026-05-13 15:35:10,True,face,248,271,-72.00,0.00,
2026-05-13 15:35:10,True,face,245,271,-75.00,0.00,
2026-05-13 15:35:10,True,face,244,270,-76.00,0.00,
2026-05-13 15:35:10,True,face,244,272,-76.00,0.00,
2026-05-13 15:35:10,True,face,244,272,-76.00,0.00,
2026-05-13 15:35:10,True,face,246,272,-74.00,0.00,
2026-05-13 15:35:11,True,face,248,274,-72.00,0.00,
2026-05-13 15:35:11,True,face,259,276,-61.00,36.00,
2026-05-13 15:35:11,True,face,266,282,-54.00,42.00,
2026-05-13 15:35:11,True,face,271,288,-49.00,48.00,
2026-05-13 15:35:11,True,face,273,288,-47.00,48.00,
2026-05-13 15:35:11,True,face,276,293,0.00,53.00,
2026-05-13 15:35:11,True,face,278,293,0.00,53.00,
2026-05-13 15:35:12,True,face,278,293,0.00,53.00,
2026-05-13 15:35:12,True,face,278,291,0.00,51.00,
2026-05-13 15:35:12,True,face,272,288,-48.00,48.00,
2026-05-13 15:35:12,True,face,227,279,-93.00,39.00,
2026-05-13 15:35:12,False,face,,,0.00,0.00,
2026-05-13 15:35:12,False,face,,,0.00,0.00,
2026-05-13 15:35:12,False,face,,,0.00,0.00,
2026-05-13 15:35:12,False,face,,,0.00,0.00,
2026-05-13 15:35:12,False,face,,,0.00,0.00,
2026-05-13 15:35:12,False,face,,,0.00,0.00,
2026-05-13 15:35:12,False,face,,,0.00,0.00,
2026-05-13 15:35:12,False,face,,,0.00,0.00,
2026-05-13 15:35:12,False,face,,,0.00,0.00,
2026-05-13 15:35:13,True,face,184,262,-136.00,0.00,
2026-05-13 15:35:13,True,face,272,252,-48.00,0.00,
2026-05-13 15:35:13,True,face,283,254,0.00,0.00,
2026-05-13 15:35:13,True,face,284,257,0.00,0.00,
2026-05-13 15:35:13,True,face,285,260,0.00,0.00,
2026-05-13 15:35:13,True,face,285,259,0.00,0.00,
2026-05-13 15:35:13,True,face,288,259,0.00,0.00,
2026-05-13 15:35:14,True,face,289,261,0.00,0.00,
2026-05-13 15:35:14,True,face,296,266,0.00,0.00,
2026-05-13 15:35:14,True,face,308,271,0.00,0.00,
2026-05-13 15:35:14,True,face,316,273,0.00,0.00,
2026-05-13 15:35:14,True,face,320,273,0.00,0.00,
2026-05-13 15:35:14,True,face,323,272,0.00,0.00,
2026-05-13 15:35:15,True,face,326,273,0.00,0.00,
2026-05-13 15:35:15,True,face,330,275,0.00,0.00,
2026-05-13 15:35:15,True,face,331,275,0.00,0.00,
2026-05-13 15:35:15,True,face,312,271,0.00,0.00,
2026-05-13 15:35:15,True,face,292,263,0.00,0.00,
2026-05-13 15:35:15,True,face,287,264,0.00,0.00,
2026-05-13 15:35:15,True,face,292,263,0.00,0.00,
2026-05-13 15:35:16,True,face,310,265,0.00,0.00,
2026-05-13 15:35:16,True,face,322,268,0.00,0.00,
2026-05-13 15:35:16,True,face,329,270,0.00,0.00,
2026-05-13 15:35:16,True,face,335,270,0.00,0.00,
2026-05-13 15:35:16,True,face,338,276,0.00,36.00,
2026-05-13 15:35:16,True,face,343,281,0.00,41.00,
2026-05-13 15:35:17,True,face,347,286,0.00,46.00,
2026-05-13 15:35:17,True,face,348,288,0.00,48.00,
2026-05-13 15:35:17,True,face,349,287,0.00,47.00,
2026-05-13 15:35:17,True,face,349,287,0.00,47.00,
2026-05-13 15:35:17,True,face,346,282,0.00,42.00,
2026-05-13 15:35:17,True,face,340,278,0.00,38.00,
2026-05-13 15:35:17,True,face,335,278,0.00,38.00,
2026-05-13 15:35:17,True,face,335,277,0.00,37.00,
2026-05-13 15:35:18,True,face,336,277,0.00,37.00,
2026-05-13 15:35:18,True,face,347,284,0.00,44.00,
2026-05-13 15:35:18,True,face,351,286,0.00,46.00,
2026-05-13 15:35:18,True,face,355,288,0.00,48.00,
2026-05-13 15:35:18,True,face,357,288,0.00,48.00,
2026-05-13 15:35:18,True,face,359,287,0.00,47.00,
2026-05-13 15:35:19,True,face,361,287,0.00,47.00,
2026-05-13 15:35:19,True,face,360,285,0.00,45.00,
2026-05-13 15:35:19,True,face,361,284,0.00,44.00,
2026-05-13 15:35:19,True,face,361,284,0.00,44.00,
2026-05-13 15:35:19,True,face,352,283,0.00,43.00,
2026-05-13 15:35:19,True,face,343,281,0.00,41.00,RIGHT_CLICK
2026-05-13 15:35:20,True,face,346,281,0.00,41.00,
2026-05-13 15:35:20,True,face,355,286,0.00,46.00,
2026-05-13 15:35:20,True,face,362,290,0.00,50.00,
2026-05-13 15:35:20,True,face,366,292,46.00,52.00,
2026-05-13 15:35:20,True,face,370,298,50.00,58.00,
2026-05-13 15:35:20,True,face,371,300,51.00,60.00,
2026-05-13 15:35:20,True,face,363,298,0.00,58.00,
2026-05-13 15:35:21,True,face,341,293,0.00,53.00,
2026-05-13 15:35:21,True,face,324,284,0.00,44.00,
2026-05-13 15:35:21,True,face,321,282,0.00,42.00,
2026-05-13 15:35:21,True,face,321,280,0.00,40.00,
2026-05-13 15:35:21,True,face,320,280,0.00,40.00,
2026-05-13 15:35:21,True,face,319,280,0.00,40.00,
2026-05-13 15:35:22,True,face,317,280,0.00,40.00,
2026-05-13 15:35:22,True,face,314,279,0.00,39.00,
2026-05-13 15:35:22,True,face,313,279,0.00,39.00,
2026-05-13 15:35:22,True,face,314,279,0.00,39.00,
2026-05-13 15:35:22,True,face,317,278,0.00,38.00,
2026-05-13 15:35:22,True,face,326,278,0.00,38.00,
2026-05-13 15:35:23,True,face,328,278,0.00,38.00,
2026-05-13 15:35:23,True,face,329,278,0.00,38.00,
2026-05-13 15:35:23,True,face,329,277,0.00,37.00,
2026-05-13 15:35:23,True,face,328,279,0.00,39.00,
2026-05-13 15:35:23,True,face,328,278,0.00,38.00,
2026-05-13 15:35:23,True,face,328,279,0.00,39.00,
2026-05-13 15:35:23,True,face,329,281,0.00,41.00,
2026-05-13 15:35:24,True,face,329,280,0.00,40.00,
2026-05-13 15:35:24,True,face,331,281,0.00,41.00,
2026-05-13 15:35:24,True,face,331,277,0.00,37.00,
2026-05-13 15:35:24,True,face,333,278,0.00,38.00,
2026-05-13 15:35:24,True,face,334,278,0.00,38.00,
2026-05-13 15:35:24,True,face,334,275,0.00,0.00,
2026-05-13 15:35:25,True,face,333,273,0.00,0.00,
2026-05-13 15:35:25,True,face,331,275,0.00,0.00,
2026-05-13 15:35:25,True,face,327,274,0.00,0.00,
2026-05-13 15:35:25,True,face,325,272,0.00,0.00,
2026-05-13 15:35:25,True,face,324,273,0.00,0.00,
2026-05-13 15:35:25,True,face,324,273,0.00,0.00,
2026-05-13 15:35:25,True,face,324,272,0.00,0.00,
2026-05-13 15:35:26,True,face,321,271,0.00,0.00,
2026-05-13 15:35:26,True,face,317,271,0.00,0.00,
2026-05-13 15:35:26,True,face,313,270,0.00,0.00,
2026-05-13 15:35:26,True,face,311,269,0.00,0.00,
2026-05-13 15:35:26,True,face,310,268,0.00,0.00,
2026-05-13 15:35:26,True,face,304,269,0.00,0.00,
2026-05-13 15:35:26,True,face,297,269,0.00,0.00,
2026-05-13 15:35:27,True,face,295,268,0.00,0.00,
2026-05-13 15:35:27,True,face,296,268,0.00,0.00,
2026-05-13 15:35:27,True,face,310,272,0.00,0.00,
2026-05-13 15:35:27,True,face,331,284,0.00,44.00,
2026-05-13 15:35:27,True,face,353,293,0.00,53.00,
2026-05-13 15:35:27,True,face,369,302,49.00,62.00,
2026-05-13 15:35:28,True,face,381,309,61.00,69.00,
2026-05-13 15:35:28,True,face,388,310,68.00,70.00,
2026-05-13 15:35:28,True,face,389,311,69.00,71.00,
2026-05-13 15:35:28,True,face,388,311,68.00,71.00,
2026-05-13 15:35:28,True,face,387,312,67.00,72.00,
2026-05-13 15:35:28,True,face,386,310,66.00,70.00,
2026-05-13 15:35:28,True,face,385,308,65.00,68.00,
2026-05-13 15:35:29,True,face,381,304,61.00,64.00,DRAG_TOGGLE
2026-05-13 15:35:29,True,face,379,302,59.00,62.00,LEFT_CLICK
2026-05-13 15:35:29,True,face,379,302,59.00,62.00,
2026-05-13 15:35:29,True,face,379,302,59.00,62.00,
2026-05-13 15:35:29,True,face,379,299,59.00,59.00,
2026-05-13 15:35:29,True,face,378,299,58.00,59.00,
2026-05-13 15:35:30,True,face,377,299,57.00,59.00,
2026-05-13 15:35:30,True,face,376,298,56.00,58.00,
2026-05-13 15:35:30,True,face,376,298,56.00,58.00,
2026-05-13 15:35:30,True,face,376,297,56.00,57.00,
2026-05-13 15:35:30,True,face,376,297,56.00,57.00,
2026-05-13 15:35:30,True,face,376,298,56.00,58.00,
2026-05-13 15:35:31,True,face,377,298,57.00,58.00,
2026-05-13 15:35:31,True,face,377,296,57.00,56.00,
2026-05-13 15:35:31,True,face,377,296,57.00,56.00,
2026-05-13 15:35:31,True,face,377,296,57.00,56.00,
2026-05-13 15:35:31,True,face,377,295,57.00,55.00,
2026-05-13 15:35:31,True,face,377,295,57.00,55.00,
2026-05-13 15:35:32,True,face,378,295,58.00,55.00,
2026-05-13 15:35:32,True,face,379,295,59.00,55.00,
2026-05-13 15:35:32,True,face,378,295,58.00,55.00,
2026-05-13 15:35:32,True,face,378,295,58.00,55.00,
2026-05-13 15:35:32,True,face,376,295,56.00,55.00,
2026-05-13 15:35:32,True,face,376,294,56.00,54.00,
2026-05-13 15:35:32,True,face,376,294,56.00,54.00,
2026-05-13 15:35:33,True,face,376,294,56.00,54.00,
2026-05-13 15:35:33,True,face,376,294,56.00,54.00,
2026-05-13 15:35:33,True,face,376,292,56.00,52.00,
2026-05-13 15:35:33,True,face,374,291,54.00,51.00,
2026-05-13 15:35:33,True,face,369,290,49.00,50.00,
2026-05-13 15:35:33,True,face,350,281,0.00,41.00,
2026-05-13 15:35:33,True,face,331,277,0.00,37.00,
2026-05-13 15:35:33,True,face,318,275,0.00,0.00,
2026-05-13 15:35:34,True,face,309,275,0.00,0.00,
2026-05-13 15:35:34,True,face,304,275,0.00,0.00,
2026-05-13 15:35:34,True,face,298,276,0.00,36.00,
2026-05-13 15:35:34,True,face,295,276,0.00,36.00,
2026-05-13 15:35:34,True,face,291,278,0.00,38.00,
2026-05-13 15:35:34,True,face,289,279,0.00,39.00,
2026-05-13 15:35:34,True,face,283,279,0.00,39.00,
2026-05-13 15:35:34,True,face,277,279,0.00,39.00,
2026-05-13 15:35:35,True,face,274,280,-46.00,40.00,
2026-05-13 15:35:35,True,face,274,280,-46.00,40.00,
2026-05-13 15:35:35,True,face,274,279,-46.00,39.00,
2026-05-13 15:35:35,True,face,274,280,-46.00,40.00,
2026-05-13 15:35:35,True,face,271,280,-49.00,40.00,
2026-05-13 15:35:35,True,face,269,280,-51.00,40.00,
2026-05-13 15:35:35,True,face,268,280,-52.00,40.00,
2026-05-13 15:35:35,True,face,257,286,-63.00,46.00,
2026-05-13 15:35:36,True,face,237,291,-83.00,51.00,
2026-05-13 15:35:36,True,face,229,293,-91.00,53.00,
2026-05-13 15:35:36,True,face,226,295,-94.00,55.00,
2026-05-13 15:35:36,True,face,222,294,-98.00,54.00,
2026-05-13 15:35:36,True,face,218,294,-102.00,54.00,
2026-05-13 15:35:36,True,face,219,293,-101.00,53.00,
2026-05-13 15:35:36,True,face,220,292,-100.00,52.00,
2026-05-13 15:35:36,True,face,220,291,-100.00,51.00,
2026-05-13 15:35:37,True,face,222,289,-98.00,49.00,
2026-05-13 15:35:37,True,face,237,282,-83.00,42.00,
2026-05-13 15:35:37,True,face,262,273,-58.00,0.00,
2026-05-13 15:35:37,True,face,283,273,0.00,0.00,
2026-05-13 15:35:37,True,face,290,272,0.00,0.00,
2026-05-13 15:35:37,True,face,293,271,0.00,0.00,
2026-05-13 15:35:37,True,face,296,271,0.00,0.00,
2026-05-13 15:35:38,True,face,296,270,0.00,0.00,
2026-05-13 15:35:38,True,face,294,268,0.00,0.00,
2026-05-13 15:35:38,True,face,294,268,0.00,0.00,
2026-05-13 15:35:38,True,face,293,268,0.00,0.00,
2026-05-13 15:35:38,True,face,294,269,0.00,0.00,
2026-05-13 15:35:38,True,face,296,269,0.00,0.00,
2026-05-13 15:35:38,True,face,296,269,0.00,0.00,
2026-05-13 15:35:38,True,face,298,268,0.00,0.00,
2026-05-13 15:35:39,True,face,301,269,0.00,0.00,
2026-05-13 15:35:39,True,face,302,269,0.00,0.00,
2026-05-13 15:35:39,True,face,303,270,0.00,0.00,
2026-05-13 15:35:39,True,face,306,270,0.00,0.00,
2026-05-13 15:35:39,True,face,316,271,0.00,0.00,
2026-05-13 15:35:39,True,face,322,273,0.00,0.00,
2026-05-13 15:35:39,True,face,326,273,0.00,0.00,
2026-05-13 15:35:39,True,face,329,273,0.00,0.00,
2026-05-13 15:35:40,True,face,330,274,0.00,0.00,
2026-05-13 15:35:40,True,face,330,274,0.00,0.00,
2026-05-13 15:35:40,True,face,320,275,0.00,0.00,
2026-05-13 15:35:40,True,face,275,281,0.00,41.00,
2026-05-13 15:35:40,True,face,251,286,-69.00,46.00,
2026-05-13 15:35:40,True,face,244,286,-76.00,46.00,
2026-05-13 15:35:40,True,face,241,287,-79.00,47.00,
2026-05-13 15:35:40,True,face,240,288,-80.00,48.00,
2026-05-13 15:35:41,True,face,240,286,-80.00,46.00,
2026-05-13 15:35:41,True,face,240,287,-80.00,47.00,
2026-05-13 15:35:41,True,face,245,285,-75.00,45.00,
2026-05-13 15:35:41,True,face,264,277,-56.00,37.00,
2026-05-13 15:35:41,True,face,270,275,-50.00,0.00,
2026-05-13 15:35:41,True,face,283,271,0.00,0.00,
2026-05-13 15:35:41,True,face,290,271,0.00,0.00,
2026-05-13 15:35:41,True,face,293,271,0.00,0.00,
2026-05-13 15:35:42,True,face,296,272,0.00,0.00,
2026-05-13 15:35:42,True,face,298,272,0.00,0.00,
2026-05-13 15:35:42,True,face,298,272,0.00,0.00,
2026-05-13 15:35:42,True,face,298,272,0.00,0.00,
2026-05-13 15:35:42,True,face,298,271,0.00,0.00,
2026-05-13 15:35:42,True,face,300,270,0.00,0.00,
2026-05-13 15:35:42,True,face,301,270,0.00,0.00,
2026-05-13 15:35:43,True,face,302,269,0.00,0.00,
2026-05-13 15:35:43,True,face,304,270,0.00,0.00,
2026-05-13 15:35:43,True,face,306,271,0.00,0.00,
2026-05-13 15:35:43,True,face,306,269,0.00,0.00,EXIT
2026-05-13 15:38:37,True,face,275,285,0.00,45.00,
2026-05-13 15:38:37,True,face,286,285,0.00,45.00,
2026-05-13 15:38:38,True,face,293,286,0.00,46.00,
2026-05-13 15:38:38,True,face,298,287,0.00,47.00,
2026-05-13 15:38:38,True,face,299,287,0.00,47.00,
2026-05-13 15:38:38,True,face,297,284,0.00,44.00,
2026-05-13 15:38:38,True,face,287,276,0.00,36.00,
2026-05-13 15:38:38,True,face,278,273,0.00,0.00,
2026-05-13 15:38:38,True,face,274,271,-46.00,0.00,
2026-05-13 15:38:38,True,face,272,272,-48.00,0.00,
2026-05-13 15:38:39,True,face,271,272,-49.00,0.00,
2026-05-13 15:38:39,True,face,270,272,-50.00,0.00,
2026-05-13 15:38:39,True,face,271,275,-49.00,0.00,
2026-05-13 15:38:39,True,face,272,276,-48.00,36.00,
2026-05-13 15:38:39,True,face,273,276,-47.00,36.00,
2026-05-13 15:38:39,True,face,273,277,-47.00,37.00,
2026-05-13 15:38:39,True,face,276,277,0.00,37.00,
2026-05-13 15:38:39,True,face,283,277,0.00,37.00,
2026-05-13 15:38:40,True,face,291,277,0.00,37.00,
2026-05-13 15:38:40,True,face,295,275,0.00,0.00,
2026-05-13 15:38:40,True,face,296,275,0.00,0.00,
2026-05-13 15:38:40,True,face,299,274,0.00,0.00,
2026-05-13 15:38:40,True,face,295,274,0.00,0.00,
2026-05-13 15:38:40,True,face,291,275,0.00,0.00,
2026-05-13 15:38:40,True,face,280,276,0.00,36.00,
2026-05-13 15:38:40,True,face,280,276,0.00,36.00,
2026-05-13 15:38:41,True,face,276,280,0.00,40.00,
2026-05-13 15:38:41,True,face,259,288,-61.00,48.00,
2026-05-13 15:38:41,True,face,253,290,-67.00,50.00,
2026-05-13 15:38:41,True,face,251,289,-69.00,49.00,
2026-05-13 15:38:41,True,face,264,286,-56.00,46.00,
2026-05-13 15:38:41,True,face,283,283,0.00,43.00,
2026-05-13 15:38:41,True,face,295,282,0.00,42.00,
2026-05-13 15:38:42,True,face,304,287,0.00,47.00,
2026-05-13 15:38:42,True,face,312,290,0.00,50.00,
2026-05-13 15:38:42,True,face,319,292,0.00,52.00,
2026-05-13 15:38:42,True,face,321,292,0.00,52.00,
2026-05-13 15:38:42,True,face,323,292,0.00,52.00,
2026-05-13 15:38:42,True,face,323,291,0.00,51.00,
2026-05-13 15:38:42,True,face,322,289,0.00,49.00,
2026-05-13 15:38:42,True,face,320,287,0.00,47.00,
2026-05-13 15:38:43,True,face,317,285,0.00,45.00,
2026-05-13 15:38:43,True,face,315,284,0.00,44.00,
2026-05-13 15:38:43,True,face,314,284,0.00,44.00,
2026-05-13 15:38:43,True,face,314,282,0.00,42.00,
2026-05-13 15:38:43,True,face,312,280,0.00,40.00,
2026-05-13 15:38:43,True,face,301,267,0.00,0.00,
2026-05-13 15:38:43,True,face,297,264,0.00,0.00,
2026-05-13 15:38:43,True,face,290,255,0.00,0.00,
2026-05-13 15:38:44,True,face,291,251,0.00,0.00,
2026-05-13 15:38:44,True,face,303,253,0.00,0.00,
2026-05-13 15:38:44,True,face,319,256,0.00,0.00,
2026-05-13 15:38:44,True,face,321,258,0.00,0.00,
2026-05-13 15:38:44,True,face,321,260,0.00,0.00,
2026-05-13 15:38:44,True,face,321,262,0.00,0.00,
2026-05-13 15:38:44,True,face,322,266,0.00,0.00,
2026-05-13 15:38:44,True,face,322,270,0.00,0.00,
2026-05-13 15:38:45,True,face,322,273,0.00,0.00,
2026-05-13 15:38:45,True,face,322,274,0.00,0.00,
2026-05-13 15:38:45,True,face,319,275,0.00,0.00,
2026-05-13 15:38:45,True,face,315,275,0.00,0.00,
2026-05-13 15:38:45,True,face,312,275,0.00,0.00,
2026-05-13 15:38:45,True,face,312,275,0.00,0.00,
2026-05-13 15:38:45,True,face,312,275,0.00,0.00,
2026-05-13 15:38:45,True,face,312,276,0.00,36.00,
2026-05-13 15:38:46,True,face,313,276,0.00,36.00,
2026-05-13 15:38:46,True,face,311,276,0.00,36.00,
2026-05-13 15:38:46,True,face,308,277,0.00,37.00,
2026-05-13 15:38:46,True,face,304,278,0.00,38.00,
2026-05-13 15:38:46,True,face,297,278,0.00,38.00,
2026-05-13 15:38:46,True,face,283,281,0.00,41.00,
2026-05-13 15:38:46,True,face,280,281,0.00,41.00,
2026-05-13 15:38:47,True,face,279,281,0.00,41.00,
2026-05-13 15:38:47,True,face,281,280,0.00,40.00,
2026-05-13 15:38:47,True,face,288,276,0.00,36.00,
2026-05-13 15:38:47,True,face,290,275,0.00,0.00,
2026-05-13 15:38:47,True,face,294,273,0.00,0.00,
2026-05-13 15:38:47,True,face,299,271,0.00,0.00,
2026-05-13 15:38:47,True,face,301,270,0.00,0.00,
2026-05-13 15:38:47,True,face,300,270,0.00,0.00,
2026-05-13 15:38:47,True,face,301,270,0.00,0.00,
2026-05-13 15:38:47,True,face,301,270,0.00,0.00,
2026-05-13 15:38:47,True,face,300,271,0.00,0.00,
2026-05-13 15:38:47,True,face,299,271,0.00,0.00,
2026-05-13 15:38:47,True,face,296,271,0.00,0.00,
2026-05-13 15:38:47,True,face,293,271,0.00,0.00,
2026-05-13 15:38:47,True,face,291,271,0.00,0.00,
2026-05-13 15:38:47,True,face,290,271,0.00,0.00,
2026-05-13 15:38:47,True,face,288,271,0.00,0.00,
2026-05-13 15:38:47,True,face,287,272,0.00,0.00,
2026-05-13 15:38:47,True,face,287,272,0.00,0.00,
2026-05-13 15:38:48,True,face,287,272,0.00,0.00,
2026-05-13 15:38:48,True,face,286,272,0.00,0.00,
2026-05-13 15:38:48,True,face,286,272,0.00,0.00,
2026-05-13 15:38:48,True,face,286,273,0.00,0.00,
2026-05-13 15:38:48,True,face,285,273,0.00,0.00,
2026-05-13 15:38:48,True,face,285,273,0.00,0.00,
2026-05-13 15:38:48,True,face,286,273,0.00,0.00,
2026-05-13 15:38:48,True,face,286,273,0.00,0.00,
2026-05-13 15:38:48,True,face,286,273,0.00,0.00,
2026-05-13 15:38:48,True,face,285,273,0.00,0.00,
2026-05-13 15:38:48,True,face,285,273,0.00,0.00,
2026-05-13 15:38:48,True,face,285,273,0.00,0.00,
2026-05-13 15:38:48,True,face,285,273,0.00,0.00,
2026-05-13 15:38:48,True,face,284,273,0.00,0.00,
2026-05-13 15:38:48,True,face,283,273,0.00,0.00,
2026-05-13 15:38:48,True,face,282,273,0.00,0.00,
2026-05-13 15:38:48,True,face,282,274,0.00,0.00,
2026-05-13 15:38:48,True,face,281,274,0.00,0.00,
2026-05-13 15:38:48,True,face,281,275,0.00,0.00,
2026-05-13 15:38:48,True,face,281,276,0.00,36.00,
2026-05-13 15:38:48,True,face,279,276,0.00,36.00,
2026-05-13 15:38:48,True,face,279,278,0.00,38.00,
2026-05-13 15:38:49,True,face,278,278,0.00,38.00,
2026-05-13 15:38:49,True,face,276,280,0.00,40.00,
2026-05-13 15:38:49,True,face,274,281,-46.00,41.00,
2026-05-13 15:38:49,True,face,273,281,-47.00,41.00,
2026-05-13 15:38:49,True,face,273,281,-47.00,41.00,
2026-05-13 15:38:49,True,face,272,281,-48.00,41.00,
2026-05-13 15:38:49,True,face,271,281,-49.00,41.00,
2026-05-13 15:38:50,True,face,270,281,-50.00,41.00,
2026-05-13 15:38:50,True,face,269,280,-51.00,40.00,
2026-05-13 15:38:50,True,face,269,280,-51.00,40.00,
2026-05-13 15:38:50,True,face,268,279,-52.00,39.00,
2026-05-13 15:38:50,True,face,268,279,-52.00,39.00,
2026-05-13 15:38:50,True,face,268,280,-52.00,40.00,
2026-05-13 15:38:50,True,face,267,279,-53.00,39.00,
2026-05-13 15:38:50,True,face,267,279,-53.00,39.00,
2026-05-13 15:38:51,True,face,267,279,-53.00,39.00,
2026-05-13 15:38:51,True,face,267,279,-53.00,39.00,
2026-05-13 15:38:51,True,face,267,278,-53.00,38.00,EXIT
2026-05-13 15:39:06,True,face,292,270,0.00,0.00,
2026-05-13 15:39:06,True,face,292,270,0.00,0.00,
2026-05-13 15:39:06,True,face,292,270,0.00,0.00,
2026-05-13 15:39:06,True,face,292,270,0.00,0.00,
2026-05-13 15:39:06,True,face,292,270,0.00,0.00,
2026-05-13 15:39:06,True,face,292,270,0.00,0.00,
2026-05-13 15:39:06,True,face,292,270,0.00,0.00,
2026-05-13 15:39:06,True,face,292,270,0.00,0.00,
2026-05-13 15:39:07,True,face,292,269,0.00,0.00,
2026-05-13 15:39:07,True,face,292,269,0.00,0.00,
2026-05-13 15:39:07,True,face,292,269,0.00,0.00,
2026-05-13 15:39:07,True,face,291,269,0.00,0.00,
2026-05-13 15:39:07,True,face,291,269,0.00,0.00,
2026-05-13 15:39:07,True,face,290,268,0.00,0.00,
2026-05-13 15:39:07,True,face,289,268,0.00,0.00,
2026-05-13 15:39:07,True,face,288,267,0.00,0.00,
2026-05-13 15:39:07,True,face,288,267,0.00,0.00,
2026-05-13 15:39:07,True,face,287,267,0.00,0.00,
2026-05-13 15:39:07,True,face,286,267,0.00,0.00,
2026-05-13 15:39:07,True,face,285,267,0.00,0.00,
2026-05-13 15:39:07,True,face,284,267,0.00,0.00,
2026-05-13 15:39:07,True,face,284,267,0.00,0.00,
2026-05-13 15:39:07,True,face,283,267,0.00,0.00,
2026-05-13 15:39:07,True,face,282,267,0.00,0.00,
2026-05-13 15:39:07,True,face,281,267,0.00,0.00,
2026-05-13 15:39:07,True,face,280,267,0.00,0.00,
2026-05-13 15:39:07,True,face,279,267,0.00,0.00,
2026-05-13 15:39:07,True,face,279,267,0.00,0.00,
2026-05-13 15:39:07,True,face,278,268,0.00,0.00,
2026-05-13 15:39:07,True,face,278,268,0.00,0.00,
2026-05-13 15:39:07,True,face,277,268,0.00,0.00,
2026-05-13 15:39:07,True,face,277,268,0.00,0.00,
2026-05-13 15:39:07,True,face,277,268,0.00,0.00,
2026-05-13 15:39:07,True,face,276,268,0.00,0.00,
2026-05-13 15:39:07,True,face,275,269,0.00,0.00,
2026-05-13 15:39:08,True,face,274,269,-46.00,0.00,
2026-05-13 15:39:08,True,face,266,269,-54.00,0.00,
2026-05-13 15:39:08,True,face,236,281,-84.00,41.00,
2026-05-13 15:39:08,True,face,213,289,-107.00,49.00,
2026-05-13 15:39:08,True,face,206,289,-114.00,49.00,
2026-05-13 15:39:08,True,face,205,290,-115.00,50.00,
2026-05-13 15:39:08,True,face,203,291,-117.00,51.00,
2026-05-13 15:39:08,True,face,203,292,-117.00,52.00,
2026-05-13 15:39:09,True,face,200,293,-120.00,53.00,
2026-05-13 15:39:09,True,face,197,294,-123.00,54.00,
2026-05-13 15:39:09,True,face,197,294,-123.00,54.00,
2026-05-13 15:39:09,True,face,197,294,-123.00,54.00,
2026-05-13 15:39:09,True,face,198,292,-122.00,52.00,
2026-05-13 15:39:09,True,face,209,287,-111.00,47.00,
2026-05-13 15:39:09,True,face,216,284,-104.00,44.00,
2026-05-13 15:39:09,True,face,220,281,-100.00,41.00,
2026-05-13 15:39:10,True,face,220,281,-100.00,41.00,
2026-05-13 15:39:10,True,face,223,280,-97.00,40.00,
2026-05-13 15:39:10,True,face,227,279,-93.00,39.00,
2026-05-13 15:39:10,True,face,227,278,-93.00,38.00,
2026-05-13 15:39:10,True,face,226,278,-94.00,38.00,
2026-05-13 15:39:10,True,face,226,278,-94.00,38.00,
2026-05-13 15:39:10,True,face,226,279,-94.00,39.00,
2026-05-13 15:39:10,True,face,226,279,-94.00,39.00,
2026-05-13 15:39:11,True,face,225,279,-95.00,39.00,
2026-05-13 15:39:11,True,face,222,282,-98.00,42.00,
2026-05-13 15:39:11,True,face,222,283,-98.00,43.00,
2026-05-13 15:39:11,True,face,222,283,-98.00,43.00,
2026-05-13 15:39:11,True,face,220,283,-100.00,43.00,
2026-05-13 15:39:11,True,face,205,288,-115.00,48.00,
2026-05-13 15:39:11,True,face,197,291,-123.00,51.00,
2026-05-13 15:39:11,True,face,195,294,-125.00,54.00,
2026-05-13 15:39:12,True,face,195,293,-125.00,53.00,
2026-05-13 15:39:12,True,face,195,293,-125.00,53.00,
2026-05-13 15:39:12,True,face,194,293,-126.00,53.00,
2026-05-13 15:39:12,True,face,194,292,-126.00,52.00,
2026-05-13 15:39:12,True,face,195,292,-125.00,52.00,
2026-05-13 15:39:12,True,face,200,292,-120.00,52.00,
2026-05-13 15:39:12,True,face,210,289,-110.00,49.00,
2026-05-13 15:39:12,True,face,228,281,-92.00,41.00,
2026-05-13 15:39:13,True,face,243,276,-77.00,36.00,
2026-05-13 15:39:13,True,face,253,274,-67.00,0.00,
2026-05-13 15:39:13,True,face,260,273,-60.00,0.00,
2026-05-13 15:39:13,True,face,270,273,-50.00,0.00,
2026-05-13 15:39:13,True,face,279,272,0.00,0.00,
2026-05-13 15:39:13,True,face,286,272,0.00,0.00,
2026-05-13 15:39:13,True,face,288,272,0.00,0.00,
2026-05-13 15:39:13,True,face,295,272,0.00,0.00,
2026-05-13 15:39:14,True,face,301,273,0.00,0.00,
2026-05-13 15:39:14,True,face,302,274,0.00,0.00,
2026-05-13 15:39:14,True,face,306,274,0.00,0.00,
2026-05-13 15:39:14,True,face,311,274,0.00,0.00,
2026-05-13 15:39:14,True,face,318,276,0.00,36.00,
2026-05-13 15:39:14,True,face,323,276,0.00,36.00,
2026-05-13 15:39:14,True,face,326,276,0.00,36.00,
2026-05-13 15:39:14,True,face,324,277,0.00,37.00,
2026-05-13 15:39:15,True,face,321,277,0.00,37.00,
2026-05-13 15:39:15,True,face,316,277,0.00,37.00,
2026-05-13 15:39:15,True,face,313,276,0.00,36.00,
2026-05-13 15:39:15,True,face,313,274,0.00,0.00,
2026-05-13 15:39:15,True,face,313,273,0.00,0.00,
2026-05-13 15:39:15,True,face,315,273,0.00,0.00,
2026-05-13 15:39:15,True,face,316,275,0.00,0.00,
2026-05-13 15:39:15,True,face,319,278,0.00,38.00,
2026-05-13 15:39:16,True,face,323,279,0.00,39.00,
2026-05-13 15:39:16,True,face,324,280,0.00,40.00,
2026-05-13 15:39:16,True,face,310,279,0.00,39.00,
2026-05-13 15:39:16,True,face,299,277,0.00,37.00,
2026-05-13 15:39:16,True,face,298,276,0.00,36.00,
2026-05-13 15:39:16,True,face,296,276,0.00,36.00,
2026-05-13 15:39:16,True,face,294,275,0.00,0.00,
2026-05-13 15:39:16,True,face,291,275,0.00,0.00,
2026-05-13 15:39:16,True,face,289,273,0.00,0.00,
2026-05-13 15:39:17,True,face,287,273,0.00,0.00,
2026-05-13 15:39:17,True,face,288,273,0.00,0.00,
2026-05-13 15:39:17,True,face,288,274,0.00,0.00,
2026-05-13 15:39:17,True,face,291,274,0.00,0.00,
2026-05-13 15:39:17,True,face,291,274,0.00,0.00,
2026-05-13 15:39:17,True,face,291,274,0.00,0.00,
2026-05-13 15:39:17,True,face,290,275,0.00,0.00,
2026-05-13 15:39:17,True,face,290,277,0.00,37.00,
2026-05-13 15:39:18,True,face,293,278,0.00,38.00,
2026-05-13 15:39:18,True,face,295,279,0.00,39.00,
2026-05-13 15:39:18,True,face,294,279,0.00,39.00,
2026-05-13 15:39:18,True,face,291,279,0.00,39.00,
2026-05-13 15:39:18,True,face,288,278,0.00,38.00,
2026-05-13 15:39:18,True,face,286,280,0.00,40.00,
2026-05-13 15:39:18,True,face,285,280,0.00,40.00,
2026-05-13 15:39:18,True,face,285,279,0.00,39.00,
2026-05-13 15:39:19,True,face,285,279,0.00,39.00,
2026-05-13 15:39:19,True,face,286,279,0.00,39.00,EXIT
2026-05-13 15:45:11,True,face,273,264,-47.00,0.00,LEFT_CLICK
2026-05-13 15:45:11,True,face,272,275,-48.00,0.00,
2026-05-13 15:45:11,True,face,271,276,-49.00,36.00,LEFT_CLICK
2026-05-13 15:45:11,True,face,269,276,-51.00,36.00,
2026-05-13 15:45:12,True,face,265,275,-55.00,0.00,LEFT_CLICK
2026-05-13 15:45:12,True,face,262,273,-58.00,0.00,
2026-05-13 15:45:12,True,face,261,273,-59.00,0.00,LEFT_CLICK
2026-05-13 15:45:12,True,face,261,271,-59.00,0.00,
2026-05-13 15:45:12,True,face,259,271,-61.00,0.00,
2026-05-13 15:45:12,True,face,257,270,-63.00,0.00,
2026-05-13 15:45:12,True,face,254,270,-66.00,0.00,
2026-05-13 15:45:13,True,face,251,269,-69.00,0.00,
2026-05-13 15:45:13,True,face,245,267,-75.00,0.00,
2026-05-13 15:45:13,True,face,242,264,-78.00,0.00,
2026-05-13 15:45:13,True,face,242,262,-78.00,0.00,
2026-05-13 15:45:13,True,face,241,261,-79.00,0.00,
2026-05-13 15:45:13,True,face,239,261,-81.00,0.00,LEFT_CLICK
2026-05-13 15:45:14,True,face,238,261,-82.00,0.00,
2026-05-13 15:45:14,True,face,237,261,-83.00,0.00,
2026-05-13 15:45:14,True,face,237,262,-83.00,0.00,LEFT_CLICK
2026-05-13 15:45:14,True,face,239,262,-81.00,0.00,
2026-05-13 15:45:14,True,face,240,262,-80.00,0.00,
2026-05-13 15:45:14,True,face,242,262,-78.00,0.00,LEFT_CLICK
2026-05-13 15:45:14,True,face,242,262,-78.00,0.00,
2026-05-13 15:45:15,True,face,241,262,-79.00,0.00,
2026-05-13 15:45:15,True,face,241,262,-79.00,0.00,
2026-05-13 15:45:15,True,face,240,262,-80.00,0.00,
2026-05-13 15:45:15,True,face,240,262,-80.00,0.00,
2026-05-13 15:45:15,True,face,241,260,-79.00,0.00,LEFT_CLICK
2026-05-13 15:45:15,True,face,249,257,-71.00,0.00,
2026-05-13 15:45:15,True,face,251,258,-69.00,0.00,
2026-05-13 15:45:16,True,face,254,257,-66.00,0.00,LEFT_CLICK
2026-05-13 15:45:16,True,face,258,257,-62.00,0.00,LEFT_CLICK
2026-05-13 15:45:16,True,face,263,253,-57.00,0.00,
2026-05-13 15:45:16,True,face,268,253,-52.00,0.00,
2026-05-13 15:45:16,True,face,266,248,-54.00,0.00,
2026-05-13 15:45:16,True,face,259,249,-61.00,0.00,
2026-05-13 15:45:17,True,face,256,249,-64.00,0.00,
2026-05-13 15:45:17,True,face,256,249,-64.00,0.00,
2026-05-13 15:45:17,True,face,256,251,-64.00,0.00,
2026-05-13 15:45:17,True,face,256,251,-64.00,0.00,
2026-05-13 15:45:17,True,face,256,250,-64.00,0.00,
2026-05-13 15:45:17,True,face,257,249,-63.00,0.00,
2026-05-13 15:45:17,True,face,259,248,-61.00,0.00,
2026-05-13 15:45:18,True,face,261,249,-59.00,0.00,
2026-05-13 15:45:18,True,face,265,247,-55.00,0.00,
2026-05-13 15:45:18,True,face,267,246,-53.00,0.00,
2026-05-13 15:45:18,True,face,267,249,-53.00,0.00,
2026-05-13 15:45:18,True,face,267,252,-53.00,0.00,
2026-05-13 15:45:18,True,face,269,267,-51.00,0.00,
2026-05-13 15:45:18,True,face,278,287,0.00,47.00,
2026-05-13 15:45:18,True,face,288,311,0.00,71.00,
2026-05-13 15:45:19,True,face,295,324,0.00,84.00,
2026-05-13 15:45:19,True,face,299,338,0.00,98.00,
2026-05-13 15:45:19,True,face,301,341,0.00,101.00,
2026-05-13 15:45:19,True,face,302,338,0.00,98.00,
2026-05-13 15:45:19,True,face,301,332,0.00,92.00,
2026-05-13 15:45:19,True,face,297,320,0.00,80.00,
2026-05-13 15:45:19,True,face,295,313,0.00,73.00,
2026-05-13 15:45:20,True,face,294,310,0.00,70.00,
2026-05-13 15:45:20,True,face,293,308,0.00,68.00,
2026-05-13 15:45:20,True,face,292,307,0.00,67.00,
2026-05-13 15:45:20,True,face,288,304,0.00,64.00,
2026-05-13 15:45:20,True,face,279,299,0.00,59.00,
2026-05-13 15:45:20,True,face,277,298,0.00,58.00,
2026-05-13 15:45:20,True,face,278,296,0.00,56.00,
2026-05-13 15:45:20,True,face,279,295,0.00,55.00,
2026-05-13 15:45:21,True,face,280,295,0.00,55.00,
2026-05-13 15:45:21,True,face,280,295,0.00,55.00,
2026-05-13 15:45:21,True,face,281,295,0.00,55.00,
2026-05-13 15:45:21,True,face,281,294,0.00,54.00,
2026-05-13 15:45:21,True,face,281,293,0.00,53.00,
2026-05-13 15:45:21,True,face,277,291,0.00,51.00,
2026-05-13 15:45:21,True,face,266,291,-54.00,51.00,
2026-05-13 15:45:22,True,face,260,290,-60.00,50.00,
2026-05-13 15:45:22,True,face,261,289,-59.00,49.00,
2026-05-13 15:45:22,True,face,262,289,-58.00,49.00,
2026-05-13 15:45:22,True,face,262,291,-58.00,51.00,
2026-05-13 15:45:22,True,face,265,291,-55.00,51.00,
2026-05-13 15:45:22,True,face,265,289,-55.00,49.00,
2026-05-13 15:45:22,True,face,264,288,-56.00,48.00,
2026-05-13 15:45:22,True,face,263,287,-57.00,47.00,
2026-05-13 15:45:23,True,face,263,286,-57.00,46.00,
2026-05-13 15:45:23,True,face,263,285,-57.00,45.00,
2026-05-13 15:45:23,True,face,263,285,-57.00,45.00,
2026-05-13 15:45:23,True,face,262,284,-58.00,44.00,
2026-05-13 15:45:23,True,face,261,283,-59.00,43.00,
2026-05-13 15:45:23,True,face,262,280,-58.00,40.00,
2026-05-13 15:45:23,True,face,262,281,-58.00,41.00,
2026-05-13 15:45:24,True,face,259,281,-61.00,41.00,
2026-05-13 15:45:24,True,face,256,280,-64.00,40.00,
2026-05-13 15:45:24,True,face,251,281,-69.00,41.00,
2026-05-13 15:45:24,True,face,248,283,-72.00,43.00,
2026-05-13 15:45:24,True,face,246,283,-74.00,43.00,
2026-05-13 15:45:24,True,face,241,284,-79.00,44.00,
2026-05-13 15:45:24,True,face,214,297,-106.00,57.00,
2026-05-13 15:45:24,True,face,189,307,-131.00,67.00,
2026-05-13 15:45:25,True,face,186,311,-134.00,71.00,
2026-05-13 15:45:25,True,face,184,311,-136.00,71.00,
2026-05-13 15:45:25,True,face,183,312,-137.00,72.00,
2026-05-13 15:45:25,True,face,183,312,-137.00,72.00,
2026-05-13 15:45:25,True,face,184,310,-136.00,70.00,
2026-05-13 15:45:25,True,face,189,309,-131.00,69.00,
2026-05-13 15:45:25,True,face,192,309,-128.00,69.00,
2026-05-13 15:45:26,True,face,192,309,-128.00,69.00,
2026-05-13 15:45:26,True,face,191,309,-129.00,69.00,
2026-05-13 15:45:26,True,face,192,307,-128.00,67.00,
2026-05-13 15:45:26,True,face,221,291,-99.00,51.00,
2026-05-13 15:45:26,True,face,243,283,-77.00,43.00,
2026-05-13 15:45:26,True,face,249,279,-71.00,39.00,
2026-05-13 15:45:26,True,face,251,278,-69.00,38.00,
2026-05-13 15:45:26,True,face,251,276,-69.00,36.00,
2026-05-13 15:45:27,True,face,250,274,-70.00,0.00,
2026-05-13 15:45:27,True,face,250,272,-70.00,0.00,
2026-05-13 15:45:27,True,face,249,271,-71.00,0.00,
2026-05-13 15:45:27,True,face,241,270,-79.00,0.00,
2026-05-13 15:45:27,True,face,237,270,-83.00,0.00,
2026-05-13 15:45:27,True,face,233,270,-87.00,0.00,
2026-05-13 15:45:27,True,face,233,268,-87.00,0.00,
2026-05-13 15:45:28,True,face,234,268,-86.00,0.00,
2026-05-13 15:45:28,True,face,234,269,-86.00,0.00,
2026-05-13 15:45:28,True,face,234,269,-86.00,0.00,
2026-05-13 15:45:28,True,face,235,268,-85.00,0.00,
2026-05-13 15:45:28,True,face,235,269,-85.00,0.00,
2026-05-13 15:45:28,True,face,237,268,-83.00,0.00,
2026-05-13 15:45:28,True,face,251,258,-69.00,0.00,
2026-05-13 15:45:29,True,face,290,252,0.00,0.00,
2026-05-13 15:45:29,True,face,333,244,0.00,0.00,
2026-05-13 15:45:29,True,face,355,234,0.00,0.00,
2026-05-13 15:45:29,True,face,359,227,0.00,0.00,
2026-05-13 15:45:29,True,face,357,228,0.00,0.00,LEFT_CLICK
2026-05-13 15:45:29,True,face,344,230,0.00,0.00,
2026-05-13 15:45:29,True,face,336,233,0.00,0.00,
2026-05-13 15:45:30,True,face,331,235,0.00,0.00,
2026-05-13 15:45:30,True,face,326,237,0.00,0.00,
2026-05-13 15:45:30,True,face,323,239,0.00,0.00,
2026-05-13 15:45:30,True,face,321,239,0.00,0.00,LEFT_CLICK
2026-05-13 15:45:30,True,face,314,240,0.00,0.00,
2026-05-13 15:45:30,True,face,308,238,0.00,0.00,
2026-05-13 15:45:31,True,face,304,236,0.00,0.00,
2026-05-13 15:45:31,True,face,300,238,0.00,0.00,
2026-05-13 15:45:31,True,face,297,239,0.00,0.00,
2026-05-13 15:45:31,True,face,294,240,0.00,0.00,
2026-05-13 15:45:31,True,face,291,241,0.00,0.00,
2026-05-13 15:45:31,True,face,290,241,0.00,0.00,
2026-05-13 15:45:31,True,face,288,229,0.00,0.00,
2026-05-13 15:45:31,True,face,287,215,0.00,0.00,
2026-05-13 15:45:32,True,face,288,214,0.00,0.00,LEFT_CLICK
2026-05-13 15:45:32,True,face,293,216,0.00,0.00,
2026-05-13 15:45:32,True,face,294,217,0.00,0.00,
2026-05-13 15:45:32,True,face,296,219,0.00,0.00,LEFT_CLICK
2026-05-13 15:45:32,True,face,297,221,0.00,0.00,
2026-05-13 15:45:32,True,face,297,221,0.00,0.00,
2026-05-13 15:45:32,True,face,297,223,0.00,0.00,
2026-05-13 15:45:33,True,face,295,223,0.00,0.00,LEFT_CLICK
2026-05-13 15:45:33,True,face,292,225,0.00,0.00,
2026-05-13 15:45:33,True,face,290,225,0.00,0.00,
2026-05-13 15:45:33,True,face,290,225,0.00,0.00,
2026-05-13 15:45:33,True,face,289,226,0.00,0.00,
2026-05-13 15:45:33,True,face,289,226,0.00,0.00,
2026-05-13 15:45:34,True,face,289,226,0.00,0.00,
2026-05-13 15:45:34,True,face,289,226,0.00,0.00,
2026-05-13 15:45:34,True,face,289,227,0.00,0.00,LEFT_CLICK
2026-05-13 15:45:34,True,face,289,224,0.00,0.00,
2026-05-13 15:45:34,True,face,289,220,0.00,0.00,LEFT_CLICK
2026-05-13 15:45:34,True,face,288,220,0.00,0.00,
2026-05-13 15:45:34,True,face,287,220,0.00,0.00,
2026-05-13 15:45:35,True,face,287,220,0.00,0.00,LEFT_CLICK
2026-05-13 15:45:35,True,face,288,215,0.00,0.00,LEFT_CLICK
2026-05-13 15:45:35,True,face,288,216,0.00,0.00,LEFT_CLICK
2026-05-13 15:45:36,True,face,285,224,0.00,0.00,
2026-05-13 15:45:36,True,face,285,227,0.00,0.00,LEFT_CLICK
2026-05-13 15:45:36,True,face,283,231,0.00,0.00,
2026-05-13 15:45:36,True,face,282,231,0.00,0.00,
2026-05-13 15:45:37,True,face,282,230,0.00,0.00,
2026-05-13 15:45:37,True,face,282,232,0.00,0.00,
2026-05-13 15:45:37,True,face,282,231,0.00,0.00,
2026-05-13 15:45:37,True,face,282,220,0.00,0.00,LEFT_CLICK
2026-05-13 15:45:37,True,face,282,208,0.00,0.00,
2026-05-13 15:45:37,True,face,283,207,0.00,0.00,
2026-05-13 15:45:37,True,face,284,207,0.00,0.00,LEFT_CLICK
2026-05-13 15:45:38,True,face,284,208,0.00,0.00,
2026-05-13 15:45:38,True,face,285,208,0.00,0.00,LEFT_CLICK
2026-05-13 15:45:38,True,face,287,211,0.00,0.00,LEFT_CLICK
2026-05-13 15:45:38,True,face,287,212,0.00,0.00,LEFT_CLICK
2026-05-13 15:45:38,True,face,287,213,0.00,0.00,
2026-05-13 15:45:38,True,face,285,229,0.00,0.00,LEFT_CLICK
2026-05-13 15:45:39,True,face,287,278,0.00,38.00,
2026-05-13 15:45:39,True,face,288,284,0.00,44.00,
2026-05-13 15:45:39,True,face,294,318,0.00,78.00,LEFT_CLICK
2026-05-13 15:45:39,True,face,298,330,0.00,90.00,LEFT_CLICK
2026-05-13 15:45:39,True,face,299,337,0.00,97.00,
2026-05-13 15:45:39,True,face,299,334,0.00,94.00,LEFT_CLICK
2026-05-13 15:45:40,True,face,299,333,0.00,93.00,LEFT_CLICK
2026-05-13 15:45:40,True,face,298,329,0.00,89.00,
2026-05-13 15:45:40,True,face,297,328,0.00,88.00,LEFT_CLICK
2026-05-13 15:45:40,True,face,297,326,0.00,86.00,LEFT_CLICK
2026-05-13 15:45:40,True,face,296,326,0.00,86.00,
2026-05-13 15:45:40,True,face,295,325,0.00,85.00,LEFT_CLICK
2026-05-13 15:45:41,True,face,294,324,0.00,84.00,LEFT_CLICK
2026-05-13 15:45:41,True,face,291,320,0.00,80.00,
2026-05-13 15:45:41,True,face,289,318,0.00,78.00,LEFT_CLICK
2026-05-13 15:45:41,True,face,288,316,0.00,76.00,LEFT_CLICK
2026-05-13 15:45:41,True,face,287,316,0.00,76.00,
2026-05-13 15:45:41,True,face,287,314,0.00,74.00,LEFT_CLICK
2026-05-13 15:45:41,True,face,286,312,0.00,72.00,LEFT_CLICK
2026-05-13 15:45:42,True,face,285,308,0.00,68.00,
2026-05-13 15:45:42,True,face,284,301,0.00,61.00,LEFT_CLICK
2026-05-13 15:45:42,True,face,283,295,0.00,55.00,LEFT_CLICK
2026-05-13 15:45:42,True,face,281,290,0.00,50.00,
2026-05-13 15:45:42,True,face,280,289,0.00,49.00,LEFT_CLICK
2026-05-13 15:45:42,True,face,280,289,0.00,49.00,LEFT_CLICK
2026-05-13 15:45:42,True,face,279,289,0.00,49.00,
2026-05-13 15:45:43,True,face,279,288,0.00,48.00,LEFT_CLICK
2026-05-13 15:45:43,True,face,270,282,-50.00,42.00,LEFT_CLICK
2026-05-13 15:45:43,True,face,267,282,-53.00,42.00,
2026-05-13 15:45:43,True,face,267,282,-53.00,42.00,LEFT_CLICK
2026-05-13 15:45:43,True,face,267,282,-53.00,42.00,LEFT_CLICK
2026-05-13 15:45:44,True,face,268,283,-52.00,43.00,LEFT_CLICK
2026-05-13 15:45:44,True,face,270,283,-50.00,43.00,LEFT_CLICK
2026-05-13 15:45:44,True,face,271,284,-49.00,44.00,
2026-05-13 15:45:44,True,face,272,286,-48.00,46.00,LEFT_CLICK
2026-05-13 15:45:44,True,face,277,295,0.00,55.00,LEFT_CLICK
2026-05-13 15:45:44,True,face,281,300,0.00,60.00,
2026-05-13 15:45:44,True,face,282,306,0.00,66.00,LEFT_CLICK
2026-05-13 15:45:45,True,face,285,315,0.00,75.00,LEFT_CLICK
2026-05-13 15:45:45,True,face,294,334,0.00,94.00,
2026-05-13 15:45:45,True,face,319,329,0.00,89.00,LEFT_CLICK
2026-05-13 15:45:45,True,face,331,322,0.00,82.00,LEFT_CLICK
2026-05-13 15:45:45,True,face,395,296,75.00,56.00,
2026-05-13 15:45:45,True,face,398,295,78.00,55.00,LEFT_CLICK
2026-05-13 15:45:46,True,face,398,293,78.00,53.00,
2026-05-13 15:45:46,True,face,395,292,75.00,52.00,LEFT_CLICK
2026-05-13 15:45:46,True,face,394,291,74.00,51.00,LEFT_CLICK
2026-05-13 15:45:46,True,face,394,291,74.00,51.00,LEFT_CLICK
2026-05-13 15:45:46,True,face,372,287,52.00,47.00,
2026-05-13 15:45:46,True,face,359,283,0.00,43.00,LEFT_CLICK
2026-05-13 15:45:47,True,face,351,282,0.00,42.00,LEFT_CLICK
2026-05-13 15:45:47,True,face,348,280,0.00,40.00,
2026-05-13 15:45:47,True,face,346,280,0.00,40.00,LEFT_CLICK
2026-05-13 15:45:47,True,face,341,277,0.00,37.00,LEFT_CLICK
2026-05-13 15:45:47,True,face,340,276,0.00,36.00,
2026-05-13 15:45:47,True,face,341,275,0.00,0.00,LEFT_CLICK
2026-05-13 15:45:48,True,face,339,276,0.00,36.00,LEFT_CLICK
2026-05-13 15:45:48,True,face,337,274,0.00,0.00,
2026-05-13 15:45:48,True,face,337,274,0.00,0.00,LEFT_CLICK
2026-05-13 15:45:48,True,face,337,274,0.00,0.00,LEFT_CLICK
2026-05-13 15:45:48,True,face,338,274,0.00,0.00,LEFT_CLICK
2026-05-13 15:45:48,True,face,340,275,0.00,0.00,
2026-05-13 15:45:48,True,face,341,274,0.00,0.00,LEFT_CLICK
2026-05-13 15:45:49,True,face,342,274,0.00,0.00,
2026-05-13 15:45:49,True,face,347,276,0.00,36.00,
2026-05-13 15:45:49,True,face,361,276,0.00,36.00,
2026-05-13 15:45:49,True,face,385,280,65.00,40.00,LEFT_CLICK
2026-05-13 15:45:49,True,face,414,285,94.00,45.00,
2026-05-13 15:45:49,True,face,428,292,108.00,52.00,
2026-05-13 15:45:49,True,face,416,291,96.00,51.00,LEFT_CLICK
2026-05-13 15:45:50,True,face,385,285,65.00,45.00,
2026-05-13 15:45:50,True,face,346,279,0.00,39.00,LEFT_CLICK
2026-05-13 15:45:50,True,face,283,274,0.00,0.00,
2026-05-13 15:45:50,True,face,198,275,-122.00,0.00,
2026-05-13 15:45:50,True,face,182,284,-138.00,44.00,LEFT_CLICK
2026-05-13 15:45:50,True,face,182,285,-138.00,45.00,LEFT_CLICK
2026-05-13 15:45:51,True,face,180,284,-140.00,44.00,
2026-05-13 15:45:51,True,face,182,283,-138.00,43.00,
2026-05-13 15:45:51,True,face,201,276,-119.00,36.00,LEFT_CLICK
2026-05-13 15:45:51,True,face,212,272,-108.00,0.00,
2026-05-13 15:45:51,True,face,220,266,-100.00,0.00,
2026-05-13 15:45:51,True,face,229,262,-91.00,0.00,LEFT_CLICK
2026-05-13 15:45:52,True,face,235,252,-85.00,0.00,
2026-05-13 15:45:52,True,face,240,251,-80.00,0.00,
2026-05-13 15:45:52,True,face,243,249,-77.00,0.00,LEFT_CLICK
2026-05-13 15:45:52,True,face,246,254,-74.00,0.00,
2026-05-13 15:45:52,True,face,247,256,-73.00,0.00,
2026-05-13 15:45:52,True,face,245,259,-75.00,0.00,LEFT_CLICK
2026-05-13 15:45:53,True,face,238,263,-82.00,0.00,
2026-05-13 15:45:53,True,face,236,265,-84.00,0.00,
2026-05-13 15:45:53,True,face,236,266,-84.00,0.00,
2026-05-13 15:45:53,True,face,239,266,-81.00,0.00,
2026-05-13 15:51:28,True,face,247,299,-73.00,59.00,
2026-05-13 15:51:28,True,face,249,298,-71.00,58.00,
2026-05-13 15:51:29,True,face,250,297,-70.00,57.00,
2026-05-13 15:51:29,True,face,251,298,-69.00,58.00,
2026-05-13 15:51:29,True,face,251,298,-69.00,58.00,
2026-05-13 15:51:29,True,face,234,300,-86.00,60.00,
2026-05-13 15:51:29,True,face,220,301,-100.00,61.00,
2026-05-13 15:51:29,True,face,219,302,-101.00,62.00,
2026-05-13 15:51:29,True,face,220,302,-100.00,62.00,
2026-05-13 15:51:29,True,face,223,304,-97.00,64.00,
2026-05-13 15:51:30,True,face,234,306,-86.00,66.00,
2026-05-13 15:51:30,True,face,250,307,-70.00,67.00,
2026-05-13 15:51:30,True,face,262,299,-58.00,59.00,
2026-05-13 15:51:30,True,face,270,287,-50.00,47.00,
2026-05-13 15:51:30,True,face,271,282,-49.00,42.00,
2026-05-13 15:51:30,True,face,272,281,-48.00,41.00,
2026-05-13 15:51:30,True,face,272,282,-48.00,42.00,
2026-05-13 15:51:30,True,face,272,282,-48.00,42.00,
2026-05-13 15:51:31,True,face,272,282,-48.00,42.00,
2026-05-13 15:51:31,True,face,271,284,-49.00,44.00,
2026-05-13 15:51:31,True,face,271,285,-49.00,45.00,
2026-05-13 15:51:31,True,face,270,285,-50.00,45.00,
2026-05-13 15:51:31,True,face,269,276,-51.00,36.00,
2026-05-13 15:51:31,True,face,268,265,-52.00,0.00,
2026-05-13 15:51:31,True,face,269,260,-51.00,0.00,
2026-05-13 15:51:31,True,face,266,261,-54.00,0.00,
2026-05-13 15:51:32,True,face,263,262,-57.00,0.00,
2026-05-13 15:51:32,True,face,260,267,-60.00,0.00,
2026-05-13 15:51:32,True,face,259,272,-61.00,0.00,
2026-05-13 15:51:32,True,face,258,281,-62.00,41.00,
2026-05-13 15:51:32,True,face,261,289,-59.00,49.00,
2026-05-13 15:51:32,True,face,273,295,-47.00,55.00,
2026-05-13 15:51:32,True,face,277,300,0.00,60.00,
2026-05-13 15:51:32,True,face,275,299,0.00,59.00,
2026-05-13 15:51:33,True,face,270,297,-50.00,57.00,
2026-05-13 15:51:33,False,face,,,0.00,0.00,
2026-05-13 15:51:33,True,face,242,181,-78.00,-59.00,
2026-05-13 15:51:33,True,face,233,189,-87.00,-51.00,
2026-05-13 15:51:33,True,face,230,165,-90.00,-75.00,
2026-05-13 15:51:33,False,face,,,0.00,0.00,
2026-05-13 15:51:33,True,face,225,53,-95.00,-187.00,
2026-05-13 15:51:33,False,face,,,0.00,0.00,
2026-05-13 15:51:33,True,face,240,141,-80.00,-99.00,
2026-05-13 15:51:33,True,face,249,125,-71.00,-115.00,
2026-05-13 15:51:34,True,face,263,152,-57.00,-88.00,
2026-05-13 15:51:34,True,face,274,144,-46.00,-96.00,
2026-05-13 15:51:34,True,face,296,156,0.00,-84.00,
2026-05-13 15:51:34,True,face,371,151,51.00,-89.00,
2026-05-13 15:51:34,True,face,465,161,145.00,-79.00,
2026-05-13 15:51:34,True,face,478,176,158.00,-64.00,
2026-05-13 15:51:34,True,face,476,182,156.00,-58.00,
2026-05-13 15:51:34,True,face,456,178,136.00,-62.00,
2026-05-13 15:51:35,True,face,432,181,112.00,-59.00,
2026-05-13 15:51:35,True,face,414,181,94.00,-59.00,
2026-05-13 15:51:35,True,face,399,175,79.00,-65.00,
2026-05-13 15:51:35,True,face,383,171,63.00,-69.00,
2026-05-13 15:51:35,True,face,371,164,51.00,-76.00,
2026-05-13 15:51:35,True,face,363,159,0.00,-81.00,
2026-05-13 15:51:35,True,face,358,156,0.00,-84.00,
2026-05-13 15:51:35,True,face,357,153,0.00,-87.00,
2026-05-13 15:51:36,True,face,338,139,0.00,-101.00,
2026-05-13 15:51:36,True,face,308,114,0.00,-126.00,
2026-05-13 15:51:36,True,face,282,97,0.00,-143.00,
2026-05-13 15:51:36,True,face,269,89,-51.00,-151.00,
2026-05-13 15:51:36,True,face,263,87,-57.00,-153.00,
2026-05-13 15:51:36,True,face,260,86,-60.00,-154.00,
2026-05-13 15:51:36,True,face,259,84,-61.00,-156.00,
2026-05-13 15:51:36,True,face,259,81,-61.00,-159.00,
2026-05-13 15:51:37,True,face,258,80,-62.00,-160.00,
2026-05-13 15:51:37,True,face,282,94,0.00,-146.00,
2026-05-13 15:51:37,True,face,294,99,0.00,-141.00,
2026-05-13 15:51:39,False,face,,,0.00,0.00,
2026-05-13 15:51:39,True,face,139,146,-181.00,-94.00,
2026-05-13 15:51:39,True,face,139,145,-181.00,-95.00,
2026-05-13 15:51:39,True,face,136,145,-184.00,-95.00,
2026-05-13 15:51:39,True,face,131,145,-189.00,-95.00,
2026-05-13 15:51:39,True,face,128,148,-192.00,-92.00,
2026-05-13 15:51:40,True,face,134,148,-186.00,-92.00,
2026-05-13 15:51:40,True,face,168,143,-152.00,-97.00,
2026-05-13 15:51:40,True,face,230,136,-90.00,-104.00,
2026-05-13 15:51:40,True,face,276,134,0.00,-106.00,
2026-05-13 15:51:40,True,face,304,137,0.00,-103.00,
2026-05-13 15:51:40,True,face,315,139,0.00,-101.00,
2026-05-13 15:51:40,True,face,320,141,0.00,-99.00,
2026-05-13 15:51:40,True,face,325,143,0.00,-97.00,
2026-05-13 15:51:41,True,face,328,143,0.00,-97.00,
2026-05-13 15:51:41,True,face,331,144,0.00,-96.00,
2026-05-13 15:51:41,True,face,333,146,0.00,-94.00,
2026-05-13 15:51:41,True,face,332,146,0.00,-94.00,
2026-05-13 15:51:41,True,face,331,146,0.00,-94.00,
2026-05-13 15:51:41,True,face,329,144,0.00,-96.00,
2026-05-13 15:51:41,True,face,327,144,0.00,-96.00,
2026-05-13 15:51:41,True,face,327,143,0.00,-97.00,
2026-05-13 15:51:42,True,face,326,143,0.00,-97.00,
2026-05-13 15:51:42,True,face,325,142,0.00,-98.00,
2026-05-13 15:51:42,True,face,324,142,0.00,-98.00,
2026-05-13 15:51:42,True,face,326,146,0.00,-94.00,
2026-05-13 15:51:42,True,face,328,150,0.00,-90.00,
2026-05-13 15:51:42,True,face,326,156,0.00,-84.00,
2026-05-13 15:51:42,True,face,320,186,0.00,-54.00,
2026-05-13 15:51:42,True,face,305,217,0.00,0.00,
2026-05-13 15:51:43,True,face,289,233,0.00,0.00,
2026-05-13 15:51:43,True,face,287,235,0.00,0.00,
2026-05-13 15:51:43,True,face,283,238,0.00,0.00,
2026-05-13 15:51:43,True,face,280,237,0.00,0.00,
2026-05-13 15:51:43,True,face,279,236,0.00,0.00,
2026-05-13 15:51:43,True,face,277,237,0.00,0.00,
2026-05-13 15:51:43,True,face,276,238,0.00,0.00,
2026-05-13 15:51:44,True,face,272,228,-48.00,0.00,
2026-05-13 15:51:44,True,face,268,214,-52.00,0.00,
2026-05-13 15:51:44,True,face,266,205,-54.00,0.00,
2026-05-13 15:51:44,True,face,263,200,-57.00,-40.00,
2026-05-13 15:51:44,True,face,261,186,-59.00,-54.00,
2026-05-13 15:51:44,True,face,257,153,-63.00,-87.00,
2026-05-13 15:51:44,True,face,250,126,-70.00,-114.00,
2026-05-13 15:51:44,True,face,242,121,-78.00,-119.00,
2026-05-13 15:51:45,True,face,239,121,-81.00,-119.00,
2026-05-13 15:51:45,True,face,235,123,-85.00,-117.00,
2026-05-13 15:51:45,True,face,234,123,-86.00,-117.00,
2026-05-13 15:51:45,True,face,230,126,-90.00,-114.00,
2026-05-13 15:51:45,True,face,223,131,-97.00,-109.00,
2026-05-13 15:51:45,True,face,216,138,-104.00,-102.00,
2026-05-13 15:51:45,True,face,207,142,-113.00,-98.00,
2026-05-13 15:51:45,True,face,198,145,-122.00,-95.00,
2026-05-13 15:51:46,True,face,188,147,-132.00,-93.00,
2026-05-13 15:51:46,True,face,177,147,-143.00,-93.00,
2026-05-13 15:51:46,True,face,168,152,-152.00,-88.00,
2026-05-13 15:51:46,True,face,162,155,-158.00,-85.00,
2026-05-13 15:51:46,True,face,160,155,-160.00,-85.00,
2026-05-13 15:51:46,True,face,161,155,-159.00,-85.00,
2026-05-13 15:51:46,True,face,162,155,-158.00,-85.00,
2026-05-13 15:51:46,True,face,162,156,-158.00,-84.00,
2026-05-13 15:51:46,True,face,162,156,-158.00,-84.00,
2026-05-13 15:51:46,True,face,162,156,-158.00,-84.00,
2026-05-13 15:51:46,True,face,162,156,-158.00,-84.00,
2026-05-13 15:51:46,True,face,163,156,-157.00,-84.00,
2026-05-13 15:51:46,True,face,163,156,-157.00,-84.00,
2026-05-13 15:51:46,True,face,164,155,-156.00,-85.00,
2026-05-13 15:51:46,True,face,165,155,-155.00,-85.00,
2026-05-13 15:51:46,True,face,166,156,-154.00,-84.00,
2026-05-13 15:51:46,True,face,167,156,-153.00,-84.00,
2026-05-13 15:51:46,True,face,168,155,-152.00,-85.00,
2026-05-13 15:51:46,True,face,170,155,-150.00,-85.00,
2026-05-13 15:51:47,True,face,171,154,-149.00,-86.00,
2026-05-13 15:51:47,True,face,172,154,-148.00,-86.00,
2026-05-13 15:51:47,True,face,173,154,-147.00,-86.00,
2026-05-13 15:51:47,True,face,173,154,-147.00,-86.00,
2026-05-13 15:51:47,True,face,174,154,-146.00,-86.00,
2026-05-13 15:51:47,True,face,176,154,-144.00,-86.00,
2026-05-13 15:51:47,True,face,178,154,-142.00,-86.00,
2026-05-13 15:51:47,True,face,182,154,-138.00,-86.00,
2026-05-13 15:51:47,True,face,186,154,-134.00,-86.00,
2026-05-13 15:51:47,True,face,191,154,-129.00,-86.00,
2026-05-13 15:51:47,True,face,194,153,-126.00,-87.00,
2026-05-13 15:51:47,True,face,197,152,-123.00,-88.00,
2026-05-13 15:51:47,True,face,201,151,-119.00,-89.00,
2026-05-13 15:51:47,True,face,204,151,-116.00,-89.00,
2026-05-13 15:51:47,True,face,205,151,-115.00,-89.00,
2026-05-13 15:51:47,True,face,207,151,-113.00,-89.00,
2026-05-13 15:51:47,True,face,210,151,-110.00,-89.00,
2026-05-13 15:51:47,True,face,212,151,-108.00,-89.00,
2026-05-13 15:51:47,True,face,217,152,-103.00,-88.00,
2026-05-13 15:51:47,True,face,228,153,-92.00,-87.00,
2026-05-13 15:51:47,True,face,248,156,-72.00,-84.00,
2026-05-13 15:51:47,True,face,271,159,-49.00,-81.00,
2026-05-13 15:51:47,True,face,297,160,0.00,-80.00,
2026-05-13 15:51:47,True,face,317,162,0.00,-78.00,
2026-05-13 15:51:47,True,face,334,165,0.00,-75.00,
2026-05-13 15:51:47,True,face,343,167,0.00,-73.00,
2026-05-13 15:51:47,True,face,350,170,0.00,-70.00,
2026-05-13 15:51:47,True,face,353,173,0.00,-67.00,
2026-05-13 15:51:47,True,face,356,176,0.00,-64.00,
2026-05-13 15:51:48,True,face,357,177,0.00,-63.00,
2026-05-13 15:51:48,True,face,358,178,0.00,-62.00,
2026-05-13 15:51:48,True,face,359,178,0.00,-62.00,
2026-05-13 15:51:48,True,face,361,178,0.00,-62.00,
2026-05-13 15:51:48,True,face,362,178,0.00,-62.00,
2026-05-13 15:51:48,True,face,362,178,0.00,-62.00,
2026-05-13 15:51:48,True,face,362,179,0.00,-61.00,
2026-05-13 15:51:48,True,face,363,178,0.00,-62.00,
2026-05-13 15:51:48,True,face,364,178,0.00,-62.00,
2026-05-13 15:51:48,True,face,363,178,0.00,-62.00,
2026-05-13 15:51:48,True,face,363,177,0.00,-63.00,
2026-05-13 15:51:48,True,face,362,178,0.00,-62.00,
2026-05-13 15:51:48,True,face,362,178,0.00,-62.00,
2026-05-13 15:51:48,True,face,362,178,0.00,-62.00,
2026-05-13 15:51:48,True,face,361,178,0.00,-62.00,
2026-05-13 15:51:48,True,face,361,177,0.00,-63.00,
2026-05-13 15:51:48,True,face,360,177,0.00,-63.00,
2026-05-13 15:51:48,True,face,359,177,0.00,-63.00,
2026-05-13 15:51:48,True,face,358,177,0.00,-63.00,
2026-05-13 15:51:48,True,face,357,177,0.00,-63.00,
2026-05-13 15:51:48,True,face,355,176,0.00,-64.00,
2026-05-13 15:51:48,True,face,352,175,0.00,-65.00,
2026-05-13 15:51:48,True,face,350,174,0.00,-66.00,
2026-05-13 15:51:48,True,face,348,174,0.00,-66.00,
2026-05-13 15:51:48,True,face,345,173,0.00,-67.00,
2026-05-13 15:51:48,True,face,342,172,0.00,-68.00,
2026-05-13 15:51:48,True,face,339,172,0.00,-68.00,
2026-05-13 15:51:48,True,face,336,171,0.00,-69.00,
2026-05-13 15:51:48,True,face,332,171,0.00,-69.00,
2026-05-13 15:51:48,True,face,327,170,0.00,-70.00,
2026-05-13 15:51:48,True,face,323,170,0.00,-70.00,
2026-05-13 15:51:49,True,face,320,169,0.00,-71.00,
2026-05-13 15:51:49,True,face,317,169,0.00,-71.00,
2026-05-13 15:51:49,True,face,314,169,0.00,-71.00,
2026-05-13 15:51:49,True,face,310,169,0.00,-71.00,
2026-05-13 15:51:49,True,face,303,171,0.00,-69.00,
2026-05-13 15:51:49,True,face,298,174,0.00,-66.00,
2026-05-13 15:51:49,True,face,292,178,0.00,-62.00,
2026-05-13 15:51:49,True,face,284,186,0.00,-54.00,
2026-05-13 15:51:49,True,face,274,196,-46.00,-44.00,
2026-05-13 15:51:49,True,face,264,209,-56.00,0.00,
2026-05-13 15:51:49,True,face,254,228,-66.00,0.00,
2026-05-13 15:51:49,True,face,244,246,-76.00,0.00,
2026-05-13 15:51:49,True,face,235,257,-85.00,0.00,
2026-05-13 15:51:49,True,face,228,266,-92.00,0.00,
2026-05-13 15:51:49,True,face,221,271,-99.00,0.00,
2026-05-13 15:51:49,True,face,216,274,-104.00,0.00,
2026-05-13 15:51:49,True,face,213,275,-107.00,0.00,
2026-05-13 15:51:49,True,face,209,277,-111.00,37.00,
2026-05-13 15:51:49,True,face,206,277,-114.00,37.00,
2026-05-13 15:51:49,True,face,204,276,-116.00,36.00,
2026-05-13 15:51:49,True,face,204,276,-116.00,36.00,
2026-05-13 15:51:49,True,face,204,276,-116.00,36.00,
2026-05-13 15:51:49,True,face,203,276,-117.00,36.00,
2026-05-13 15:51:49,True,face,203,277,-117.00,37.00,
2026-05-13 15:51:49,True,face,203,277,-117.00,37.00,
2026-05-13 15:51:49,True,face,204,276,-116.00,36.00,
2026-05-13 15:51:49,True,face,205,275,-115.00,0.00,
2026-05-13 15:51:49,True,face,205,274,-115.00,0.00,
2026-05-13 15:51:49,True,face,205,269,-115.00,0.00,
2026-05-13 15:51:49,True,face,206,262,-114.00,0.00,
2026-05-13 15:51:50,True,face,206,253,-114.00,0.00,
2026-05-13 15:51:50,True,face,206,242,-114.00,0.00,
2026-05-13 15:51:50,True,face,207,230,-113.00,0.00,
2026-05-13 15:51:50,True,face,209,218,-111.00,0.00,
2026-05-13 15:51:50,True,face,212,206,-108.00,0.00,
2026-05-13 15:51:50,True,face,214,195,-106.00,-45.00,
2026-05-13 15:51:50,True,face,217,183,-103.00,-57.00,
2026-05-13 15:51:50,True,face,218,170,-102.00,-70.00,
2026-05-13 15:51:50,True,face,221,157,-99.00,-83.00,
2026-05-13 15:51:50,True,face,223,146,-97.00,-94.00,
2026-05-13 15:51:50,True,face,226,137,-94.00,-103.00,
2026-05-13 15:51:50,True,face,227,131,-93.00,-109.00,
2026-05-13 15:51:50,True,face,228,125,-92.00,-115.00,
2026-05-13 15:51:50,True,face,229,121,-91.00,-119.00,
2026-05-13 15:51:50,True,face,229,118,-91.00,-122.00,
2026-05-13 15:51:50,True,face,230,117,-90.00,-123.00,
2026-05-13 15:51:50,True,face,230,117,-90.00,-123.00,
2026-05-13 15:51:50,True,face,230,117,-90.00,-123.00,
2026-05-13 15:51:50,True,face,230,118,-90.00,-122.00,
2026-05-13 15:51:50,True,face,230,120,-90.00,-120.00,
2026-05-13 15:51:50,True,face,229,121,-91.00,-119.00,
2026-05-13 15:51:50,True,face,227,121,-93.00,-119.00,
2026-05-13 15:51:50,True,face,223,122,-97.00,-118.00,
2026-05-13 15:51:50,True,face,221,122,-99.00,-118.00,
2026-05-13 15:51:50,True,face,219,123,-101.00,-117.00,
2026-05-13 15:51:50,True,face,217,123,-103.00,-117.00,
2026-05-13 15:51:50,True,face,215,123,-105.00,-117.00,
2026-05-13 15:51:50,True,face,213,123,-107.00,-117.00,
2026-05-13 15:51:50,True,face,211,124,-109.00,-116.00,
2026-05-13 15:51:50,True,face,210,125,-110.00,-115.00,
2026-05-13 15:51:51,True,face,209,127,-111.00,-113.00,
2026-05-13 15:51:51,True,face,207,127,-113.00,-113.00,
2026-05-13 15:51:51,True,face,205,127,-115.00,-113.00,
2026-05-13 15:51:51,True,face,203,128,-117.00,-112.00,
2026-05-13 15:51:51,True,face,202,128,-118.00,-112.00,
2026-05-13 15:51:51,True,face,200,128,-120.00,-112.00,
2026-05-13 15:51:51,True,face,198,128,-122.00,-112.00,
2026-05-13 15:51:51,True,face,196,128,-124.00,-112.00,
2026-05-13 15:51:51,True,face,192,132,-128.00,-108.00,
2026-05-13 15:51:51,True,face,190,133,-130.00,-107.00,
2026-05-13 15:51:51,True,face,191,135,-129.00,-105.00,
2026-05-13 15:51:51,True,face,193,139,-127.00,-101.00,
2026-05-13 15:51:52,True,face,192,140,-128.00,-100.00,
2026-05-13 15:51:52,True,face,192,144,-128.00,-96.00,
2026-05-13 15:51:52,True,face,204,144,-116.00,-96.00,
2026-05-13 15:51:52,True,face,212,144,-108.00,-96.00,
2026-05-13 15:51:52,True,face,210,144,-110.00,-96.00,
2026-05-13 15:51:52,True,face,200,141,-120.00,-99.00,
2026-05-13 15:51:52,True,face,191,141,-129.00,-99.00,
2026-05-13 15:51:52,True,face,187,141,-133.00,-99.00,
2026-05-13 15:51:53,True,face,187,142,-133.00,-98.00,
2026-05-13 15:51:53,True,face,188,142,-132.00,-98.00,
2026-05-13 15:51:53,True,face,194,141,-126.00,-99.00,
2026-05-13 15:51:53,True,face,219,140,-101.00,-100.00,
2026-05-13 15:51:53,True,face,272,141,-48.00,-99.00,
2026-05-13 15:51:53,True,face,307,150,0.00,-90.00,
2026-05-13 15:51:53,True,face,310,154,0.00,-86.00,
2026-05-13 15:51:53,True,face,307,156,0.00,-84.00,
2026-05-13 15:51:54,True,face,305,157,0.00,-83.00,
2026-05-13 15:51:54,True,face,303,157,0.00,-83.00,
2026-05-13 15:51:54,True,face,294,155,0.00,-85.00,
2026-05-13 15:51:54,True,face,292,155,0.00,-85.00,
2026-05-13 15:51:54,True,face,291,155,0.00,-85.00,
2026-05-13 15:51:54,True,face,290,154,0.00,-86.00,
2026-05-13 15:51:54,True,face,290,154,0.00,-86.00,
2026-05-13 15:51:54,True,face,292,160,0.00,-80.00,
2026-05-13 15:51:55,True,face,285,186,0.00,-54.00,
2026-05-13 15:51:55,True,face,253,241,-67.00,0.00,
2026-05-13 15:51:55,True,face,230,261,-90.00,0.00,
2026-05-13 15:51:55,True,face,220,258,-100.00,0.00,
2026-05-13 15:51:55,True,face,218,249,-102.00,0.00,
2026-05-13 15:51:55,True,face,218,245,-102.00,0.00,
2026-05-13 15:51:55,True,face,218,230,-102.00,0.00,
2026-05-13 15:51:55,True,face,218,203,-102.00,-37.00,
2026-05-13 15:51:56,True,face,219,193,-101.00,-47.00,
2026-05-13 15:51:56,True,face,220,166,-100.00,-74.00,
2026-05-13 15:51:56,True,face,222,143,-98.00,-97.00,
2026-05-13 15:51:56,True,face,222,136,-98.00,-104.00,
2026-05-13 15:51:56,True,face,219,131,-101.00,-109.00,
2026-05-13 15:51:56,True,face,215,127,-105.00,-113.00,
2026-05-13 15:51:56,True,face,213,128,-107.00,-112.00,
2026-05-13 15:51:56,True,face,212,128,-108.00,-112.00,
2026-05-13 15:51:57,True,face,210,129,-110.00,-111.00,
2026-05-13 15:51:57,True,face,207,132,-113.00,-108.00,
2026-05-13 15:51:57,True,face,204,153,-116.00,-87.00,
2026-05-13 15:51:57,True,face,203,188,-117.00,-52.00,
2026-05-13 15:51:57,True,face,203,208,-117.00,0.00,
2026-05-13 15:51:57,True,face,205,223,-115.00,0.00,
2026-05-13 15:51:57,True,face,208,234,-112.00,0.00,
2026-05-13 15:51:57,True,face,210,240,-110.00,0.00,
2026-05-13 15:51:57,True,face,210,241,-110.00,0.00,
2026-05-13 15:51:57,True,face,211,241,-109.00,0.00,
2026-05-13 15:51:58,True,face,211,240,-109.00,0.00,
2026-05-13 15:51:58,True,face,211,239,-109.00,0.00,
2026-05-13 15:51:58,True,face,211,238,-109.00,0.00,
2026-05-13 15:51:58,True,face,211,237,-109.00,0.00,
2026-05-13 15:51:58,True,face,210,237,-110.00,0.00,
2026-05-13 15:51:58,True,face,210,236,-110.00,0.00,
2026-05-13 15:51:58,True,face,210,234,-110.00,0.00,
2026-05-13 15:51:58,True,face,209,232,-111.00,0.00,
2026-05-13 15:51:58,True,face,209,230,-111.00,0.00,
2026-05-13 15:51:58,True,face,209,228,-111.00,0.00,
2026-05-13 15:51:58,True,face,208,226,-112.00,0.00,
2026-05-13 15:51:58,True,face,208,223,-112.00,0.00,
2026-05-13 15:51:58,True,face,208,220,-112.00,0.00,
2026-05-13 15:51:58,True,face,208,218,-112.00,0.00,
2026-05-13 15:51:58,True,face,208,215,-112.00,0.00,
2026-05-13 15:51:58,True,face,208,212,-112.00,0.00,
2026-05-13 15:51:58,True,face,210,209,-110.00,0.00,
2026-05-13 15:51:58,True,face,216,205,-104.00,0.00,
2026-05-13 15:51:58,True,face,225,201,-95.00,-39.00,
2026-05-13 15:51:58,True,face,235,196,-85.00,-44.00,
2026-05-13 15:51:58,True,face,247,191,-73.00,-49.00,
2026-05-13 15:51:58,True,face,257,188,-63.00,-52.00,
2026-05-13 15:51:58,True,face,265,184,-55.00,-56.00,
2026-05-13 15:51:58,True,face,272,180,-48.00,-60.00,
2026-05-13 15:51:58,True,face,278,178,0.00,-62.00,
2026-05-13 15:51:58,True,face,284,175,0.00,-65.00,
2026-05-13 15:51:58,True,face,290,172,0.00,-68.00,
2026-05-13 15:51:58,True,face,296,172,0.00,-68.00,
2026-05-13 15:51:58,True,face,301,172,0.00,-68.00,
2026-05-13 15:51:58,True,face,303,171,0.00,-69.00,
2026-05-13 15:51:58,True,face,305,170,0.00,-70.00,
2026-05-13 15:51:59,True,face,306,169,0.00,-71.00,
2026-05-13 15:51:59,True,face,306,168,0.00,-72.00,
2026-05-13 15:51:59,True,face,305,167,0.00,-73.00,
2026-05-13 15:51:59,True,face,305,167,0.00,-73.00,
2026-05-13 15:51:59,True,face,304,167,0.00,-73.00,
2026-05-13 15:51:59,True,face,304,166,0.00,-74.00,
2026-05-13 15:51:59,True,face,304,165,0.00,-75.00,
2026-05-13 15:51:59,True,face,303,165,0.00,-75.00,
2026-05-13 15:51:59,True,face,303,165,0.00,-75.00,
2026-05-13 15:51:59,True,face,302,165,0.00,-75.00,
2026-05-13 15:51:59,True,face,302,166,0.00,-74.00,
2026-05-13 15:51:59,True,face,302,166,0.00,-74.00,
2026-05-13 15:51:59,True,face,302,166,0.00,-74.00,
2026-05-13 15:51:59,True,face,301,166,0.00,-74.00,
2026-05-13 15:51:59,True,face,300,165,0.00,-75.00,
2026-05-13 15:51:59,True,face,299,166,0.00,-74.00,
2026-05-13 15:51:59,True,face,298,165,0.00,-75.00,
2026-05-13 15:51:59,True,face,297,165,0.00,-75.00,
2026-05-13 15:51:59,True,face,296,165,0.00,-75.00,
2026-05-13 15:51:59,True,face,294,164,0.00,-76.00,
2026-05-13 15:51:59,True,face,290,164,0.00,-76.00,
2026-05-13 15:51:59,True,face,286,164,0.00,-76.00,
2026-05-13 15:51:59,True,face,277,164,0.00,-76.00,
2026-05-13 15:51:59,True,face,269,163,-51.00,-77.00,
2026-05-13 15:51:59,True,face,258,162,-62.00,-78.00,
2026-05-13 15:51:59,True,face,246,162,-74.00,-78.00,
2026-05-13 15:51:59,True,face,233,162,-87.00,-78.00,
2026-05-13 15:51:59,True,face,217,162,-103.00,-78.00,
2026-05-13 15:51:59,True,face,203,161,-117.00,-79.00,
2026-05-13 15:51:59,True,face,187,161,-133.00,-79.00,
2026-05-13 15:52:00,True,face,173,161,-147.00,-79.00,
2026-05-13 15:52:00,True,face,160,160,-160.00,-80.00,
2026-05-13 15:52:00,True,face,149,160,-171.00,-80.00,
2026-05-13 15:52:00,True,face,141,160,-179.00,-80.00,
2026-05-13 15:52:00,True,face,134,160,-186.00,-80.00,
2026-05-13 15:52:00,True,face,130,160,-190.00,-80.00,
2026-05-13 15:52:00,True,face,127,160,-193.00,-80.00,
2026-05-13 15:52:00,True,face,124,161,-196.00,-79.00,
2026-05-13 15:52:00,True,face,123,161,-197.00,-79.00,
2026-05-13 15:52:00,True,face,122,161,-198.00,-79.00,
2026-05-13 15:52:00,True,face,122,162,-198.00,-78.00,
2026-05-13 15:52:00,True,face,121,162,-199.00,-78.00,
2026-05-13 15:52:00,True,face,121,162,-199.00,-78.00,
2026-05-13 15:52:00,True,face,120,162,-200.00,-78.00,
2026-05-13 15:52:00,True,face,122,162,-198.00,-78.00,
2026-05-13 15:52:00,True,face,122,162,-198.00,-78.00,
2026-05-13 15:52:00,True,face,123,161,-197.00,-79.00,
2026-05-13 15:52:00,True,face,124,161,-196.00,-79.00,
2026-05-13 15:52:00,True,face,125,162,-195.00,-78.00,
2026-05-13 15:52:00,True,face,125,162,-195.00,-78.00,
2026-05-13 15:52:00,True,face,129,162,-191.00,-78.00,
2026-05-13 15:52:00,True,face,134,163,-186.00,-77.00,
2026-05-13 15:52:00,True,face,141,165,-179.00,-75.00,
2026-05-13 15:52:00,True,face,147,166,-173.00,-74.00,
2026-05-13 15:52:00,True,face,154,166,-166.00,-74.00,
2026-05-13 15:52:00,True,face,160,165,-160.00,-75.00,
2026-05-13 15:52:00,True,face,166,165,-154.00,-75.00,
2026-05-13 15:52:00,True,face,171,164,-149.00,-76.00,
2026-05-13 15:52:00,True,face,174,163,-146.00,-77.00,
2026-05-13 15:52:00,True,face,175,161,-145.00,-79.00,
2026-05-13 15:52:01,True,face,177,160,-143.00,-80.00,
2026-05-13 15:52:01,True,face,178,158,-142.00,-82.00,
2026-05-13 15:52:01,True,face,178,157,-142.00,-83.00,
2026-05-13 15:52:01,True,face,178,157,-142.00,-83.00,
2026-05-13 15:52:01,True,face,179,156,-141.00,-84.00,
2026-05-13 15:52:01,True,face,179,155,-141.00,-85.00,
2026-05-13 15:52:01,True,face,179,153,-141.00,-87.00,
2026-05-13 15:52:01,True,face,179,152,-141.00,-88.00,
2026-05-13 15:52:01,True,face,179,151,-141.00,-89.00,
2026-05-13 15:52:01,True,face,179,149,-141.00,-91.00,
2026-05-13 15:52:01,True,face,179,146,-141.00,-94.00,
2026-05-13 15:52:01,True,face,179,145,-141.00,-95.00,
2026-05-13 15:52:01,True,face,179,144,-141.00,-96.00,
2026-05-13 15:52:01,True,face,179,143,-141.00,-97.00,
2026-05-13 15:52:01,True,face,179,142,-141.00,-98.00,
2026-05-13 15:52:01,True,face,180,141,-140.00,-99.00,
2026-05-13 15:52:01,True,face,181,140,-139.00,-100.00,
2026-05-13 15:52:01,True,face,182,139,-138.00,-101.00,
2026-05-13 15:52:01,True,face,183,139,-137.00,-101.00,
2026-05-13 15:52:01,True,face,185,140,-135.00,-100.00,
2026-05-13 15:52:01,True,face,186,140,-134.00,-100.00,
2026-05-13 15:52:01,True,face,189,143,-131.00,-97.00,
2026-05-13 15:52:01,True,face,192,148,-128.00,-92.00,
2026-05-13 15:52:01,True,face,196,150,-124.00,-90.00,
2026-05-13 15:52:01,True,face,199,151,-121.00,-89.00,
2026-05-13 15:52:01,True,face,202,152,-118.00,-88.00,
2026-05-13 15:52:01,True,face,206,155,-114.00,-85.00,
2026-05-13 15:52:01,True,face,209,157,-111.00,-83.00,
2026-05-13 15:52:01,True,face,213,159,-107.00,-81.00,
2026-05-13 15:52:01,True,face,216,161,-104.00,-79.00,
2026-05-13 15:52:02,True,face,221,164,-99.00,-76.00,
2026-05-13 15:52:02,True,face,226,171,-94.00,-69.00,
2026-05-13 15:52:02,True,face,234,179,-86.00,-61.00,
2026-05-13 15:52:02,True,face,244,190,-76.00,-50.00,
2026-05-13 15:52:02,True,face,253,203,-67.00,-37.00,
2026-05-13 15:52:02,True,face,262,214,-58.00,0.00,
2026-05-13 15:52:02,True,face,271,223,-49.00,0.00,
2026-05-13 15:52:02,True,face,278,229,0.00,0.00,
2026-05-13 15:52:02,True,face,283,234,0.00,0.00,
2026-05-13 15:52:02,True,face,288,237,0.00,0.00,
2026-05-13 15:52:02,True,face,291,240,0.00,0.00,
2026-05-13 15:52:02,True,face,293,242,0.00,0.00,
2026-05-13 15:52:02,True,face,294,242,0.00,0.00,
2026-05-13 15:52:02,True,face,296,241,0.00,0.00,
2026-05-13 15:52:02,True,face,297,239,0.00,0.00,
2026-05-13 15:52:02,True,face,297,239,0.00,0.00,
2026-05-13 15:52:02,True,face,297,239,0.00,0.00,
2026-05-13 15:52:02,True,face,297,239,0.00,0.00,
2026-05-13 15:52:02,True,face,297,238,0.00,0.00,
2026-05-13 15:52:02,True,face,296,237,0.00,0.00,
2026-05-13 15:52:02,True,face,295,236,0.00,0.00,
2026-05-13 15:52:02,True,face,294,235,0.00,0.00,
2026-05-13 15:52:02,True,face,293,234,0.00,0.00,
2026-05-13 15:52:02,True,face,291,233,0.00,0.00,
2026-05-13 15:52:02,True,face,289,232,0.00,0.00,
2026-05-13 15:52:02,True,face,287,229,0.00,0.00,
2026-05-13 15:52:02,True,face,284,224,0.00,0.00,
2026-05-13 15:52:02,True,face,281,221,0.00,0.00,
2026-05-13 15:52:02,True,face,275,219,0.00,0.00,
2026-05-13 15:52:02,True,face,268,215,-52.00,0.00,
2026-05-13 15:52:03,True,face,259,210,-61.00,0.00,
2026-05-13 15:52:03,True,face,248,204,-72.00,-36.00,
2026-05-13 15:52:03,True,face,237,198,-83.00,-42.00,
2026-05-13 15:52:03,True,face,226,193,-94.00,-47.00,
2026-05-13 15:52:03,True,face,214,189,-106.00,-51.00,
2026-05-13 15:52:03,True,face,203,186,-117.00,-54.00,
2026-05-13 15:52:03,True,face,192,184,-128.00,-56.00,
2026-05-13 15:52:03,True,face,183,182,-137.00,-58.00,
2026-05-13 15:52:03,True,face,174,180,-146.00,-60.00,
2026-05-13 15:52:03,True,face,166,178,-154.00,-62.00,
2026-05-13 15:52:03,True,face,160,177,-160.00,-63.00,
2026-05-13 15:52:03,True,face,155,177,-165.00,-63.00,
2026-05-13 15:52:03,True,face,150,177,-170.00,-63.00,
2026-05-13 15:52:03,True,face,147,179,-173.00,-61.00,
2026-05-13 15:52:03,True,face,142,179,-178.00,-61.00,
2026-05-13 15:52:03,True,face,137,180,-183.00,-60.00,
2026-05-13 15:52:03,True,face,135,180,-185.00,-60.00,
2026-05-13 15:52:03,True,face,131,180,-189.00,-60.00,
2026-05-13 15:52:03,True,face,129,181,-191.00,-59.00,
2026-05-13 15:52:03,True,face,127,183,-193.00,-57.00,
2026-05-13 15:52:03,True,face,126,185,-194.00,-55.00,
2026-05-13 15:52:03,True,face,125,187,-195.00,-53.00,
2026-05-13 15:52:03,True,face,123,187,-197.00,-53.00,
2026-05-13 15:52:03,True,face,122,187,-198.00,-53.00,
2026-05-13 15:52:03,True,face,122,186,-198.00,-54.00,
2026-05-13 15:52:03,True,face,123,186,-197.00,-54.00,
2026-05-13 15:52:03,True,face,122,186,-198.00,-54.00,
2026-05-13 15:52:03,True,face,122,186,-198.00,-54.00,
2026-05-13 15:52:03,True,face,122,187,-198.00,-53.00,
2026-05-13 15:52:03,True,face,122,187,-198.00,-53.00,
2026-05-13 15:52:04,True,face,123,187,-197.00,-53.00,
2026-05-13 15:52:04,True,face,123,187,-197.00,-53.00,
2026-05-13 15:52:04,True,face,124,186,-196.00,-54.00,
2026-05-13 15:52:04,True,face,124,186,-196.00,-54.00,
2026-05-13 15:52:04,True,face,125,186,-195.00,-54.00,
2026-05-13 15:52:04,True,face,126,186,-194.00,-54.00,
2026-05-13 15:52:04,True,face,127,186,-193.00,-54.00,
2026-05-13 15:52:04,True,face,128,186,-192.00,-54.00,
2026-05-13 15:52:04,True,face,130,186,-190.00,-54.00,
2026-05-13 15:52:04,True,face,131,188,-189.00,-52.00,
2026-05-13 15:52:04,True,face,133,190,-187.00,-50.00,
2026-05-13 15:52:04,True,face,134,192,-186.00,-48.00,
2026-05-13 15:52:04,True,face,136,195,-184.00,-45.00,
2026-05-13 15:52:04,True,face,137,196,-183.00,-44.00,
2026-05-13 15:52:04,True,face,139,197,-181.00,-43.00,
2026-05-13 15:52:04,True,face,140,197,-180.00,-43.00,
2026-05-13 15:52:04,True,face,140,197,-180.00,-43.00,
2026-05-13 15:52:04,True,face,141,198,-179.00,-42.00,
2026-05-13 15:52:04,True,face,141,198,-179.00,-42.00,
2026-05-13 15:52:04,True,face,141,197,-179.00,-43.00,
2026-05-13 15:52:04,True,face,142,196,-178.00,-44.00,
2026-05-13 15:52:04,True,face,142,195,-178.00,-45.00,
2026-05-13 15:52:04,True,face,144,193,-176.00,-47.00,
2026-05-13 15:52:04,True,face,144,192,-176.00,-48.00,EXIT
2026-05-14 13:04:36,True,face,278,332,0.00,92.00,
2026-05-14 13:04:36,True,face,268,333,-52.00,93.00,LEFT_CLICK
2026-05-14 13:04:36,True,face,266,331,-54.00,91.00,LEFT_CLICK
2026-05-14 13:04:36,True,face,274,328,-46.00,88.00,LEFT_CLICK
2026-05-14 13:04:36,True,face,281,325,0.00,85.00,LEFT_CLICK
2026-05-14 13:04:37,True,face,289,321,0.00,81.00,LEFT_CLICK
2026-05-14 13:04:37,True,face,293,304,0.00,64.00,LEFT_CLICK
2026-05-14 13:04:37,True,face,291,299,0.00,59.00,LEFT_CLICK
2026-05-14 13:04:37,True,face,274,293,-46.00,53.00,LEFT_CLICK
2026-05-14 13:04:37,True,face,271,293,-49.00,53.00,LEFT_CLICK
2026-05-14 13:04:38,True,face,268,292,-52.00,52.00,LEFT_CLICK
2026-05-14 13:04:38,True,face,264,289,-56.00,49.00,LEFT_CLICK
2026-05-14 13:04:38,True,face,262,290,-58.00,50.00,LEFT_CLICK
2026-05-14 13:04:38,True,face,262,291,-58.00,51.00,LEFT_CLICK
2026-05-14 13:04:38,True,face,268,292,-52.00,52.00,LEFT_CLICK
2026-05-14 13:04:38,True,face,271,292,-49.00,52.00,LEFT_CLICK
2026-05-14 13:04:38,True,face,273,292,-47.00,52.00,LEFT_CLICK
2026-05-14 13:04:39,True,face,274,291,-46.00,51.00,LEFT_CLICK
2026-05-14 13:04:39,True,face,274,293,-46.00,53.00,LEFT_CLICK
2026-05-14 13:04:39,True,face,274,294,-46.00,54.00,LEFT_CLICK
2026-05-14 13:04:39,True,face,275,294,0.00,54.00,LEFT_CLICK
2026-05-14 13:04:39,True,face,284,288,0.00,48.00,LEFT_CLICK
2026-05-14 13:04:40,True,face,337,288,0.00,48.00,LEFT_CLICK
2026-05-14 13:04:40,True,face,343,294,0.00,54.00,LEFT_CLICK
2026-05-14 13:04:40,True,face,343,296,0.00,56.00,LEFT_CLICK
2026-05-14 13:04:40,True,face,341,297,0.00,57.00,LEFT_CLICK
2026-05-14 13:04:40,True,face,337,295,0.00,55.00,LEFT_CLICK
2026-05-14 13:04:40,True,face,330,289,0.00,49.00,LEFT_CLICK
2026-05-14 13:04:41,True,face,314,273,0.00,0.00,LEFT_CLICK
2026-05-14 13:04:41,True,face,302,266,0.00,0.00,LEFT_CLICK
2026-05-14 13:04:41,True,face,289,261,0.00,0.00,LEFT_CLICK
2026-05-14 13:04:41,True,face,287,263,0.00,0.00,LEFT_CLICK
2026-05-14 13:04:42,True,face,287,259,0.00,0.00,LEFT_CLICK
2026-05-14 13:04:42,True,face,285,269,0.00,0.00,LEFT_CLICK
2026-05-14 13:04:42,True,face,284,278,0.00,38.00,LEFT_CLICK
2026-05-14 13:04:42,True,face,283,283,0.00,43.00,LEFT_CLICK
2026-05-14 13:04:42,True,face,280,291,0.00,51.00,LEFT_CLICK
2026-05-14 13:04:42,True,face,275,299,0.00,59.00,LEFT_CLICK
2026-05-14 13:04:43,True,face,276,300,0.00,60.00,LEFT_CLICK
2026-05-14 13:04:43,True,face,276,299,0.00,59.00,LEFT_CLICK
2026-05-14 13:04:43,True,face,276,298,0.00,58.00,LEFT_CLICK
2026-05-14 13:04:43,True,face,277,298,0.00,58.00,LEFT_CLICK
2026-05-14 13:04:43,True,face,278,302,0.00,62.00,LEFT_CLICK
2026-05-14 13:04:43,True,face,280,309,0.00,69.00,LEFT_CLICK
2026-05-14 13:04:44,True,face,281,313,0.00,73.00,LEFT_CLICK
2026-05-14 13:04:44,True,face,282,314,0.00,74.00,LEFT_CLICK
2026-05-14 13:04:44,True,face,282,310,0.00,70.00,LEFT_CLICK
2026-05-14 13:04:44,True,face,283,307,0.00,67.00,LEFT_CLICK
2026-05-14 13:04:44,True,face,285,307,0.00,67.00,LEFT_CLICK
2026-05-14 13:04:45,True,face,285,309,0.00,69.00,LEFT_CLICK
2026-05-14 13:04:45,True,face,277,316,0.00,76.00,LEFT_CLICK
2026-05-14 13:04:45,True,face,265,319,-55.00,79.00,LEFT_CLICK
2026-05-14 13:04:45,True,face,264,320,-56.00,80.00,LEFT_CLICK
2026-05-14 13:04:45,True,face,262,320,-58.00,80.00,LEFT_CLICK
2026-05-14 13:04:45,True,face,263,320,-57.00,80.00,LEFT_CLICK
2026-05-14 13:04:46,True,face,263,320,-57.00,80.00,LEFT_CLICK
2026-05-14 13:04:46,True,face,264,319,-56.00,79.00,LEFT_CLICK
2026-05-14 13:04:46,True,face,271,319,-49.00,79.00,LEFT_CLICK
2026-05-14 13:04:46,True,face,279,316,0.00,76.00,LEFT_CLICK
2026-05-14 13:04:46,True,face,282,312,0.00,72.00,LEFT_CLICK
2026-05-14 13:04:46,True,face,283,308,0.00,68.00,LEFT_CLICK
2026-05-14 13:04:47,True,face,278,304,0.00,64.00,LEFT_CLICK
2026-05-14 13:04:47,True,face,276,303,0.00,63.00,LEFT_CLICK
2026-05-14 13:04:47,True,face,275,305,0.00,65.00,LEFT_CLICK
2026-05-14 13:04:47,True,face,274,308,-46.00,68.00,LEFT_CLICK
2026-05-14 13:04:47,True,face,270,314,-50.00,74.00,LEFT_CLICK
2026-05-14 13:04:47,True,face,271,314,-49.00,74.00,LEFT_CLICK
2026-05-14 13:04:48,True,face,273,313,-47.00,73.00,LEFT_CLICK
2026-05-14 13:04:48,True,face,273,313,-47.00,73.00,LEFT_CLICK
2026-05-14 13:04:48,True,face,286,308,0.00,68.00,LEFT_CLICK
2026-05-14 13:04:48,True,face,287,307,0.00,67.00,LEFT_CLICK
2026-05-14 13:04:48,True,face,293,307,0.00,67.00,LEFT_CLICK
2026-05-14 13:04:49,True,face,295,303,0.00,63.00,LEFT_CLICK
2026-05-14 13:04:49,True,face,294,298,0.00,58.00,LEFT_CLICK
2026-05-14 13:04:49,True,face,288,296,0.00,56.00,LEFT_CLICK
2026-05-14 13:04:49,True,face,287,296,0.00,56.00,LEFT_CLICK
2026-05-14 13:04:49,True,face,284,297,0.00,57.00,LEFT_CLICK
2026-05-14 13:04:50,True,face,282,297,0.00,57.00,LEFT_CLICK
2026-05-14 13:04:50,True,face,278,295,0.00,55.00,LEFT_CLICK
2026-05-14 13:04:50,True,face,277,286,0.00,46.00,LEFT_CLICK
2026-05-14 13:04:50,True,face,277,283,0.00,43.00,LEFT_CLICK
2026-05-14 13:04:50,True,face,277,281,0.00,41.00,LEFT_CLICK
2026-05-14 13:04:50,True,face,277,281,0.00,41.00,LEFT_CLICK
2026-05-14 13:05:10,True,face,319,267,0.00,0.00,LEFT_CLICK
2026-05-14 13:05:10,True,face,324,270,0.00,0.00,LEFT_CLICK
2026-05-14 13:05:10,True,face,324,270,0.00,0.00,LEFT_CLICK
2026-05-14 13:05:10,True,face,324,270,0.00,0.00,LEFT_CLICK
2026-05-14 13:05:10,True,face,324,270,0.00,0.00,LEFT_CLICK
2026-05-14 13:05:10,True,face,324,270,0.00,0.00,LEFT_CLICK
2026-05-14 13:05:11,True,face,324,270,0.00,0.00,LEFT_CLICK
2026-05-14 13:05:11,True,face,321,283,0.00,43.00,LEFT_CLICK
2026-05-14 13:05:11,True,face,321,283,0.00,43.00,LEFT_CLICK
2026-05-14 13:05:11,True,face,319,282,0.00,42.00,LEFT_CLICK
2026-05-14 13:05:12,True,face,316,287,0.00,47.00,LEFT_CLICK
2026-05-14 13:05:12,True,face,318,289,0.00,49.00,LEFT_CLICK
2026-05-14 13:05:12,True,face,321,290,0.00,50.00,LEFT_CLICK
2026-05-14 13:05:12,True,face,324,290,0.00,50.00,LEFT_CLICK
2026-05-14 13:05:12,True,face,324,290,0.00,50.00,LEFT_CLICK
2026-05-14 13:05:12,True,face,323,290,0.00,50.00,LEFT_CLICK
2026-05-14 13:05:12,True,face,322,289,0.00,49.00,LEFT_CLICK
2026-05-14 13:05:12,True,face,319,288,0.00,48.00,LEFT_CLICK
2026-05-14 13:05:12,True,face,315,287,0.00,47.00,LEFT_CLICK
2026-05-14 13:05:12,True,face,313,285,0.00,45.00,LEFT_CLICK
2026-05-14 13:05:12,True,face,311,284,0.00,44.00,LEFT_CLICK
2026-05-14 13:05:12,True,face,310,284,0.00,44.00,LEFT_CLICK
2026-05-14 13:05:12,True,face,308,284,0.00,44.00,LEFT_CLICK
2026-05-14 13:05:12,True,face,307,284,0.00,44.00,LEFT_CLICK
2026-05-14 13:05:13,True,face,305,284,0.00,44.00,LEFT_CLICK
2026-05-14 13:05:13,True,face,302,284,0.00,44.00,LEFT_CLICK
2026-05-14 13:05:13,True,face,276,284,0.00,44.00,LEFT_CLICK
2026-05-14 13:05:13,True,face,264,284,-56.00,44.00,LEFT_CLICK
2026-05-14 13:05:13,True,face,262,286,-58.00,46.00,LEFT_CLICK
2026-05-14 13:05:13,True,face,270,283,-50.00,43.00,LEFT_CLICK
2026-05-14 13:05:13,True,face,275,276,0.00,36.00,LEFT_CLICK
2026-05-14 13:05:14,True,face,274,271,-46.00,0.00,LEFT_CLICK
2026-05-14 13:05:14,True,face,278,271,0.00,0.00,LEFT_CLICK
2026-05-14 13:05:14,True,face,305,271,0.00,0.00,LEFT_CLICK
2026-05-14 13:05:14,True,face,324,272,0.00,0.00,LEFT_CLICK
2026-05-14 13:05:14,True,face,323,272,0.00,0.00,LEFT_CLICK
2026-05-14 13:05:15,True,face,309,273,0.00,0.00,LEFT_CLICK
2026-05-14 13:05:15,True,face,307,274,0.00,0.00,LEFT_CLICK
2026-05-14 13:05:15,True,face,306,274,0.00,0.00,LEFT_CLICK
2026-05-14 13:05:15,True,face,274,273,-46.00,0.00,LEFT_CLICK
2026-05-14 13:05:15,True,face,249,277,-71.00,37.00,LEFT_CLICK
2026-05-14 13:05:15,True,face,267,280,-53.00,40.00,LEFT_CLICK
2026-05-14 13:05:16,True,face,292,279,0.00,39.00,LEFT_CLICK
2026-05-14 13:05:16,True,face,300,279,0.00,39.00,LEFT_CLICK
2026-05-14 13:05:16,True,face,303,280,0.00,40.00,LEFT_CLICK
2026-05-14 13:05:16,True,face,302,282,0.00,42.00,LEFT_CLICK
2026-05-14 13:05:16,True,face,304,283,0.00,43.00,LEFT_CLICK
2026-05-14 13:05:16,True,face,308,283,0.00,43.00,LEFT_CLICK
2026-05-14 13:05:17,True,face,314,283,0.00,43.00,LEFT_CLICK
2026-05-14 13:05:17,True,face,319,283,0.00,43.00,LEFT_CLICK
2026-05-14 13:05:17,True,face,327,285,0.00,45.00,LEFT_CLICK
2026-05-14 13:05:17,True,face,333,288,0.00,48.00,LEFT_CLICK
2026-05-14 13:05:17,True,face,336,288,0.00,48.00,LEFT_CLICK
2026-05-14 13:05:18,True,face,335,288,0.00,48.00,LEFT_CLICK
2026-05-14 13:05:18,True,face,331,288,0.00,48.00,LEFT_CLICK
2026-05-14 13:05:18,True,face,325,288,0.00,48.00,LEFT_CLICK
2026-05-14 13:05:18,True,face,316,288,0.00,48.00,LEFT_CLICK
2026-05-14 13:05:18,True,face,313,287,0.00,47.00,LEFT_CLICK
2026-05-14 13:05:18,True,face,308,284,0.00,44.00,LEFT_CLICK
2026-05-14 13:05:19,True,face,301,283,0.00,43.00,LEFT_CLICK
2026-05-14 13:05:19,True,face,302,282,0.00,42.00,LEFT_CLICK
2026-05-14 13:05:19,True,face,312,282,0.00,42.00,LEFT_CLICK
2026-05-14 13:05:19,True,face,315,283,0.00,43.00,LEFT_CLICK
2026-05-14 13:05:19,True,face,329,284,0.00,44.00,LEFT_CLICK
2026-05-14 13:05:20,True,face,335,284,0.00,44.00,LEFT_CLICK
2026-05-14 13:05:20,True,face,337,285,0.00,45.00,LEFT_CLICK
2026-05-14 13:05:20,True,face,341,285,0.00,45.00,LEFT_CLICK
2026-05-14 13:05:20,True,face,343,284,0.00,44.00,LEFT_CLICK
2026-05-14 13:05:20,True,face,343,282,0.00,42.00,LEFT_CLICK
2026-05-14 13:05:20,True,face,343,281,0.00,41.00,LEFT_CLICK
2026-05-14 13:05:21,True,face,343,281,0.00,41.00,LEFT_CLICK
2026-05-14 13:05:21,True,face,343,280,0.00,40.00,LEFT_CLICK
2026-05-14 13:05:21,True,face,337,279,0.00,39.00,LEFT_CLICK
2026-05-14 13:05:21,True,face,337,277,0.00,37.00,LEFT_CLICK
2026-05-14 13:05:21,True,face,338,277,0.00,37.00,LEFT_CLICK
2026-05-14 13:05:21,True,face,338,277,0.00,37.00,LEFT_CLICK
2026-05-14 13:05:22,True,face,337,277,0.00,37.00,LEFT_CLICK
2026-05-14 13:05:22,True,face,337,277,0.00,37.00,LEFT_CLICK
2026-05-14 13:05:22,True,face,338,277,0.00,37.00,LEFT_CLICK
2026-05-14 13:05:22,True,face,344,279,0.00,39.00,LEFT_CLICK
2026-05-14 13:05:22,True,face,357,283,0.00,43.00,LEFT_CLICK
2026-05-14 13:05:22,True,face,362,283,0.00,43.00,LEFT_CLICK
2026-05-14 13:05:23,True,face,363,283,0.00,43.00,LEFT_CLICK
2026-05-14 13:05:23,True,face,363,283,0.00,43.00,LEFT_CLICK
2026-05-14 13:05:23,True,face,363,283,0.00,43.00,LEFT_CLICK
2026-05-14 13:05:23,True,face,359,284,0.00,44.00,LEFT_CLICK
2026-05-14 13:05:23,True,face,356,286,0.00,46.00,LEFT_CLICK
2026-05-14 13:05:24,True,face,354,286,0.00,46.00,LEFT_CLICK
2026-05-14 13:05:24,True,face,350,284,0.00,44.00,LEFT_CLICK
2026-05-14 13:05:24,True,face,349,284,0.00,44.00,LEFT_CLICK
2026-05-14 13:05:24,True,face,342,284,0.00,44.00,LEFT_CLICK
2026-05-14 13:05:24,True,face,336,283,0.00,43.00,LEFT_CLICK
2026-05-14 13:05:24,True,face,326,281,0.00,41.00,LEFT_CLICK
2026-05-14 13:05:25,True,face,326,280,0.00,40.00,LEFT_CLICK
2026-05-14 13:05:25,True,face,325,280,0.00,40.00,LEFT_CLICK
2026-05-14 13:05:25,True,face,318,284,0.00,44.00,LEFT_CLICK
2026-05-14 13:05:25,True,face,306,293,0.00,53.00,LEFT_CLICK
2026-05-14 13:05:25,True,face,308,293,0.00,53.00,LEFT_CLICK
2026-05-14 13:05:25,True,face,312,294,0.00,54.00,LEFT_CLICK
2026-05-14 13:05:26,True,face,318,294,0.00,54.00,LEFT_CLICK
2026-05-14 13:05:26,True,face,322,292,0.00,52.00,LEFT_CLICK
2026-05-14 13:05:26,True,face,323,292,0.00,52.00,LEFT_CLICK
2026-05-14 13:05:26,True,face,324,289,0.00,49.00,LEFT_CLICK
2026-05-14 13:05:26,True,face,324,287,0.00,47.00,LEFT_CLICK
2026-05-14 13:05:27,True,face,321,280,0.00,40.00,LEFT_CLICK
2026-05-14 13:05:27,True,face,315,279,0.00,39.00,LEFT_CLICK
2026-05-14 13:05:27,True,face,310,279,0.00,39.00,LEFT_CLICK
2026-05-14 13:05:27,True,face,303,278,0.00,38.00,LEFT_CLICK
2026-05-14 13:05:27,True,face,291,279,0.00,39.00,LEFT_CLICK
2026-05-14 13:05:28,True,face,291,279,0.00,39.00,LEFT_CLICK
2026-05-14 13:05:28,True,face,293,278,0.00,38.00,LEFT_CLICK
2026-05-14 13:05:28,True,face,295,277,0.00,37.00,LEFT_CLICK
2026-05-14 13:05:28,True,face,304,278,0.00,38.00,LEFT_CLICK
2026-05-14 13:05:28,True,face,352,282,0.00,42.00,LEFT_CLICK
2026-05-14 13:05:29,True,face,380,292,60.00,52.00,LEFT_CLICK
2026-05-14 13:05:29,True,face,370,291,50.00,51.00,LEFT_CLICK
2026-05-14 13:05:29,True,face,348,286,0.00,46.00,LEFT_CLICK
2026-05-14 13:05:29,True,face,307,283,0.00,43.00,LEFT_CLICK
2026-05-14 13:05:29,True,face,296,282,0.00,42.00,LEFT_CLICK
2026-05-14 13:05:30,True,face,296,279,0.00,39.00,LEFT_CLICK
2026-05-14 13:05:30,True,face,297,275,0.00,0.00,LEFT_CLICK
2026-05-14 13:05:30,True,face,298,276,0.00,36.00,LEFT_CLICK
2026-05-14 13:05:30,True,face,296,278,0.00,38.00,LEFT_CLICK
2026-05-14 13:05:31,True,face,296,277,0.00,37.00,LEFT_CLICK
2026-05-14 13:05:31,True,face,297,275,0.00,0.00,LEFT_CLICK
2026-05-14 13:05:31,True,face,298,275,0.00,0.00,LEFT_CLICK
2026-05-14 13:05:31,True,face,298,276,0.00,36.00,LEFT_CLICK
2026-05-14 13:05:31,True,face,297,276,0.00,36.00,LEFT_CLICK
2026-05-14 13:05:31,True,face,281,272,0.00,0.00,LEFT_CLICK
2026-05-14 13:05:32,True,face,270,274,-50.00,0.00,LEFT_CLICK
2026-05-14 13:05:32,True,face,266,277,-54.00,37.00,LEFT_CLICK
2026-05-14 13:05:32,True,face,260,277,-60.00,37.00,LEFT_CLICK
2026-05-14 13:05:32,True,face,263,274,-57.00,0.00,LEFT_CLICK
2026-05-14 13:05:32,True,face,268,274,-52.00,0.00,LEFT_CLICK
2026-05-14 13:05:32,True,face,276,276,0.00,36.00,LEFT_CLICK
2026-05-14 13:05:33,True,face,282,279,0.00,39.00,LEFT_CLICK
2026-05-14 13:05:33,True,face,293,279,0.00,39.00,LEFT_CLICK
2026-05-14 13:05:33,True,face,297,280,0.00,40.00,LEFT_CLICK
2026-05-14 13:05:33,True,face,301,280,0.00,40.00,LEFT_CLICK
2026-05-14 13:05:33,True,face,303,280,0.00,40.00,LEFT_CLICK
2026-05-14 13:05:34,True,face,304,281,0.00,41.00,LEFT_CLICK
2026-05-14 13:05:34,True,face,305,281,0.00,41.00,LEFT_CLICK
2026-05-14 13:05:34,True,face,305,282,0.00,42.00,LEFT_CLICK
2026-05-14 13:05:34,True,face,305,281,0.00,41.00,LEFT_CLICK
2026-05-14 13:05:34,True,face,308,282,0.00,42.00,LEFT_CLICK
2026-05-14 13:05:34,True,face,309,282,0.00,42.00,LEFT_CLICK
2026-05-14 13:05:35,True,face,312,283,0.00,43.00,LEFT_CLICK
2026-05-14 13:05:35,True,face,313,283,0.00,43.00,LEFT_CLICK
2026-05-14 13:05:35,True,face,313,282,0.00,42.00,LEFT_CLICK
2026-05-14 13:05:35,True,face,312,282,0.00,42.00,LEFT_CLICK
2026-05-14 13:05:35,True,face,309,281,0.00,41.00,LEFT_CLICK
2026-05-14 13:05:35,True,face,305,280,0.00,40.00,LEFT_CLICK
2026-05-14 13:05:36,True,face,288,274,0.00,0.00,LEFT_CLICK
2026-05-14 13:05:36,True,face,270,277,-50.00,37.00,LEFT_CLICK
2026-05-14 13:05:36,True,face,255,284,-65.00,44.00,LEFT_CLICK
2026-05-14 13:05:36,True,face,248,283,-72.00,43.00,LEFT_CLICK
2026-05-14 13:05:36,True,face,252,281,-68.00,41.00,LEFT_CLICK
2026-05-14 13:05:36,True,face,263,279,-57.00,39.00,LEFT_CLICK
2026-05-14 13:05:37,True,face,271,278,-49.00,38.00,LEFT_CLICK
2026-05-14 13:05:37,True,face,277,277,0.00,37.00,LEFT_CLICK
2026-05-14 13:05:37,True,face,282,277,0.00,37.00,LEFT_CLICK
2026-05-14 13:05:37,True,face,284,277,0.00,37.00,LEFT_CLICK
2026-05-14 13:05:37,True,face,284,277,0.00,37.00,LEFT_CLICK
2026-05-14 13:05:38,True,face,284,277,0.00,37.00,LEFT_CLICK
2026-05-14 13:05:38,True,face,283,277,0.00,37.00,LEFT_CLICK
2026-05-14 13:05:38,True,face,283,277,0.00,37.00,LEFT_CLICK
2026-05-14 13:05:38,True,face,283,277,0.00,37.00,LEFT_CLICK
2026-05-14 13:05:38,True,face,284,277,0.00,37.00,LEFT_CLICK
2026-05-14 13:05:38,True,face,285,277,0.00,37.00,LEFT_CLICK
2026-05-14 13:05:39,True,face,285,277,0.00,37.00,LEFT_CLICK
2026-05-14 13:05:39,True,face,286,277,0.00,37.00,LEFT_CLICK
2026-05-14 13:05:39,True,face,288,281,0.00,41.00,LEFT_CLICK
2026-05-14 13:05:39,True,face,288,281,0.00,41.00,LEFT_CLICK
2026-05-14 13:05:40,True,face,289,281,0.00,41.00,LEFT_CLICK
2026-05-14 13:05:40,True,face,291,281,0.00,41.00,LEFT_CLICK
2026-05-14 13:05:40,True,face,291,280,0.00,40.00,LEFT_CLICK
2026-05-14 13:05:40,True,face,292,280,0.00,40.00,LEFT_CLICK
2026-05-14 13:05:40,True,face,291,279,0.00,39.00,LEFT_CLICK
2026-05-14 13:05:40,True,face,291,277,0.00,37.00,LEFT_CLICK
2026-05-14 13:05:40,True,face,289,276,0.00,36.00,LEFT_CLICK
2026-05-14 13:05:41,True,face,287,276,0.00,36.00,LEFT_CLICK
2026-05-14 13:05:41,True,face,286,276,0.00,36.00,LEFT_CLICK
2026-05-14 13:05:41,True,face,286,276,0.00,36.00,LEFT_CLICK
2026-05-14 13:05:41,True,face,286,274,0.00,0.00,LEFT_CLICK
2026-05-14 13:05:41,True,face,281,273,0.00,0.00,LEFT_CLICK
2026-05-14 13:05:42,True,face,280,271,0.00,0.00,LEFT_CLICK
2026-05-14 13:05:42,True,face,278,271,0.00,0.00,LEFT_CLICK
2026-05-14 13:05:42,True,face,278,271,0.00,0.00,LEFT_CLICK
2026-05-14 13:05:42,True,face,279,271,0.00,0.00,LEFT_CLICK
2026-05-14 13:05:42,True,face,282,272,0.00,0.00,LEFT_CLICK
2026-05-14 13:05:42,True,face,282,272,0.00,0.00,LEFT_CLICK
2026-05-14 13:05:43,True,face,283,272,0.00,0.00,LEFT_CLICK
2026-05-14 13:05:43,True,face,284,272,0.00,0.00,LEFT_CLICK
2026-05-14 13:05:43,True,face,284,272,0.00,0.00,LEFT_CLICK
2026-05-14 13:05:43,True,face,284,272,0.00,0.00,LEFT_CLICK
2026-05-14 13:05:43,True,face,285,273,0.00,0.00,LEFT_CLICK
2026-05-14 13:05:43,True,face,285,273,0.00,0.00,LEFT_CLICK
2026-05-14 13:05:44,True,face,286,273,0.00,0.00,LEFT_CLICK
2026-05-14 13:05:44,True,face,289,274,0.00,0.00,LEFT_CLICK
2026-05-14 13:05:44,True,face,290,275,0.00,0.00,LEFT_CLICK
2026-05-14 13:05:44,True,face,290,275,0.00,0.00,LEFT_CLICK
2026-05-14 13:05:44,True,face,290,275,0.00,0.00,LEFT_CLICK
2026-05-14 13:05:45,True,face,290,277,0.00,37.00,LEFT_CLICK
2026-05-14 13:05:45,True,face,290,278,0.00,38.00,LEFT_CLICK
2026-05-14 13:05:45,True,face,293,278,0.00,38.00,LEFT_CLICK
2026-05-14 13:05:45,True,face,299,278,0.00,38.00,LEFT_CLICK
2026-05-14 13:05:45,True,face,303,277,0.00,37.00,LEFT_CLICK
2026-05-14 13:05:45,True,face,302,277,0.00,37.00,LEFT_CLICK
2026-05-14 13:05:46,True,face,302,277,0.00,37.00,LEFT_CLICK
2026-05-14 13:05:46,True,face,301,277,0.00,37.00,LEFT_CLICK
2026-05-14 13:05:46,True,face,300,277,0.00,37.00,LEFT_CLICK
2026-05-14 13:05:46,True,face,300,277,0.00,37.00,LEFT_CLICK
2026-05-14 13:05:46,True,face,301,277,0.00,37.00,LEFT_CLICK
2026-05-14 13:05:47,True,face,301,277,0.00,37.00,LEFT_CLICK
2026-05-14 13:05:47,True,face,302,277,0.00,37.00,LEFT_CLICK
2026-05-14 13:05:47,True,face,302,277,0.00,37.00,LEFT_CLICK
2026-05-14 13:05:47,True,face,303,277,0.00,37.00,LEFT_CLICK
2026-05-14 13:05:47,True,face,303,277,0.00,37.00,LEFT_CLICK
2026-05-14 13:05:47,True,face,303,274,0.00,0.00,LEFT_CLICK
2026-05-14 13:05:47,True,face,303,274,0.00,0.00,LEFT_CLICK
2026-05-14 13:05:48,True,face,303,274,0.00,0.00,LEFT_CLICK
2026-05-14 13:05:48,True,face,303,275,0.00,0.00,LEFT_CLICK
2026-05-14 13:05:48,True,face,304,275,0.00,0.00,LEFT_CLICK
2026-05-14 13:05:48,True,face,304,276,0.00,36.00,LEFT_CLICK
2026-05-14 13:05:48,True,face,304,276,0.00,36.00,LEFT_CLICK
2026-05-14 13:05:48,True,face,304,276,0.00,36.00,LEFT_CLICK
2026-05-14 13:05:49,True,face,304,276,0.00,36.00,LEFT_CLICK
2026-05-14 13:05:49,True,face,304,276,0.00,36.00,LEFT_CLICK
2026-05-14 13:05:49,True,face,303,276,0.00,36.00,LEFT_CLICK
2026-05-14 13:05:49,True,face,303,276,0.00,36.00,LEFT_CLICK
2026-05-14 13:05:49,True,face,302,276,0.00,36.00,LEFT_CLICK
2026-05-14 13:05:49,True,face,302,276,0.00,36.00,LEFT_CLICK
2026-05-14 13:05:50,True,face,302,276,0.00,36.00,LEFT_CLICK
2026-05-14 13:05:50,True,face,303,276,0.00,36.00,LEFT_CLICK
2026-05-14 13:05:50,True,face,303,275,0.00,0.00,LEFT_CLICK
2026-05-14 13:05:50,True,face,303,275,0.00,0.00,LEFT_CLICK
2026-05-14 13:05:50,True,face,302,276,0.00,36.00,LEFT_CLICK
2026-05-14 13:05:50,True,face,302,276,0.00,36.00,LEFT_CLICK
2026-05-14 13:05:51,True,face,305,276,0.00,36.00,LEFT_CLICK
2026-05-14 13:05:51,True,face,306,276,0.00,36.00,LEFT_CLICK
2026-05-14 13:05:51,True,face,307,276,0.00,36.00,LEFT_CLICK
2026-05-14 13:05:51,True,face,308,277,0.00,37.00,LEFT_CLICK
2026-05-14 13:05:51,True,face,303,281,0.00,41.00,LEFT_CLICK
2026-05-14 13:05:51,True,face,298,283,0.00,43.00,LEFT_CLICK
2026-05-14 13:05:52,True,face,296,284,0.00,44.00,LEFT_CLICK
2026-05-14 13:05:52,True,face,301,284,0.00,44.00,LEFT_CLICK
2026-05-14 13:05:52,True,face,359,288,0.00,48.00,LEFT_CLICK
2026-05-14 13:05:52,True,face,385,289,65.00,49.00,LEFT_CLICK
2026-05-14 13:05:52,True,face,420,295,100.00,55.00,LEFT_CLICK
2026-05-14 13:05:52,True,face,427,297,107.00,57.00,LEFT_CLICK
2026-05-14 13:05:53,False,face,,,0.00,0.00,LEFT_CLICK
2026-05-14 13:05:53,True,face,541,312,221.00,72.00,LEFT_CLICK
2026-05-14 13:05:53,True,face,576,309,256.00,69.00,LEFT_CLICK
2026-05-14 13:05:53,True,face,584,310,264.00,70.00,LEFT_CLICK
2026-05-14 13:05:53,True,face,601,316,281.00,76.00,LEFT_CLICK
2026-05-14 13:05:53,True,face,608,321,288.00,81.00,LEFT_CLICK
2026-05-14 13:05:54,True,face,618,325,298.00,85.00,LEFT_CLICK
2026-05-14 13:05:54,True,face,636,329,316.00,89.00,LEFT_CLICK
2026-05-14 13:05:54,True,face,640,331,320.00,91.00,LEFT_CLICK
2026-05-14 13:05:55,True,face,638,331,318.00,91.00,LEFT_CLICK
2026-05-14 13:05:55,True,face,633,331,313.00,91.00,LEFT_CLICK
2026-05-14 13:05:55,True,face,629,331,309.00,91.00,LEFT_CLICK
2026-05-14 13:05:55,True,face,602,334,282.00,94.00,LEFT_CLICK
2026-05-14 13:05:56,False,face,,,0.00,0.00,LEFT_CLICK
2026-05-14 13:05:56,True,face,357,337,0.00,97.00,LEFT_CLICK
2026-05-14 13:05:56,True,face,349,327,0.00,87.00,LEFT_CLICK
2026-05-14 13:05:56,True,face,394,307,74.00,67.00,LEFT_CLICK
2026-05-14 13:05:57,True,face,423,301,103.00,61.00,LEFT_CLICK
2026-05-14 13:05:57,True,face,443,299,123.00,59.00,LEFT_CLICK
2026-05-14 13:05:57,True,face,484,300,164.00,60.00,LEFT_CLICK
2026-05-14 13:05:57,True,face,508,304,188.00,64.00,LEFT_CLICK
2026-05-14 13:05:57,True,face,537,310,217.00,70.00,LEFT_CLICK
2026-05-14 13:05:57,True,face,543,313,223.00,73.00,LEFT_CLICK
2026-05-14 13:05:57,True,face,579,319,259.00,79.00,LEFT_CLICK
2026-05-14 13:05:58,True,face,652,345,332.00,105.00,LEFT_CLICK
2026-05-14 13:05:58,False,face,,,0.00,0.00,LEFT_CLICK
2026-05-14 13:05:58,False,face,,,0.00,0.00,LEFT_CLICK
2026-05-14 13:05:58,False,face,,,0.00,0.00,LEFT_CLICK
2026-05-14 13:05:58,False,face,,,0.00,0.00,LEFT_CLICK
2026-05-14 13:05:58,False,face,,,0.00,0.00,LEFT_CLICK
2026-05-14 13:05:58,False,face,,,0.00,0.00,LEFT_CLICK
2026-05-14 13:05:58,False,face,,,0.00,0.00,LEFT_CLICK
2026-05-14 13:05:58,False,face,,,0.00,0.00,LEFT_CLICK
2026-05-14 13:05:58,False,face,,,0.00,0.00,LEFT_CLICK
2026-05-14 13:05:58,False,face,,,0.00,0.00,LEFT_CLICK
2026-05-14 13:05:58,False,face,,,0.00,0.00,LEFT_CLICK
2026-05-14 13:05:58,False,face,,,0.00,0.00,LEFT_CLICK
2026-05-14 13:05:58,False,face,,,0.00,0.00,LEFT_CLICK
2026-05-14 13:05:58,False,face,,,0.00,0.00,LEFT_CLICK
2026-05-14 13:05:58,False,face,,,0.00,0.00,LEFT_CLICK
2026-05-14 13:05:58,False,face,,,0.00,0.00,LEFT_CLICK
2026-05-14 13:05:58,False,face,,,0.00,0.00,LEFT_CLICK
2026-05-14 13:05:59,False,face,,,0.00,0.00,LEFT_CLICK
2026-05-14 13:05:59,False,face,,,0.00,0.00,LEFT_CLICK
2026-05-14 13:05:59,False,face,,,0.00,0.00,LEFT_CLICK
2026-05-14 13:05:59,False,face,,,0.00,0.00,LEFT_CLICK
2026-05-14 13:05:59,False,face,,,0.00,0.00,LEFT_CLICK
2026-05-14 13:05:59,False,face,,,0.00,0.00,LEFT_CLICK
2026-05-14 13:05:59,False,face,,,0.00,0.00,LEFT_CLICK
2026-05-14 13:05:59,False,face,,,0.00,0.00,LEFT_CLICK
2026-05-14 13:05:59,False,face,,,0.00,0.00,LEFT_CLICK
2026-05-14 13:05:59,False,face,,,0.00,0.00,LEFT_CLICK
2026-05-14 13:05:59,False,face,,,0.00,0.00,LEFT_CLICK
2026-05-14 13:05:59,False,face,,,0.00,0.00,LEFT_CLICK
2026-05-14 13:05:59,False,face,,,0.00,0.00,LEFT_CLICK
2026-05-14 13:05:59,False,face,,,0.00,0.00,LEFT_CLICK
2026-05-14 13:05:59,False,face,,,0.00,0.00,LEFT_CLICK
2026-05-14 13:06:00,False,face,,,0.00,0.00,LEFT_CLICK
2026-05-14 13:06:00,False,face,,,0.00,0.00,LEFT_CLICK
2026-05-14 13:06:00,False,face,,,0.00,0.00,LEFT_CLICK
2026-05-14 13:06:00,False,face,,,0.00,0.00,LEFT_CLICK
2026-05-14 13:06:00,False,face,,,0.00,0.00,LEFT_CLICK
2026-05-14 13:06:00,False,face,,,0.00,0.00,LEFT_CLICK
2026-05-14 13:06:00,False,face,,,0.00,0.00,LEFT_CLICK
2026-05-14 13:06:00,False,face,,,0.00,0.00,LEFT_CLICK
2026-05-14 13:06:00,False,face,,,0.00,0.00,LEFT_CLICK
2026-05-14 13:06:00,False,face,,,0.00,0.00,LEFT_CLICK
2026-05-14 13:06:00,False,face,,,0.00,0.00,LEFT_CLICK
2026-05-14 13:06:00,False,face,,,0.00,0.00,LEFT_CLICK
2026-05-14 13:06:00,False,face,,,0.00,0.00,LEFT_CLICK
2026-05-14 13:06:00,False,face,,,0.00,0.00,LEFT_CLICK
2026-05-14 13:06:00,False,face,,,0.00,0.00,LEFT_CLICK
2026-05-14 13:06:00,False,face,,,0.00,0.00,LEFT_CLICK
2026-05-14 13:06:00,False,face,,,0.00,0.00,LEFT_CLICK
2026-05-14 13:06:00,False,face,,,0.00,0.00,LEFT_CLICK
2026-05-14 13:06:01,False,face,,,0.00,0.00,LEFT_CLICK
2026-05-14 13:06:01,False,face,,,0.00,0.00,LEFT_CLICK
2026-05-14 13:06:01,False,face,,,0.00,0.00,LEFT_CLICK
2026-05-14 13:06:01,False,face,,,0.00,0.00,LEFT_CLICK
2026-05-14 13:06:01,False,face,,,0.00,0.00,LEFT_CLICK
2026-05-14 13:06:01,False,face,,,0.00,0.00,LEFT_CLICK
2026-05-14 13:06:01,False,face,,,0.00,0.00,LEFT_CLICK
2026-05-14 13:06:01,False,face,,,0.00,0.00,LEFT_CLICK
2026-05-14 13:06:01,False,face,,,0.00,0.00,LEFT_CLICK
2026-05-14 13:06:01,False,face,,,0.00,0.00,LEFT_CLICK
2026-05-14 13:06:01,True,face,645,336,325.00,96.00,LEFT_CLICK
2026-05-14 13:06:01,True,face,643,313,323.00,73.00,LEFT_CLICK
2026-05-14 13:06:01,True,face,636,308,316.00,68.00,LEFT_CLICK
2026-05-14 13:06:02,True,face,600,298,280.00,58.00,LEFT_CLICK
2026-05-14 13:06:02,True,face,569,292,249.00,52.00,LEFT_CLICK
2026-05-14 13:06:02,True,face,563,293,243.00,53.00,LEFT_CLICK
2026-05-14 13:06:02,True,face,558,293,238.00,53.00,LEFT_CLICK
2026-05-14 13:06:02,True,face,534,290,214.00,50.00,LEFT_CLICK
2026-05-14 13:06:02,True,face,530,289,210.00,49.00,LEFT_CLICK
2026-05-14 13:06:02,True,face,530,289,210.00,49.00,LEFT_CLICK
2026-05-14 13:06:02,True,face,526,287,206.00,47.00,LEFT_CLICK
2026-05-14 13:06:02,True,face,526,286,206.00,46.00,LEFT_CLICK
2026-05-14 13:06:03,True,face,527,285,207.00,45.00,LEFT_CLICK
2026-05-14 13:06:03,True,face,531,286,211.00,46.00,LEFT_CLICK
2026-05-14 13:06:03,True,face,536,285,216.00,45.00,LEFT_CLICK
2026-05-14 13:06:03,True,face,550,288,230.00,48.00,LEFT_CLICK
2026-05-14 13:06:03,True,face,577,294,257.00,54.00,LEFT_CLICK
2026-05-14 13:06:03,True,face,586,297,266.00,57.00,LEFT_CLICK
2026-05-14 13:06:03,True,face,656,312,336.00,72.00,LEFT_CLICK
2026-05-14 13:06:03,True,face,675,319,355.00,79.00,LEFT_CLICK
2026-05-14 13:06:03,False,face,,,0.00,0.00,LEFT_CLICK
2026-05-14 13:06:03,False,face,,,0.00,0.00,LEFT_CLICK
2026-05-14 13:06:03,False,face,,,0.00,0.00,LEFT_CLICK
2026-05-14 13:06:04,False,face,,,0.00,0.00,LEFT_CLICK
2026-05-14 13:06:04,False,face,,,0.00,0.00,LEFT_CLICK
2026-05-14 13:06:04,False,face,,,0.00,0.00,LEFT_CLICK
2026-05-14 13:06:04,False,face,,,0.00,0.00,LEFT_CLICK
2026-05-14 13:06:04,False,face,,,0.00,0.00,LEFT_CLICK
2026-05-14 13:06:04,False,face,,,0.00,0.00,LEFT_CLICK
2026-05-14 13:06:04,False,face,,,0.00,0.00,LEFT_CLICK
2026-05-14 13:06:04,False,face,,,0.00,0.00,LEFT_CLICK
2026-05-14 13:06:04,False,face,,,0.00,0.00,LEFT_CLICK
2026-05-14 13:06:04,False,face,,,0.00,0.00,LEFT_CLICK
2026-05-14 13:06:04,False,face,,,0.00,0.00,LEFT_CLICK
2026-05-14 13:06:04,False,face,,,0.00,0.00,LEFT_CLICK
2026-05-14 13:06:04,False,face,,,0.00,0.00,LEFT_CLICK
2026-05-14 13:06:04,False,face,,,0.00,0.00,LEFT_CLICK
2026-05-14 13:06:04,False,face,,,0.00,0.00,LEFT_CLICK
2026-05-14 13:06:04,False,face,,,0.00,0.00,LEFT_CLICK
2026-05-14 13:06:04,False,face,,,0.00,0.00,LEFT_CLICK
2026-05-14 13:06:04,False,face,,,0.00,0.00,LEFT_CLICK
2026-05-14 13:06:04,False,face,,,0.00,0.00,LEFT_CLICK
2026-05-14 13:06:05,False,face,,,0.00,0.00,LEFT_CLICK
2026-05-14 13:06:05,False,face,,,0.00,0.00,LEFT_CLICK
2026-05-14 13:06:05,False,face,,,0.00,0.00,LEFT_CLICK
2026-05-14 13:06:05,False,face,,,0.00,0.00,LEFT_CLICK
2026-05-14 13:06:05,False,face,,,0.00,0.00,LEFT_CLICK
2026-05-14 13:06:05,False,face,,,0.00,0.00,LEFT_CLICK
2026-05-14 13:06:05,False,face,,,0.00,0.00,LEFT_CLICK
2026-05-14 13:06:05,False,face,,,0.00,0.00,LEFT_CLICK
2026-05-14 13:06:05,False,face,,,0.00,0.00,LEFT_CLICK
2026-05-14 13:06:05,False,face,,,0.00,0.00,LEFT_CLICK
2026-05-14 13:06:05,False,face,,,0.00,0.00,LEFT_CLICK
2026-05-14 13:06:05,False,face,,,0.00,0.00,LEFT_CLICK
2026-05-14 13:06:05,False,face,,,0.00,0.00,LEFT_CLICK
2026-05-14 13:06:05,False,face,,,0.00,0.00,LEFT_CLICK
2026-05-14 13:06:05,False,face,,,0.00,0.00,LEFT_CLICK
2026-05-14 13:06:05,False,face,,,0.00,0.00,LEFT_CLICK
2026-05-14 13:06:05,False,face,,,0.00,0.00,LEFT_CLICK
2026-05-14 13:06:05,False,face,,,0.00,0.00,LEFT_CLICK
2026-05-14 13:06:05,False,face,,,0.00,0.00,LEFT_CLICK
2026-05-14 13:06:05,False,face,,,0.00,0.00,LEFT_CLICK
2026-05-14 13:06:05,False,face,,,0.00,0.00,LEFT_CLICK
2026-05-14 13:06:06,False,face,,,0.00,0.00,LEFT_CLICK
2026-05-14 13:06:06,False,face,,,0.00,0.00,LEFT_CLICK
2026-05-14 13:06:06,False,face,,,0.00,0.00,LEFT_CLICK
2026-05-14 13:06:06,False,face,,,0.00,0.00,LEFT_CLICK
2026-05-14 13:06:06,False,face,,,0.00,0.00,LEFT_CLICK
2026-05-14 13:06:06,False,face,,,0.00,0.00,LEFT_CLICK
2026-05-14 13:06:06,False,face,,,0.00,0.00,LEFT_CLICK
2026-05-14 13:06:06,False,face,,,0.00,0.00,LEFT_CLICK
2026-05-14 13:06:06,False,face,,,0.00,0.00,LEFT_CLICK
2026-05-14 13:06:06,False,face,,,0.00,0.00,LEFT_CLICK
2026-05-14 13:06:06,False,face,,,0.00,0.00,LEFT_CLICK
2026-05-14 13:06:06,False,face,,,0.00,0.00,LEFT_CLICK
2026-05-14 13:06:06,False,face,,,0.00,0.00,LEFT_CLICK
2026-05-14 13:06:06,False,face,,,0.00,0.00,LEFT_CLICK
2026-05-14 13:06:06,False,face,,,0.00,0.00,LEFT_CLICK
2026-05-14 13:06:06,False,face,,,0.00,0.00,LEFT_CLICK
2026-05-14 13:06:06,False,face,,,0.00,0.00,LEFT_CLICK
2026-05-14 13:06:06,False,face,,,0.00,0.00,LEFT_CLICK
2026-05-14 13:06:07,False,face,,,0.00,0.00,LEFT_CLICK
2026-05-14 13:06:07,False,face,,,0.00,0.00,LEFT_CLICK
2026-05-14 13:06:07,False,face,,,0.00,0.00,LEFT_CLICK
2026-05-14 13:06:07,False,face,,,0.00,0.00,LEFT_CLICK
2026-05-14 13:06:07,False,face,,,0.00,0.00,LEFT_CLICK
2026-05-14 13:06:07,False,face,,,0.00,0.00,LEFT_CLICK
2026-05-14 13:06:07,False,face,,,0.00,0.00,LEFT_CLICK
2026-05-14 13:06:07,False,face,,,0.00,0.00,LEFT_CLICK
2026-05-14 13:06:07,False,face,,,0.00,0.00,LEFT_CLICK
2026-05-14 13:06:07,False,face,,,0.00,0.00,LEFT_CLICK
2026-05-14 13:06:07,False,face,,,0.00,0.00,LEFT_CLICK
2026-05-14 13:06:07,False,face,,,0.00,0.00,LEFT_CLICK
2026-05-14 13:06:07,False,face,,,0.00,0.00,LEFT_CLICK
2026-05-14 13:06:07,False,face,,,0.00,0.00,LEFT_CLICK
2026-05-14 13:06:07,False,face,,,0.00,0.00,LEFT_CLICK
2026-05-14 13:06:07,False,face,,,0.00,0.00,LEFT_CLICK
2026-05-14 13:06:07,False,face,,,0.00,0.00,LEFT_CLICK
2026-05-14 13:06:08,False,face,,,0.00,0.00,LEFT_CLICK
2026-05-14 13:06:08,False,face,,,0.00,0.00,LEFT_CLICK
2026-05-14 13:06:08,False,face,,,0.00,0.00,LEFT_CLICK
2026-05-14 13:06:08,False,face,,,0.00,0.00,LEFT_CLICK
2026-05-14 13:06:08,False,face,,,0.00,0.00,LEFT_CLICK
2026-05-14 13:06:08,True,face,658,322,338.00,82.00,LEFT_CLICK
2026-05-14 13:06:08,True,face,660,315,340.00,75.00,LEFT_CLICK
2026-05-14 13:06:08,True,face,649,312,329.00,72.00,LEFT_CLICK
2026-05-14 13:06:08,True,face,646,314,326.00,74.00,LEFT_CLICK
2026-05-14 13:06:08,True,face,646,314,326.00,74.00,LEFT_CLICK
2026-05-14 13:06:08,True,face,649,315,329.00,75.00,LEFT_CLICK
2026-05-14 13:06:08,True,face,661,319,341.00,79.00,LEFT_CLICK
2026-05-14 13:06:08,True,face,667,321,347.00,81.00,LEFT_CLICK
2026-05-14 13:06:09,True,face,677,327,357.00,87.00,LEFT_CLICK
2026-05-14 13:06:09,False,face,,,0.00,0.00,LEFT_CLICK
2026-05-14 13:06:09,False,face,,,0.00,0.00,LEFT_CLICK
2026-05-14 13:06:09,False,face,,,0.00,0.00,LEFT_CLICK
2026-05-14 13:06:09,False,face,,,0.00,0.00,LEFT_CLICK
2026-05-14 13:06:09,False,face,,,0.00,0.00,LEFT_CLICK
2026-05-14 13:06:09,False,face,,,0.00,0.00,LEFT_CLICK
2026-05-14 13:06:09,False,face,,,0.00,0.00,LEFT_CLICK
2026-05-14 13:06:09,False,face,,,0.00,0.00,LEFT_CLICK
2026-05-14 13:06:09,False,face,,,0.00,0.00,LEFT_CLICK
2026-05-14 13:06:09,False,face,,,0.00,0.00,LEFT_CLICK
2026-05-14 13:06:09,False,face,,,0.00,0.00,LEFT_CLICK
2026-05-14 13:06:09,False,face,,,0.00,0.00,LEFT_CLICK
2026-05-14 13:06:09,False,face,,,0.00,0.00,LEFT_CLICK
2026-05-14 13:06:09,False,face,,,0.00,0.00,LEFT_CLICK
2026-05-14 13:06:09,False,face,,,0.00,0.00,LEFT_CLICK
2026-05-14 13:06:09,False,face,,,0.00,0.00,LEFT_CLICK
2026-05-14 13:06:10,False,face,,,0.00,0.00,LEFT_CLICK
2026-05-14 13:06:10,False,face,,,0.00,0.00,LEFT_CLICK
2026-05-14 13:06:10,False,face,,,0.00,0.00,LEFT_CLICK
2026-05-14 13:06:10,False,face,,,0.00,0.00,LEFT_CLICK
2026-05-14 13:06:10,False,face,,,0.00,0.00,LEFT_CLICK
2026-05-14 13:06:10,False,face,,,0.00,0.00,LEFT_CLICK
2026-05-14 13:06:10,False,face,,,0.00,0.00,LEFT_CLICK
2026-05-14 13:06:10,False,face,,,0.00,0.00,LEFT_CLICK
2026-05-14 13:06:10,False,face,,,0.00,0.00,LEFT_CLICK
2026-05-14 13:06:10,False,face,,,0.00,0.00,LEFT_CLICK
2026-05-14 13:06:10,False,face,,,0.00,0.00,LEFT_CLICK
2026-05-14 13:06:10,False,face,,,0.00,0.00,LEFT_CLICK
2026-05-14 13:06:10,False,face,,,0.00,0.00,LEFT_CLICK
2026-05-14 13:06:10,False,face,,,0.00,0.00,LEFT_CLICK
2026-05-14 13:06:10,False,face,,,0.00,0.00,LEFT_CLICK
2026-05-14 13:06:10,False,face,,,0.00,0.00,LEFT_CLICK
2026-05-14 13:06:10,False,face,,,0.00,0.00,LEFT_CLICK
2026-05-14 13:06:10,False,face,,,0.00,0.00,LEFT_CLICK
2026-05-14 13:06:10,False,face,,,0.00,0.00,LEFT_CLICK
2026-05-14 13:06:11,False,face,,,0.00,0.00,LEFT_CLICK
2026-05-14 13:06:11,False,face,,,0.00,0.00,LEFT_CLICK
2026-05-14 13:06:11,False,face,,,0.00,0.00,LEFT_CLICK
2026-05-14 13:06:11,False,face,,,0.00,0.00,LEFT_CLICK
2026-05-14 13:06:11,False,face,,,0.00,0.00,LEFT_CLICK
2026-05-14 13:06:11,False,face,,,0.00,0.00,LEFT_CLICK
2026-05-14 13:06:11,False,face,,,0.00,0.00,LEFT_CLICK
2026-05-14 13:06:11,False,face,,,0.00,0.00,LEFT_CLICK
2026-05-14 13:06:11,False,face,,,0.00,0.00,LEFT_CLICK
2026-05-14 13:06:11,False,face,,,0.00,0.00,LEFT_CLICK
2026-05-14 13:06:11,False,face,,,0.00,0.00,LEFT_CLICK
2026-05-14 13:06:11,False,face,,,0.00,0.00,LEFT_CLICK
2026-05-14 13:06:11,False,face,,,0.00,0.00,LEFT_CLICK
2026-05-14 13:06:11,False,face,,,0.00,0.00,LEFT_CLICK
2026-05-14 13:06:11,False,face,,,0.00,0.00,LEFT_CLICK
2026-05-14 13:06:11,False,face,,,0.00,0.00,LEFT_CLICK
2026-05-14 13:06:11,False,face,,,0.00,0.00,LEFT_CLICK
2026-05-14 13:06:11,False,face,,,0.00,0.00,LEFT_CLICK
2026-05-14 13:06:11,False,face,,,0.00,0.00,LEFT_CLICK
2026-05-14 13:06:11,False,face,,,0.00,0.00,LEFT_CLICK
2026-05-14 13:06:11,False,face,,,0.00,0.00,LEFT_CLICK
2026-05-14 13:06:12,True,face,673,205,353.00,0.00,LEFT_CLICK
2026-05-14 13:06:12,False,face,,,0.00,0.00,LEFT_CLICK
2026-05-14 13:06:12,False,face,,,0.00,0.00,LEFT_CLICK
2026-05-14 13:06:12,False,face,,,0.00,0.00,LEFT_CLICK
2026-05-14 13:06:12,False,face,,,0.00,0.00,LEFT_CLICK
2026-05-14 13:06:12,False,face,,,0.00,0.00,LEFT_CLICK
2026-05-14 13:06:12,False,face,,,0.00,0.00,LEFT_CLICK
2026-05-14 13:06:12,False,face,,,0.00,0.00,LEFT_CLICK
2026-05-14 13:06:12,False,face,,,0.00,0.00,LEFT_CLICK
2026-05-14 13:06:12,False,face,,,0.00,0.00,LEFT_CLICK
2026-05-14 13:06:12,False,face,,,0.00,0.00,LEFT_CLICK
2026-05-14 13:06:12,False,face,,,0.00,0.00,LEFT_CLICK
2026-05-14 13:06:12,False,face,,,0.00,0.00,LEFT_CLICK
2026-05-14 13:06:12,False,face,,,0.00,0.00,LEFT_CLICK
2026-05-14 13:06:12,False,face,,,0.00,0.00,LEFT_CLICK
2026-05-14 13:06:12,False,face,,,0.00,0.00,LEFT_CLICK
2026-05-14 13:06:13,False,face,,,0.00,0.00,LEFT_CLICK
2026-05-14 13:06:13,False,face,,,0.00,0.00,LEFT_CLICK
2026-05-14 13:06:13,False,face,,,0.00,0.00,LEFT_CLICK
2026-05-14 13:06:13,False,face,,,0.00,0.00,LEFT_CLICK
2026-05-14 13:06:13,False,face,,,0.00,0.00,LEFT_CLICK
2026-05-14 13:06:13,False,face,,,0.00,0.00,LEFT_CLICK
2026-05-14 13:06:13,False,face,,,0.00,0.00,LEFT_CLICK
2026-05-14 13:06:13,False,face,,,0.00,0.00,LEFT_CLICK
2026-05-14 13:06:13,False,face,,,0.00,0.00,LEFT_CLICK
2026-05-14 13:06:13,False,face,,,0.00,0.00,LEFT_CLICK
2026-05-14 13:06:13,False,face,,,0.00,0.00,LEFT_CLICK
2026-05-14 13:06:13,False,face,,,0.00,0.00,LEFT_CLICK
2026-05-14 13:06:13,False,face,,,0.00,0.00,LEFT_CLICK
2026-05-14 13:06:13,False,face,,,0.00,0.00,LEFT_CLICK
2026-05-14 13:06:13,False,face,,,0.00,0.00,LEFT_CLICK
2026-05-14 13:06:13,False,face,,,0.00,0.00,LEFT_CLICK
2026-05-14 13:06:13,False,face,,,0.00,0.00,LEFT_CLICK
2026-05-14 13:06:13,False,face,,,0.00,0.00,LEFT_CLICK
2026-05-14 13:06:13,False,face,,,0.00,0.00,LEFT_CLICK
2026-05-14 13:06:13,False,face,,,0.00,0.00,LEFT_CLICK
2026-05-14 13:06:14,False,face,,,0.00,0.00,LEFT_CLICK
2026-05-14 13:06:14,False,face,,,0.00,0.00,LEFT_CLICK
2026-05-14 13:06:14,False,face,,,0.00,0.00,LEFT_CLICK
2026-05-14 13:06:14,False,face,,,0.00,0.00,LEFT_CLICK
2026-05-14 13:06:14,False,face,,,0.00,0.00,LEFT_CLICK
2026-05-14 13:06:14,False,face,,,0.00,0.00,LEFT_CLICK
2026-05-14 13:06:14,False,face,,,0.00,0.00,LEFT_CLICK
2026-05-14 13:06:14,False,face,,,0.00,0.00,LEFT_CLICK
2026-05-14 13:06:14,False,face,,,0.00,0.00,LEFT_CLICK
2026-05-14 13:06:14,False,face,,,0.00,0.00,LEFT_CLICK
2026-05-14 13:06:14,False,face,,,0.00,0.00,LEFT_CLICK
2026-05-14 13:06:14,False,face,,,0.00,0.00,LEFT_CLICK
2026-05-14 13:06:14,False,face,,,0.00,0.00,LEFT_CLICK
2026-05-14 13:06:14,False,face,,,0.00,0.00,LEFT_CLICK
2026-05-14 13:06:14,False,face,,,0.00,0.00,LEFT_CLICK
2026-05-14 13:06:14,False,face,,,0.00,0.00,LEFT_CLICK
2026-05-14 13:06:14,False,face,,,0.00,0.00,LEFT_CLICK
2026-05-14 13:06:14,False,face,,,0.00,0.00,LEFT_CLICK
2026-05-14 13:06:14,False,face,,,0.00,0.00,LEFT_CLICK
2026-05-14 13:06:14,False,face,,,0.00,0.00,LEFT_CLICK
2026-05-14 13:06:14,False,face,,,0.00,0.00,LEFT_CLICK
2026-05-14 13:06:14,False,face,,,0.00,0.00,LEFT_CLICK
2026-05-14 13:06:14,False,face,,,0.00,0.00,LEFT_CLICK
2026-05-14 13:06:15,False,face,,,0.00,0.00,LEFT_CLICK
2026-05-14 13:06:15,False,face,,,0.00,0.00,LEFT_CLICK
2026-05-14 13:06:15,False,face,,,0.00,0.00,LEFT_CLICK
2026-05-14 13:06:15,False,face,,,0.00,0.00,LEFT_CLICK
2026-05-14 13:06:15,False,face,,,0.00,0.00,LEFT_CLICK
2026-05-14 13:06:15,False,face,,,0.00,0.00,LEFT_CLICK
2026-05-14 13:06:15,False,face,,,0.00,0.00,LEFT_CLICK
2026-05-14 13:06:15,False,face,,,0.00,0.00,LEFT_CLICK
2026-05-14 13:06:15,False,face,,,0.00,0.00,LEFT_CLICK
2026-05-14 13:06:15,False,face,,,0.00,0.00,LEFT_CLICK
2026-05-14 13:06:15,False,face,,,0.00,0.00,LEFT_CLICK
2026-05-14 13:06:15,False,face,,,0.00,0.00,LEFT_CLICK
2026-05-14 13:06:15,False,face,,,0.00,0.00,LEFT_CLICK
2026-05-14 13:06:15,False,face,,,0.00,0.00,LEFT_CLICK
2026-05-14 13:06:15,False,face,,,0.00,0.00,LEFT_CLICK
2026-05-14 13:06:15,False,face,,,0.00,0.00,LEFT_CLICK
2026-05-14 13:06:15,False,face,,,0.00,0.00,LEFT_CLICK
2026-05-14 13:06:15,False,face,,,0.00,0.00,LEFT_CLICK
2026-05-14 13:06:15,False,face,,,0.00,0.00,LEFT_CLICK
2026-05-14 13:06:16,False,face,,,0.00,0.00,LEFT_CLICK
2026-05-14 13:06:16,False,face,,,0.00,0.00,LEFT_CLICK
2026-05-14 13:06:16,False,face,,,0.00,0.00,LEFT_CLICK
2026-05-14 13:06:16,False,face,,,0.00,0.00,LEFT_CLICK
2026-05-14 13:06:16,False,face,,,0.00,0.00,LEFT_CLICK
2026-05-14 13:06:16,False,face,,,0.00,0.00,LEFT_CLICK
2026-05-14 13:06:16,False,face,,,0.00,0.00,LEFT_CLICK
2026-05-14 13:06:16,False,face,,,0.00,0.00,LEFT_CLICK
2026-05-14 13:06:16,False,face,,,0.00,0.00,LEFT_CLICK
2026-05-14 13:06:16,False,face,,,0.00,0.00,LEFT_CLICK
2026-05-14 13:06:16,False,face,,,0.00,0.00,LEFT_CLICK
2026-05-14 13:06:16,False,face,,,0.00,0.00,LEFT_CLICK
2026-05-14 13:06:16,False,face,,,0.00,0.00,LEFT_CLICK
2026-05-14 13:06:16,False,face,,,0.00,0.00,LEFT_CLICK
2026-05-14 13:06:16,False,face,,,0.00,0.00,LEFT_CLICK
2026-05-14 13:06:16,False,face,,,0.00,0.00,LEFT_CLICK
2026-05-14 13:06:16,False,face,,,0.00,0.00,LEFT_CLICK
2026-05-14 13:06:16,False,face,,,0.00,0.00,LEFT_CLICK
2026-05-14 13:06:16,False,face,,,0.00,0.00,LEFT_CLICK
2026-05-14 13:06:17,False,face,,,0.00,0.00,LEFT_CLICK
2026-05-14 13:06:17,False,face,,,0.00,0.00,LEFT_CLICK
2026-05-14 13:06:17,False,face,,,0.00,0.00,LEFT_CLICK
2026-05-14 13:06:17,False,face,,,0.00,0.00,LEFT_CLICK
2026-05-14 13:06:17,False,face,,,0.00,0.00,LEFT_CLICK
2026-05-14 13:06:17,False,face,,,0.00,0.00,LEFT_CLICK
2026-05-14 13:06:17,False,face,,,0.00,0.00,LEFT_CLICK
2026-05-14 13:06:17,False,face,,,0.00,0.00,LEFT_CLICK
2026-05-14 13:06:17,False,face,,,0.00,0.00,LEFT_CLICK
2026-05-14 13:06:17,False,face,,,0.00,0.00,LEFT_CLICK
2026-05-14 13:06:17,False,face,,,0.00,0.00,LEFT_CLICK
2026-05-14 13:06:17,False,face,,,0.00,0.00,LEFT_CLICK
2026-05-14 13:06:17,False,face,,,0.00,0.00,LEFT_CLICK
2026-05-14 13:06:17,False,face,,,0.00,0.00,LEFT_CLICK
2026-05-14 13:06:17,False,face,,,0.00,0.00,LEFT_CLICK
2026-05-14 13:06:17,False,face,,,0.00,0.00,LEFT_CLICK
2026-05-14 13:06:17,False,face,,,0.00,0.00,LEFT_CLICK
2026-05-14 13:06:18,False,face,,,0.00,0.00,LEFT_CLICK
2026-05-14 13:06:18,False,face,,,0.00,0.00,LEFT_CLICK
2026-05-14 13:06:18,False,face,,,0.00,0.00,LEFT_CLICK
2026-05-14 13:06:18,False,face,,,0.00,0.00,LEFT_CLICK
2026-05-14 13:06:18,False,face,,,0.00,0.00,LEFT_CLICK
2026-05-14 13:06:18,False,face,,,0.00,0.00,LEFT_CLICK
2026-05-14 13:06:18,False,face,,,0.00,0.00,LEFT_CLICK
2026-05-14 13:06:18,False,face,,,0.00,0.00,LEFT_CLICK
2026-05-14 13:06:18,False,face,,,0.00,0.00,LEFT_CLICK
2026-05-14 13:06:18,False,face,,,0.00,0.00,LEFT_CLICK
2026-05-14 13:06:18,False,face,,,0.00,0.00,LEFT_CLICK
2026-05-14 13:06:18,False,face,,,0.00,0.00,LEFT_CLICK
2026-05-14 13:06:18,False,face,,,0.00,0.00,LEFT_CLICK
2026-05-14 13:06:18,False,face,,,0.00,0.00,LEFT_CLICK
2026-05-14 13:06:18,False,face,,,0.00,0.00,LEFT_CLICK
2026-05-14 13:06:18,False,face,,,0.00,0.00,LEFT_CLICK
2026-05-14 13:06:18,False,face,,,0.00,0.00,LEFT_CLICK
2026-05-14 13:06:18,False,face,,,0.00,0.00,LEFT_CLICK
2026-05-14 13:06:18,False,face,,,0.00,0.00,LEFT_CLICK
2026-05-14 13:06:18,False,face,,,0.00,0.00,LEFT_CLICK
2026-05-14 13:06:18,False,face,,,0.00,0.00,LEFT_CLICK
2026-05-14 13:06:18,False,face,,,0.00,0.00,LEFT_CLICK
2026-05-14 13:06:18,False,face,,,0.00,0.00,LEFT_CLICK
2026-05-14 13:06:18,False,face,,,0.00,0.00,LEFT_CLICK
2026-05-14 13:06:19,False,face,,,0.00,0.00,LEFT_CLICK
2026-05-14 13:06:19,False,face,,,0.00,0.00,LEFT_CLICK
2026-05-14 13:06:19,False,face,,,0.00,0.00,LEFT_CLICK
2026-05-14 13:06:19,False,face,,,0.00,0.00,LEFT_CLICK
2026-05-14 13:06:19,False,face,,,0.00,0.00,LEFT_CLICK
2026-05-14 13:06:19,False,face,,,0.00,0.00,LEFT_CLICK
2026-05-14 13:06:19,False,face,,,0.00,0.00,LEFT_CLICK
2026-05-14 13:06:19,False,face,,,0.00,0.00,LEFT_CLICK
2026-05-14 13:06:19,False,face,,,0.00,0.00,LEFT_CLICK
2026-05-14 13:06:19,False,face,,,0.00,0.00,LEFT_CLICK
2026-05-14 13:06:19,False,face,,,0.00,0.00,LEFT_CLICK
2026-05-14 13:06:19,False,face,,,0.00,0.00,LEFT_CLICK
2026-05-14 13:06:19,False,face,,,0.00,0.00,LEFT_CLICK
2026-05-14 13:06:19,False,face,,,0.00,0.00,LEFT_CLICK
2026-05-14 13:06:19,False,face,,,0.00,0.00,LEFT_CLICK
2026-05-14 13:06:19,False,face,,,0.00,0.00,LEFT_CLICK
2026-05-14 13:06:19,False,face,,,0.00,0.00,LEFT_CLICK
2026-05-14 13:06:19,False,face,,,0.00,0.00,LEFT_CLICK
2026-05-14 13:06:19,False,face,,,0.00,0.00,LEFT_CLICK
2026-05-14 13:06:20,False,face,,,0.00,0.00,LEFT_CLICK
2026-05-14 13:06:20,False,face,,,0.00,0.00,LEFT_CLICK
2026-05-14 13:06:20,False,face,,,0.00,0.00,LEFT_CLICK
2026-05-14 13:06:20,False,face,,,0.00,0.00,LEFT_CLICK
2026-05-14 13:06:20,False,face,,,0.00,0.00,LEFT_CLICK
2026-05-14 13:06:20,False,face,,,0.00,0.00,LEFT_CLICK
2026-05-14 13:06:20,False,face,,,0.00,0.00,LEFT_CLICK
2026-05-14 13:06:20,False,face,,,0.00,0.00,LEFT_CLICK
2026-05-14 13:06:20,False,face,,,0.00,0.00,LEFT_CLICK
2026-05-14 13:06:20,False,face,,,0.00,0.00,LEFT_CLICK
2026-05-14 13:06:20,False,face,,,0.00,0.00,LEFT_CLICK
2026-05-14 13:06:20,False,face,,,0.00,0.00,LEFT_CLICK
2026-05-14 13:06:20,False,face,,,0.00,0.00,LEFT_CLICK
2026-05-14 13:06:20,False,face,,,0.00,0.00,LEFT_CLICK
2026-05-14 13:06:20,False,face,,,0.00,0.00,LEFT_CLICK
2026-05-14 13:06:20,False,face,,,0.00,0.00,LEFT_CLICK
2026-05-14 13:06:20,False,face,,,0.00,0.00,LEFT_CLICK
2026-05-14 13:06:20,False,face,,,0.00,0.00,LEFT_CLICK
2026-05-14 13:06:20,False,face,,,0.00,0.00,LEFT_CLICK
2026-05-14 13:06:20,False,face,,,0.00,0.00,LEFT_CLICK
2026-05-14 13:06:20,False,face,,,0.00,0.00,LEFT_CLICK
2026-05-14 13:06:21,False,face,,,0.00,0.00,LEFT_CLICK
2026-05-14 13:06:21,False,face,,,0.00,0.00,LEFT_CLICK
2026-05-14 13:06:21,False,face,,,0.00,0.00,LEFT_CLICK
2026-05-14 13:06:21,False,face,,,0.00,0.00,LEFT_CLICK
2026-05-14 13:06:21,False,face,,,0.00,0.00,LEFT_CLICK
2026-05-14 13:06:21,False,face,,,0.00,0.00,LEFT_CLICK
2026-05-14 13:06:21,False,face,,,0.00,0.00,LEFT_CLICK
2026-05-14 13:06:21,False,face,,,0.00,0.00,LEFT_CLICK
2026-05-14 13:06:21,False,face,,,0.00,0.00,LEFT_CLICK
2026-05-14 13:06:21,False,face,,,0.00,0.00,LEFT_CLICK
2026-05-14 13:06:21,False,face,,,0.00,0.00,LEFT_CLICK
2026-05-14 13:06:21,False,face,,,0.00,0.00,LEFT_CLICK
2026-05-14 13:06:21,False,face,,,0.00,0.00,LEFT_CLICK
2026-05-14 13:06:21,False,face,,,0.00,0.00,LEFT_CLICK
2026-05-14 13:06:21,False,face,,,0.00,0.00,LEFT_CLICK
2026-05-14 13:06:21,False,face,,,0.00,0.00,LEFT_CLICK
2026-05-14 13:06:21,False,face,,,0.00,0.00,LEFT_CLICK
2026-05-14 13:06:21,False,face,,,0.00,0.00,LEFT_CLICK
2026-05-14 13:06:21,False,face,,,0.00,0.00,LEFT_CLICK
2026-05-14 13:06:21,False,face,,,0.00,0.00,LEFT_CLICK
2026-05-14 13:06:21,False,face,,,0.00,0.00,LEFT_CLICK
2026-05-14 13:06:21,False,face,,,0.00,0.00,LEFT_CLICK
2026-05-14 13:06:21,False,face,,,0.00,0.00,LEFT_CLICK
2026-05-14 13:06:22,False,face,,,0.00,0.00,LEFT_CLICK
2026-05-14 13:06:22,False,face,,,0.00,0.00,LEFT_CLICK
2026-05-14 13:06:22,False,face,,,0.00,0.00,LEFT_CLICK
2026-05-14 13:06:22,False,face,,,0.00,0.00,LEFT_CLICK
2026-05-14 13:06:22,False,face,,,0.00,0.00,LEFT_CLICK
2026-05-14 13:06:22,False,face,,,0.00,0.00,LEFT_CLICK
2026-05-14 13:06:22,False,face,,,0.00,0.00,LEFT_CLICK
2026-05-14 13:06:22,False,face,,,0.00,0.00,LEFT_CLICK
2026-05-14 13:06:22,False,face,,,0.00,0.00,LEFT_CLICK
2026-05-14 13:06:22,False,face,,,0.00,0.00,LEFT_CLICK
2026-05-14 13:06:22,False,face,,,0.00,0.00,LEFT_CLICK
2026-05-14 13:06:22,False,face,,,0.00,0.00,LEFT_CLICK
2026-05-14 13:06:22,False,face,,,0.00,0.00,LEFT_CLICK
2026-05-14 13:06:23,False,face,,,0.00,0.00,LEFT_CLICK
2026-05-14 13:06:23,False,face,,,0.00,0.00,LEFT_CLICK
2026-05-14 13:06:23,False,face,,,0.00,0.00,LEFT_CLICK
2026-05-14 13:06:23,False,face,,,0.00,0.00,LEFT_CLICK
2026-05-14 13:06:23,False,face,,,0.00,0.00,LEFT_CLICK
2026-05-14 13:06:23,False,face,,,0.00,0.00,LEFT_CLICK
2026-05-14 13:06:23,False,face,,,0.00,0.00,LEFT_CLICK
2026-05-14 13:06:23,False,face,,,0.00,0.00,LEFT_CLICK
2026-05-14 13:06:23,False,face,,,0.00,0.00,LEFT_CLICK
2026-05-14 13:06:23,False,face,,,0.00,0.00,LEFT_CLICK
2026-05-14 13:06:23,False,face,,,0.00,0.00,LEFT_CLICK
2026-05-14 13:06:23,False,face,,,0.00,0.00,LEFT_CLICK
2026-05-14 13:06:23,False,face,,,0.00,0.00,LEFT_CLICK
2026-05-14 13:06:23,False,face,,,0.00,0.00,LEFT_CLICK
2026-05-14 13:06:23,False,face,,,0.00,0.00,LEFT_CLICK
2026-05-14 13:06:23,False,face,,,0.00,0.00,LEFT_CLICK
2026-05-14 13:06:23,False,face,,,0.00,0.00,LEFT_CLICK
2026-05-14 13:06:24,False,face,,,0.00,0.00,LEFT_CLICK
2026-05-14 13:06:24,False,face,,,0.00,0.00,LEFT_CLICK
2026-05-14 13:06:24,False,face,,,0.00,0.00,LEFT_CLICK
2026-05-14 13:06:24,False,face,,,0.00,0.00,LEFT_CLICK
2026-05-14 13:06:24,False,face,,,0.00,0.00,LEFT_CLICK
2026-05-14 13:06:24,False,face,,,0.00,0.00,LEFT_CLICK
2026-05-14 13:06:24,False,face,,,0.00,0.00,LEFT_CLICK
2026-05-14 13:06:24,False,face,,,0.00,0.00,LEFT_CLICK
2026-05-14 13:06:24,False,face,,,0.00,0.00,LEFT_CLICK
2026-05-14 13:06:25,False,face,,,0.00,0.00,LEFT_CLICK
2026-05-14 13:06:25,False,face,,,0.00,0.00,LEFT_CLICK
2026-05-14 13:06:25,False,face,,,0.00,0.00,LEFT_CLICK
2026-05-14 13:06:25,False,face,,,0.00,0.00,LEFT_CLICK
2026-05-14 13:06:25,False,face,,,0.00,0.00,LEFT_CLICK
2026-05-14 13:06:25,False,face,,,0.00,0.00,LEFT_CLICK
2026-05-14 13:06:25,False,face,,,0.00,0.00,LEFT_CLICK
2026-05-14 13:06:25,False,face,,,0.00,0.00,LEFT_CLICK
2026-05-14 13:06:25,False,face,,,0.00,0.00,LEFT_CLICK
2026-05-14 13:06:25,False,face,,,0.00,0.00,LEFT_CLICK
2026-05-14 13:06:25,False,face,,,0.00,0.00,LEFT_CLICK
2026-05-14 13:06:26,False,face,,,0.00,0.00,LEFT_CLICK
2026-05-14 13:06:26,False,face,,,0.00,0.00,LEFT_CLICK
2026-05-14 13:06:26,False,face,,,0.00,0.00,LEFT_CLICK
2026-05-14 13:06:26,False,face,,,0.00,0.00,LEFT_CLICK
2026-05-14 13:06:26,False,face,,,0.00,0.00,LEFT_CLICK
2026-05-14 13:06:26,False,face,,,0.00,0.00,LEFT_CLICK
2026-05-14 13:06:26,False,face,,,0.00,0.00,LEFT_CLICK
2026-05-14 13:06:26,False,face,,,0.00,0.00,LEFT_CLICK
2026-05-14 13:06:26,False,face,,,0.00,0.00,LEFT_CLICK
2026-05-14 13:06:26,False,face,,,0.00,0.00,LEFT_CLICK
2026-05-14 13:06:27,False,face,,,0.00,0.00,LEFT_CLICK
2026-05-14 13:06:27,False,face,,,0.00,0.00,LEFT_CLICK
2026-05-14 13:06:27,False,face,,,0.00,0.00,LEFT_CLICK
2026-05-14 13:06:27,False,face,,,0.00,0.00,LEFT_CLICK
2026-05-14 13:06:27,False,face,,,0.00,0.00,LEFT_CLICK
2026-05-14 13:06:27,False,face,,,0.00,0.00,LEFT_CLICK
2026-05-14 13:06:27,False,face,,,0.00,0.00,LEFT_CLICK
2026-05-14 13:06:27,False,face,,,0.00,0.00,LEFT_CLICK
2026-05-14 13:06:27,False,face,,,0.00,0.00,LEFT_CLICK
2026-05-14 13:06:27,False,face,,,0.00,0.00,LEFT_CLICK
2026-05-14 13:06:28,False,face,,,0.00,0.00,LEFT_CLICK
2026-05-14 13:06:28,False,face,,,0.00,0.00,LEFT_CLICK
2026-05-14 13:06:28,False,face,,,0.00,0.00,LEFT_CLICK
2026-05-14 13:06:28,False,face,,,0.00,0.00,LEFT_CLICK
2026-05-14 13:06:28,False,face,,,0.00,0.00,LEFT_CLICK
2026-05-14 13:06:28,False,face,,,0.00,0.00,LEFT_CLICK
2026-05-14 13:06:28,False,face,,,0.00,0.00,LEFT_CLICK
2026-05-14 13:06:28,False,face,,,0.00,0.00,LEFT_CLICK
2026-05-14 13:06:28,False,face,,,0.00,0.00,LEFT_CLICK
2026-05-14 13:06:28,False,face,,,0.00,0.00,LEFT_CLICK
2026-05-14 13:06:29,False,face,,,0.00,0.00,LEFT_CLICK
2026-05-14 13:06:29,False,face,,,0.00,0.00,LEFT_CLICK
2026-05-14 13:06:29,False,face,,,0.00,0.00,LEFT_CLICK
2026-05-14 13:06:29,False,face,,,0.00,0.00,LEFT_CLICK
2026-05-14 13:06:29,False,face,,,0.00,0.00,LEFT_CLICK
2026-05-14 13:06:29,False,face,,,0.00,0.00,LEFT_CLICK
2026-05-14 13:06:29,False,face,,,0.00,0.00,LEFT_CLICK
2026-05-14 13:06:29,False,face,,,0.00,0.00,LEFT_CLICK
2026-05-14 13:06:29,False,face,,,0.00,0.00,LEFT_CLICK
2026-05-14 13:06:30,False,face,,,0.00,0.00,LEFT_CLICK
2026-05-14 13:06:30,False,face,,,0.00,0.00,LEFT_CLICK
2026-05-14 13:06:30,False,face,,,0.00,0.00,LEFT_CLICK
2026-05-14 13:06:30,False,face,,,0.00,0.00,LEFT_CLICK
2026-05-14 13:06:30,False,face,,,0.00,0.00,LEFT_CLICK
2026-05-14 13:06:30,False,face,,,0.00,0.00,LEFT_CLICK
2026-05-14 13:06:30,False,face,,,0.00,0.00,LEFT_CLICK
2026-05-14 13:06:30,False,face,,,0.00,0.00,LEFT_CLICK
2026-05-14 13:06:30,False,face,,,0.00,0.00,LEFT_CLICK
2026-05-14 13:06:30,False,face,,,0.00,0.00,LEFT_CLICK
2026-05-14 13:06:30,False,face,,,0.00,0.00,LEFT_CLICK
2026-05-14 13:06:31,False,face,,,0.00,0.00,LEFT_CLICK
2026-05-14 13:06:31,False,face,,,0.00,0.00,LEFT_CLICK
2026-05-14 13:06:31,False,face,,,0.00,0.00,LEFT_CLICK
2026-05-14 13:06:31,False,face,,,0.00,0.00,LEFT_CLICK
2026-05-14 13:06:31,False,face,,,0.00,0.00,LEFT_CLICK
2026-05-14 13:06:31,False,face,,,0.00,0.00,LEFT_CLICK
2026-05-14 13:06:31,False,face,,,0.00,0.00,LEFT_CLICK
2026-05-14 13:06:31,False,face,,,0.00,0.00,LEFT_CLICK
2026-05-14 13:06:31,False,face,,,0.00,0.00,LEFT_CLICK
2026-05-14 13:06:32,False,face,,,0.00,0.00,LEFT_CLICK
2026-05-14 13:06:32,False,face,,,0.00,0.00,LEFT_CLICK
2026-05-14 13:06:32,False,face,,,0.00,0.00,LEFT_CLICK
2026-05-14 13:06:32,False,face,,,0.00,0.00,LEFT_CLICK
2026-05-14 13:06:32,False,face,,,0.00,0.00,LEFT_CLICK
2026-05-14 13:06:32,False,face,,,0.00,0.00,LEFT_CLICK
2026-05-14 13:06:32,False,face,,,0.00,0.00,LEFT_CLICK
2026-05-14 13:06:32,False,face,,,0.00,0.00,LEFT_CLICK
2026-05-14 13:06:32,False,face,,,0.00,0.00,LEFT_CLICK
2026-05-14 13:06:32,False,face,,,0.00,0.00,LEFT_CLICK
2026-05-14 13:06:32,True,face,315,129,0.00,-111.00,LEFT_CLICK
2026-05-14 13:06:33,False,face,,,0.00,0.00,LEFT_CLICK
2026-05-14 13:06:33,True,face,298,218,0.00,0.00,LEFT_CLICK
2026-05-14 13:06:33,True,face,309,216,0.00,0.00,LEFT_CLICK
2026-05-14 13:06:33,True,face,316,197,0.00,-43.00,LEFT_CLICK
2026-05-14 13:06:33,True,face,323,157,0.00,-83.00,LEFT_CLICK
2026-05-14 13:06:33,True,face,327,167,0.00,-73.00,LEFT_CLICK
2026-05-14 13:06:33,True,face,340,155,0.00,-85.00,LEFT_CLICK
2026-05-14 13:06:33,True,face,343,146,0.00,-94.00,LEFT_CLICK
2026-05-14 13:06:33,True,face,353,169,0.00,-71.00,LEFT_CLICK
2026-05-14 13:06:34,True,face,355,170,0.00,-70.00,LEFT_CLICK
2026-05-14 13:06:34,True,face,355,164,0.00,-76.00,LEFT_CLICK
2026-05-14 13:06:34,True,face,356,156,0.00,-84.00,LEFT_CLICK
2026-05-14 13:06:34,True,face,362,167,0.00,-73.00,LEFT_CLICK
2026-05-14 13:06:34,True,face,365,168,0.00,-72.00,LEFT_CLICK
2026-05-14 13:06:34,True,face,369,168,49.00,-72.00,LEFT_CLICK
2026-05-14 13:06:34,True,face,373,168,53.00,-72.00,LEFT_CLICK
2026-05-14 13:06:34,True,face,373,168,53.00,-72.00,LEFT_CLICK
2026-05-14 13:06:34,True,face,373,167,53.00,-73.00,LEFT_CLICK
2026-05-14 13:06:34,True,face,373,165,53.00,-75.00,LEFT_CLICK
2026-05-14 13:06:34,True,face,373,165,53.00,-75.00,LEFT_CLICK
2026-05-14 13:06:35,True,face,373,163,53.00,-77.00,LEFT_CLICK
2026-05-14 13:06:35,True,face,373,161,53.00,-79.00,LEFT_CLICK
2026-05-14 13:06:35,True,face,373,160,53.00,-80.00,LEFT_CLICK
2026-05-14 13:06:35,True,face,375,160,55.00,-80.00,LEFT_CLICK
2026-05-14 13:06:35,True,face,375,159,55.00,-81.00,LEFT_CLICK
2026-05-14 13:06:35,True,face,375,158,55.00,-82.00,LEFT_CLICK
2026-05-14 13:06:35,True,face,375,157,55.00,-83.00,LEFT_CLICK
2026-05-14 13:06:36,True,face,375,157,55.00,-83.00,LEFT_CLICK
2026-05-14 13:06:36,True,face,374,156,54.00,-84.00,LEFT_CLICK
2026-05-14 13:06:36,True,face,374,156,54.00,-84.00,LEFT_CLICK
2026-05-14 13:06:36,True,face,374,156,54.00,-84.00,LEFT_CLICK
2026-05-14 13:06:36,True,face,374,156,54.00,-84.00,LEFT_CLICK
2026-05-14 13:06:36,True,face,374,156,54.00,-84.00,LEFT_CLICK
2026-05-14 13:06:36,True,face,371,155,51.00,-85.00,LEFT_CLICK
2026-05-14 13:06:36,True,face,371,155,51.00,-85.00,LEFT_CLICK
2026-05-14 13:06:36,True,face,372,155,52.00,-85.00,LEFT_CLICK
2026-05-14 13:06:36,True,face,373,155,53.00,-85.00,LEFT_CLICK
2026-05-14 13:06:36,True,face,373,154,53.00,-86.00,LEFT_CLICK
2026-05-14 13:06:36,True,face,374,154,54.00,-86.00,LEFT_CLICK
2026-05-14 13:06:37,True,face,374,153,54.00,-87.00,LEFT_CLICK
2026-05-14 13:06:37,True,face,375,153,55.00,-87.00,LEFT_CLICK
2026-05-14 13:06:37,True,face,375,152,55.00,-88.00,LEFT_CLICK
2026-05-14 13:06:37,True,face,375,152,55.00,-88.00,LEFT_CLICK
2026-05-14 13:06:37,True,face,375,152,55.00,-88.00,LEFT_CLICK
2026-05-14 13:06:37,True,face,374,152,54.00,-88.00,LEFT_CLICK
2026-05-14 13:06:37,True,face,374,151,54.00,-89.00,LEFT_CLICK
2026-05-14 13:06:37,True,face,370,151,50.00,-89.00,LEFT_CLICK
2026-05-14 13:06:37,True,face,367,151,47.00,-89.00,LEFT_CLICK
2026-05-14 13:06:37,True,face,367,150,47.00,-90.00,LEFT_CLICK
2026-05-14 13:06:37,True,face,367,150,47.00,-90.00,LEFT_CLICK
2026-05-14 13:06:38,True,face,366,150,46.00,-90.00,LEFT_CLICK
2026-05-14 13:06:38,True,face,363,150,0.00,-90.00,LEFT_CLICK
2026-05-14 13:06:47,False,face,,,0.00,0.00,
2026-05-14 13:06:48,False,face,,,0.00,0.00,
2026-05-14 13:06:48,False,face,,,0.00,0.00,
2026-05-14 13:06:48,False,face,,,0.00,0.00,
2026-05-14 13:06:48,False,face,,,0.00,0.00,
2026-05-14 13:06:48,False,face,,,0.00,0.00,
2026-05-14 13:06:48,False,face,,,0.00,0.00,
2026-05-14 13:06:48,False,face,,,0.00,0.00,
2026-05-14 13:06:48,False,face,,,0.00,0.00,
2026-05-14 13:06:48,False,face,,,0.00,0.00,
2026-05-14 13:06:48,False,face,,,0.00,0.00,
2026-05-14 13:06:48,False,face,,,0.00,0.00,
2026-05-14 13:06:49,False,face,,,0.00,0.00,
2026-05-14 13:06:49,False,face,,,0.00,0.00,LEFT_CLICK
2026-05-14 13:06:49,False,face,,,0.00,0.00,
2026-05-14 13:06:49,False,face,,,0.00,0.00,
2026-05-14 13:06:49,False,face,,,0.00,0.00,
2026-05-14 13:06:49,False,face,,,0.00,0.00,
2026-05-14 13:06:49,False,face,,,0.00,0.00,
2026-05-14 13:06:49,False,face,,,0.00,0.00,
2026-05-14 13:06:49,False,face,,,0.00,0.00,
2026-05-14 13:06:49,False,face,,,0.00,0.00,
2026-05-14 13:06:50,False,face,,,0.00,0.00,
2026-05-14 13:06:50,True,face,617,198,297.00,-42.00,
2026-05-14 13:06:50,True,face,561,189,241.00,-51.00,
2026-05-14 13:06:50,True,face,519,189,199.00,-51.00,
2026-05-14 13:06:50,True,face,488,189,168.00,-51.00,
2026-05-14 13:06:50,True,face,463,189,143.00,-51.00,
2026-05-14 13:06:50,True,face,431,190,111.00,-50.00,
2026-05-14 13:06:51,True,face,422,189,102.00,-51.00,
2026-05-14 13:06:51,True,face,417,189,97.00,-51.00,
2026-05-14 13:06:51,True,face,415,189,95.00,-51.00,
2026-05-14 13:06:51,True,face,414,189,94.00,-51.00,
2026-05-14 13:06:51,True,face,393,186,73.00,-54.00,
2026-05-14 13:06:51,True,face,365,175,0.00,-65.00,
2026-05-14 13:06:52,True,face,330,165,0.00,-75.00,
2026-05-14 13:06:52,True,face,316,160,0.00,-80.00,
2026-05-14 13:06:52,True,face,301,157,0.00,-83.00,
2026-05-14 13:06:52,True,face,296,159,0.00,-81.00,LEFT_CLICK
2026-05-14 13:06:52,True,face,301,160,0.00,-80.00,
2026-05-14 13:06:52,True,face,312,160,0.00,-80.00,
2026-05-14 13:06:53,True,face,331,158,0.00,-82.00,
2026-05-14 13:06:53,True,face,336,156,0.00,-84.00,
2026-05-14 13:06:53,True,face,339,155,0.00,-85.00,
2026-05-14 13:06:53,True,face,340,155,0.00,-85.00,
2026-05-14 13:06:53,True,face,340,154,0.00,-86.00,
2026-05-14 13:06:53,True,face,340,153,0.00,-87.00,
2026-05-14 13:06:53,True,face,340,153,0.00,-87.00,
2026-05-14 13:06:53,True,face,339,153,0.00,-87.00,
2026-05-14 13:06:54,True,face,338,153,0.00,-87.00,
2026-05-14 13:06:54,True,face,340,153,0.00,-87.00,
2026-05-14 13:06:54,True,face,339,153,0.00,-87.00,
2026-05-14 13:06:54,True,face,337,154,0.00,-86.00,
2026-05-14 13:06:54,True,face,332,156,0.00,-84.00,
2026-05-14 13:06:54,True,face,328,162,0.00,-78.00,
2026-05-14 13:06:55,True,face,323,165,0.00,-75.00,
2026-05-14 13:06:55,True,face,322,165,0.00,-75.00,
2026-05-14 13:06:55,True,face,318,168,0.00,-72.00,
2026-05-14 13:06:55,True,face,317,171,0.00,-69.00,
2026-05-14 13:06:55,True,face,317,172,0.00,-68.00,
2026-05-14 13:06:55,True,face,320,171,0.00,-69.00,
2026-05-14 13:06:55,True,face,322,171,0.00,-69.00,
2026-05-14 13:06:56,True,face,325,166,0.00,-74.00,
2026-05-14 13:06:56,True,face,319,162,0.00,-78.00,
2026-05-14 13:06:56,True,face,318,162,0.00,-78.00,
2026-05-14 13:06:56,True,face,318,162,0.00,-78.00,
2026-05-14 13:06:56,True,face,315,169,0.00,-71.00,
2026-05-14 13:06:56,True,face,316,169,0.00,-71.00,
2026-05-14 13:06:57,True,face,319,169,0.00,-71.00,LEFT_CLICK
2026-05-14 13:06:57,True,face,330,169,0.00,-71.00,
2026-05-14 13:06:57,True,face,336,167,0.00,-73.00,LEFT_CLICK
2026-05-14 13:06:57,True,face,337,166,0.00,-74.00,
2026-05-14 13:06:57,True,face,337,166,0.00,-74.00,
2026-05-14 13:06:57,True,face,318,168,0.00,-72.00,
2026-05-14 13:06:58,True,face,252,175,-68.00,-65.00,
2026-05-14 13:06:58,True,face,234,180,-86.00,-60.00,
2026-05-14 13:06:58,True,face,222,188,-98.00,-52.00,
2026-05-14 13:06:58,True,face,214,194,-106.00,-46.00,
2026-05-14 13:06:58,True,face,213,193,-107.00,-47.00,
2026-05-14 13:06:58,True,face,216,195,-104.00,-45.00,
2026-05-14 13:06:59,True,face,234,188,-86.00,-52.00,
2026-05-14 13:06:59,True,face,289,174,0.00,-66.00,
2026-05-14 13:06:59,True,face,377,172,57.00,-68.00,
2026-05-14 13:06:59,True,face,399,173,79.00,-67.00,
2026-05-14 13:06:59,True,face,413,174,93.00,-66.00,
2026-05-14 13:06:59,True,face,423,177,103.00,-63.00,
2026-05-14 13:06:59,True,face,429,177,109.00,-63.00,
2026-05-14 13:07:00,True,face,430,177,110.00,-63.00,
2026-05-14 13:07:00,True,face,430,178,110.00,-62.00,
2026-05-14 13:07:00,True,face,416,175,96.00,-65.00,
2026-05-14 13:07:00,True,face,387,174,67.00,-66.00,
2026-05-14 13:07:00,True,face,374,171,54.00,-69.00,
2026-05-14 13:07:00,True,face,370,170,50.00,-70.00,
2026-05-14 13:07:00,True,face,369,169,49.00,-71.00,
2026-05-14 13:07:01,True,face,368,169,48.00,-71.00,
2026-05-14 13:07:01,True,face,367,169,47.00,-71.00,
2026-05-14 13:07:01,True,face,362,167,0.00,-73.00,
2026-05-14 13:07:01,True,face,358,166,0.00,-74.00,
2026-05-14 13:07:01,True,face,357,165,0.00,-75.00,
2026-05-14 13:07:01,True,face,358,165,0.00,-75.00,
2026-05-14 13:07:02,True,face,358,165,0.00,-75.00,
2026-05-14 13:07:02,True,face,360,165,0.00,-75.00,
2026-05-14 13:07:02,True,face,362,166,0.00,-74.00,
2026-05-14 13:07:02,True,face,363,167,0.00,-73.00,
2026-05-14 13:07:02,True,face,364,167,0.00,-73.00,
2026-05-14 13:07:02,True,face,362,168,0.00,-72.00,
2026-05-14 13:07:03,True,face,361,167,0.00,-73.00,
2026-05-14 13:07:03,True,face,362,167,0.00,-73.00,
2026-05-14 13:07:03,True,face,364,167,0.00,-73.00,
2026-05-14 13:07:03,True,face,365,166,0.00,-74.00,
2026-05-14 13:07:03,True,face,367,165,47.00,-75.00,
2026-05-14 13:07:03,True,face,369,164,49.00,-76.00,
2026-05-14 13:07:03,True,face,370,163,50.00,-77.00,
2026-05-14 13:07:04,True,face,372,163,52.00,-77.00,
2026-05-14 13:07:04,True,face,372,162,52.00,-78.00,
2026-05-14 13:07:04,True,face,371,162,51.00,-78.00,
2026-05-14 13:07:04,True,face,368,159,48.00,-81.00,
2026-05-14 13:07:04,True,face,366,159,46.00,-81.00,
2026-05-14 13:07:04,True,face,364,159,0.00,-81.00,
2026-05-14 13:07:04,True,face,364,158,0.00,-82.00,
2026-05-14 13:07:05,True,face,364,156,0.00,-84.00,
2026-05-14 13:07:05,True,face,365,155,0.00,-85.00,
2026-05-14 13:07:05,True,face,367,157,47.00,-83.00,
2026-05-14 13:07:05,True,face,368,158,48.00,-82.00,
2026-05-14 13:07:05,True,face,369,159,49.00,-81.00,
2026-05-14 13:07:05,True,face,368,158,48.00,-82.00,LEFT_CLICK
2026-05-14 13:07:06,True,face,358,155,0.00,-85.00,LEFT_CLICK
2026-05-14 13:07:06,True,face,354,154,0.00,-86.00,
2026-05-14 13:07:06,True,face,351,154,0.00,-86.00,
2026-05-14 13:07:06,True,face,351,154,0.00,-86.00,
2026-05-14 13:07:06,True,face,347,157,0.00,-83.00,
2026-05-14 13:07:06,True,face,338,177,0.00,-63.00,
2026-05-14 13:07:07,True,face,331,212,0.00,0.00,
2026-05-14 13:07:07,True,face,329,236,0.00,0.00,
2026-05-14 13:07:07,True,face,330,240,0.00,0.00,
2026-05-14 13:07:07,True,face,332,237,0.00,0.00,
2026-05-14 13:07:07,True,face,339,236,0.00,0.00,
2026-05-14 13:07:07,True,face,345,236,0.00,0.00,
2026-05-14 13:07:07,True,face,386,230,66.00,0.00,
2026-05-14 13:07:07,True,face,399,223,79.00,0.00,
2026-05-14 13:07:08,True,face,412,217,92.00,0.00,
2026-05-14 13:07:08,True,face,416,211,96.00,0.00,
2026-05-14 13:07:08,True,face,419,203,99.00,-37.00,LEFT_CLICK
2026-05-14 13:07:08,True,face,429,195,109.00,-45.00,
2026-05-14 13:07:08,True,face,431,189,111.00,-51.00,LEFT_CLICK
2026-05-14 13:07:08,True,face,382,182,62.00,-58.00,
2026-05-14 13:07:09,True,face,295,185,0.00,-55.00,LEFT_CLICK
2026-05-14 13:07:09,True,face,242,196,-78.00,-44.00,
2026-05-14 13:07:09,True,face,233,198,-87.00,-42.00,
2026-05-14 13:07:09,True,face,230,204,-90.00,-36.00,
2026-05-14 13:07:09,True,face,233,204,-87.00,-36.00,
2026-05-14 13:07:10,True,face,235,203,-85.00,-37.00,
2026-05-14 13:07:10,True,face,239,202,-81.00,-38.00,
2026-05-14 13:07:10,True,face,237,202,-83.00,-38.00,
2026-05-14 13:07:10,True,face,234,202,-86.00,-38.00,
2026-05-14 13:07:10,True,face,232,202,-88.00,-38.00,
2026-05-14 13:07:10,True,face,232,202,-88.00,-38.00,
2026-05-14 13:07:10,True,face,239,201,-81.00,-39.00,
2026-05-14 13:07:11,True,face,244,203,-76.00,-37.00,
2026-05-14 13:07:11,True,face,266,227,-54.00,0.00,
2026-05-14 13:07:11,True,face,303,281,0.00,41.00,
2026-05-14 13:07:11,True,face,304,288,0.00,48.00,
2026-05-14 13:07:11,True,face,312,287,0.00,47.00,
2026-05-14 13:07:11,True,face,320,291,0.00,51.00,
2026-05-14 13:07:11,True,face,325,293,0.00,53.00,
2026-05-14 13:07:12,True,face,332,293,0.00,53.00,
2026-05-14 13:07:12,True,face,338,295,0.00,55.00,
2026-05-14 13:07:12,True,face,342,296,0.00,56.00,
2026-05-14 13:07:12,True,face,348,290,0.00,50.00,
2026-05-14 13:07:12,True,face,351,288,0.00,48.00,
2026-05-14 13:07:12,True,face,351,288,0.00,48.00,
2026-05-14 13:07:12,True,face,351,287,0.00,47.00,
2026-05-14 13:07:13,True,face,350,284,0.00,44.00,
2026-05-14 13:07:13,True,face,350,280,0.00,40.00,
2026-05-14 13:07:13,True,face,350,280,0.00,40.00,
2026-05-14 13:07:13,True,face,350,278,0.00,38.00,
2026-05-14 13:07:13,True,face,351,276,0.00,36.00,
2026-05-14 13:07:13,True,face,350,275,0.00,0.00,
2026-05-14 13:07:14,True,face,349,263,0.00,0.00,
2026-05-14 13:07:14,True,face,350,250,0.00,0.00,
2026-05-14 13:07:14,True,face,354,243,0.00,0.00,
2026-05-14 13:07:14,True,face,355,241,0.00,0.00,
2026-05-14 13:07:14,True,face,355,225,0.00,0.00,
2026-05-14 13:07:14,True,face,353,212,0.00,0.00,
2026-05-14 13:07:14,True,face,354,202,0.00,-38.00,
2026-05-14 13:07:15,True,face,359,199,0.00,-41.00,
2026-05-14 13:07:15,True,face,365,197,0.00,-43.00,
2026-05-14 13:07:15,True,face,376,197,56.00,-43.00,
2026-05-14 13:07:15,True,face,380,197,60.00,-43.00,
2026-05-14 13:07:15,True,face,383,195,63.00,-45.00,
2026-05-14 13:07:15,True,face,384,193,64.00,-47.00,
2026-05-14 13:07:15,True,face,385,196,65.00,-44.00,
2026-05-14 13:07:16,True,face,389,206,69.00,0.00,
2026-05-14 13:07:16,True,face,400,220,80.00,0.00,
2026-05-14 13:07:16,True,face,412,235,92.00,0.00,
2026-05-14 13:07:16,True,face,414,240,94.00,0.00,
2026-05-14 13:07:16,True,face,413,242,93.00,0.00,
2026-05-14 13:07:16,True,face,412,240,92.00,0.00,
2026-05-14 13:07:17,True,face,404,227,84.00,0.00,
2026-05-14 13:07:17,True,face,398,220,78.00,0.00,
2026-05-14 13:07:17,True,face,379,207,59.00,0.00,
2026-05-14 13:07:17,True,face,362,198,0.00,-42.00,
2026-05-14 13:07:17,True,face,356,193,0.00,-47.00,
2026-05-14 13:07:17,True,face,322,180,0.00,-60.00,
2026-05-14 13:07:17,True,face,312,177,0.00,-63.00,
2026-05-14 13:07:18,True,face,312,175,0.00,-65.00,
2026-05-14 13:07:18,True,face,313,174,0.00,-66.00,
2026-05-14 13:07:18,True,face,318,173,0.00,-67.00,
2026-05-14 13:07:18,True,face,332,172,0.00,-68.00,
2026-05-14 13:07:18,True,face,341,172,0.00,-68.00,
2026-05-14 13:07:18,True,face,351,173,0.00,-67.00,
2026-05-14 13:07:18,True,face,361,174,0.00,-66.00,
2026-05-14 13:07:19,True,face,364,175,0.00,-65.00,
2026-05-14 13:07:19,True,face,366,176,46.00,-64.00,
2026-05-14 13:07:19,True,face,365,177,0.00,-63.00,
2026-05-14 13:07:19,True,face,362,179,0.00,-61.00,
2026-05-14 13:07:19,True,face,353,182,0.00,-58.00,
2026-05-14 13:07:19,True,face,340,183,0.00,-57.00,
2026-05-14 13:07:20,True,face,338,185,0.00,-55.00,
2026-05-14 13:07:20,True,face,331,190,0.00,-50.00,
2026-05-14 13:07:20,True,face,331,195,0.00,-45.00,
2026-05-14 13:07:20,True,face,339,200,0.00,-40.00,
2026-05-14 13:07:20,True,face,349,197,0.00,-43.00,
2026-05-14 13:07:20,True,face,351,196,0.00,-44.00,
2026-05-14 13:07:20,True,face,356,191,0.00,-49.00,
2026-05-14 13:07:21,True,face,365,182,0.00,-58.00,
2026-05-14 13:07:21,True,face,370,178,50.00,-62.00,
2026-05-14 13:07:21,True,face,372,176,52.00,-64.00,
2026-05-14 13:07:21,True,face,373,176,53.00,-64.00,
2026-05-14 13:07:21,True,face,375,175,55.00,-65.00,
2026-05-14 13:07:21,True,face,373,172,53.00,-68.00,
2026-05-14 13:07:21,True,face,367,171,47.00,-69.00,
2026-05-14 13:07:22,True,face,363,171,0.00,-69.00,
2026-05-14 13:07:22,True,face,363,171,0.00,-69.00,
2026-05-14 13:07:22,True,face,362,172,0.00,-68.00,
2026-05-14 13:07:22,True,face,360,172,0.00,-68.00,
2026-05-14 13:07:22,True,face,357,173,0.00,-67.00,
2026-05-14 13:07:22,True,face,349,176,0.00,-64.00,
2026-05-14 13:07:22,True,face,339,177,0.00,-63.00,
2026-05-14 13:07:22,True,face,334,178,0.00,-62.00,
2026-05-14 13:07:23,True,face,324,179,0.00,-61.00,
2026-05-14 13:07:23,True,face,320,180,0.00,-60.00,
2026-05-14 13:07:23,True,face,311,180,0.00,-60.00,
2026-05-14 13:07:23,True,face,305,181,0.00,-59.00,
2026-05-14 13:07:23,True,face,301,181,0.00,-59.00,
2026-05-14 13:07:23,True,face,291,195,0.00,-45.00,
2026-05-14 13:07:23,True,face,275,207,0.00,0.00,
2026-05-14 13:07:24,True,face,271,210,-49.00,0.00,
2026-05-14 13:07:24,True,face,264,217,-56.00,0.00,
2026-05-14 13:07:24,True,face,263,218,-57.00,0.00,
2026-05-14 13:07:24,True,face,265,219,-55.00,0.00,
2026-05-14 13:07:24,True,face,269,217,-51.00,0.00,
2026-05-14 13:07:24,True,face,271,211,-49.00,0.00,
2026-05-14 13:07:24,True,face,284,199,0.00,-41.00,
2026-05-14 13:07:24,True,face,301,192,0.00,-48.00,
2026-05-14 13:07:25,True,face,305,191,0.00,-49.00,
2026-05-14 13:07:25,True,face,308,189,0.00,-51.00,
2026-05-14 13:07:25,True,face,309,188,0.00,-52.00,
2026-05-14 13:07:25,True,face,308,188,0.00,-52.00,
2026-05-14 13:07:25,True,face,302,186,0.00,-54.00,
2026-05-14 13:07:25,True,face,301,186,0.00,-54.00,
2026-05-14 13:07:25,True,face,293,185,0.00,-55.00,
2026-05-14 13:07:26,True,face,292,184,0.00,-56.00,LEFT_CLICK
2026-05-14 13:07:26,True,face,288,183,0.00,-57.00,
2026-05-14 13:07:26,True,face,281,181,0.00,-59.00,
2026-05-14 13:07:26,True,face,278,180,0.00,-60.00,
2026-05-14 13:07:26,True,face,282,178,0.00,-62.00,
2026-05-14 13:07:26,True,face,292,176,0.00,-64.00,
2026-05-14 13:07:26,True,face,306,173,0.00,-67.00,
2026-05-14 13:07:27,True,face,313,171,0.00,-69.00,
2026-05-14 13:07:27,True,face,318,171,0.00,-69.00,
2026-05-14 13:07:27,True,face,321,171,0.00,-69.00,
2026-05-14 13:07:27,True,face,322,172,0.00,-68.00,
2026-05-14 13:07:27,True,face,325,172,0.00,-68.00,
2026-05-14 13:07:27,True,face,326,173,0.00,-67.00,
2026-05-14 13:07:28,True,face,328,176,0.00,-64.00,
2026-05-14 13:07:28,True,face,328,177,0.00,-63.00,
2026-05-14 13:07:28,True,face,328,177,0.00,-63.00,
2026-05-14 13:07:28,True,face,326,177,0.00,-63.00,LEFT_CLICK
2026-05-14 13:07:28,True,face,323,177,0.00,-63.00,
2026-05-14 13:07:28,True,face,324,176,0.00,-64.00,LEFT_CLICK
2026-05-14 13:07:29,True,face,335,176,0.00,-64.00,
2026-05-14 13:07:29,True,face,344,176,0.00,-64.00,
2026-05-14 13:07:29,True,face,347,176,0.00,-64.00,
2026-05-14 13:07:29,True,face,348,176,0.00,-64.00,
2026-05-14 13:07:29,True,face,349,176,0.00,-64.00,
2026-05-14 13:07:29,True,face,351,176,0.00,-64.00,
2026-05-14 13:07:30,True,face,354,176,0.00,-64.00,LEFT_CLICK
2026-05-14 13:07:30,True,face,356,176,0.00,-64.00,
2026-05-14 13:07:30,True,face,356,175,0.00,-65.00,
2026-05-14 13:07:30,True,face,349,176,0.00,-64.00,
2026-05-14 13:07:30,True,face,324,181,0.00,-59.00,
2026-05-14 13:07:30,True,face,267,200,-53.00,-40.00,
2026-05-14 13:07:31,True,face,252,208,-68.00,0.00,
2026-05-14 13:07:31,True,face,253,211,-67.00,0.00,
2026-05-14 13:07:31,True,face,253,211,-67.00,0.00,
2026-05-14 13:07:31,True,face,256,210,-64.00,0.00,
2026-05-14 13:07:31,True,face,262,204,-58.00,-36.00,
2026-05-14 13:07:31,True,face,272,196,-48.00,-44.00,
2026-05-14 13:07:32,True,face,281,188,0.00,-52.00,
2026-05-14 13:07:32,True,face,285,185,0.00,-55.00,
2026-05-14 13:07:32,True,face,286,185,0.00,-55.00,
2026-05-14 13:07:32,True,face,290,182,0.00,-58.00,LEFT_CLICK
2026-05-14 13:07:32,True,face,300,176,0.00,-64.00,
2026-05-14 13:07:32,True,face,306,174,0.00,-66.00,LEFT_CLICK
2026-05-14 13:07:33,True,face,310,173,0.00,-67.00,
2026-05-14 13:07:33,True,face,315,171,0.00,-69.00,LEFT_CLICK
2026-05-14 13:07:33,True,face,322,172,0.00,-68.00,
2026-05-14 13:07:33,True,face,328,174,0.00,-66.00,
2026-05-14 13:07:33,True,face,331,174,0.00,-66.00,
2026-05-14 13:07:33,True,face,333,174,0.00,-66.00,
2026-05-14 13:07:34,True,face,335,174,0.00,-66.00,
2026-05-14 13:07:34,True,face,336,173,0.00,-67.00,
2026-05-14 13:07:34,True,face,336,172,0.00,-68.00,LEFT_CLICK
2026-05-14 13:07:34,True,face,336,171,0.00,-69.00,LEFT_CLICK
2026-05-14 13:07:34,True,face,337,171,0.00,-69.00,
2026-05-14 13:07:34,True,face,339,171,0.00,-69.00,
2026-05-14 13:07:35,True,face,340,171,0.00,-69.00,
2026-05-14 13:07:35,True,face,341,171,0.00,-69.00,
2026-05-14 13:07:35,True,face,341,171,0.00,-69.00,
2026-05-14 13:07:35,True,face,341,171,0.00,-69.00,LEFT_CLICK
2026-05-14 13:07:35,True,face,341,171,0.00,-69.00,LEFT_CLICK
2026-05-14 13:07:35,True,face,341,178,0.00,-62.00,
2026-05-14 13:07:36,True,face,341,202,0.00,-38.00,
2026-05-14 13:07:36,True,face,343,238,0.00,0.00,LEFT_CLICK
2026-05-14 13:07:36,False,face,,,0.00,0.00,
2026-05-14 13:07:36,True,face,353,303,0.00,63.00,
2026-05-14 13:07:36,True,face,355,304,0.00,64.00,
2026-05-14 13:07:36,True,face,357,304,0.00,64.00,
2026-05-14 13:07:37,True,face,357,304,0.00,64.00,
2026-05-14 13:07:37,True,face,357,303,0.00,63.00,
2026-05-14 13:07:37,True,face,354,298,0.00,58.00,
2026-05-14 13:07:37,True,face,349,294,0.00,54.00,
2026-05-14 13:07:37,True,face,344,292,0.00,52.00,
2026-05-14 13:07:37,True,face,337,290,0.00,50.00,
2026-05-14 13:07:38,True,face,332,290,0.00,50.00,
2026-05-14 13:07:38,True,face,322,279,0.00,39.00,
2026-05-14 13:07:38,True,face,321,282,0.00,42.00,
2026-05-14 13:07:38,True,face,321,277,0.00,37.00,
2026-05-14 13:07:38,True,face,321,269,0.00,0.00,
2026-05-14 13:07:38,True,face,321,259,0.00,0.00,
2026-05-14 13:07:38,True,face,320,237,0.00,0.00,
2026-05-14 13:07:39,True,face,321,215,0.00,0.00,
2026-05-14 13:07:39,True,face,321,202,0.00,-38.00,
2026-05-14 13:07:39,True,face,323,194,0.00,-46.00,
2026-05-14 13:07:39,True,face,324,190,0.00,-50.00,
2026-05-14 13:07:39,True,face,325,186,0.00,-54.00,
2026-05-14 13:07:39,True,face,329,186,0.00,-54.00,
2026-05-14 13:07:39,True,face,333,192,0.00,-48.00,
2026-05-14 13:07:40,True,face,335,242,0.00,0.00,
2026-05-14 13:07:40,True,face,336,257,0.00,0.00,
2026-05-14 13:07:40,True,face,335,258,0.00,0.00,
2026-05-14 13:07:40,True,face,335,252,0.00,0.00,LEFT_CLICK
2026-05-14 13:07:40,True,face,336,233,0.00,0.00,LEFT_CLICK
2026-05-14 13:07:40,True,face,336,222,0.00,0.00,
2026-05-14 13:07:41,True,face,337,219,0.00,0.00,
2026-05-14 13:07:41,True,face,335,214,0.00,0.00,
2026-05-14 13:07:41,True,face,329,201,0.00,-39.00,
2026-05-14 13:07:41,True,face,329,194,0.00,-46.00,
2026-05-14 13:07:41,True,face,329,192,0.00,-48.00,
2026-05-14 13:07:41,True,face,329,190,0.00,-50.00,
2026-05-14 13:07:42,True,face,329,190,0.00,-50.00,
2026-05-14 13:07:42,True,face,329,190,0.00,-50.00,
2026-05-14 13:07:42,True,face,330,190,0.00,-50.00,
2026-05-14 13:07:42,True,face,331,190,0.00,-50.00,
2026-05-14 13:07:42,True,face,331,191,0.00,-49.00,
2026-05-14 13:07:42,True,face,331,191,0.00,-49.00,
2026-05-14 13:07:42,True,face,331,188,0.00,-52.00,
2026-05-14 13:07:43,True,face,332,188,0.00,-52.00,
2026-05-14 13:07:43,True,face,331,188,0.00,-52.00,LEFT_CLICK
2026-05-14 13:07:43,True,face,325,188,0.00,-52.00,LEFT_CLICK
2026-05-14 13:07:43,True,face,319,186,0.00,-54.00,LEFT_CLICK
2026-05-14 13:07:43,True,face,312,185,0.00,-55.00,
2026-05-14 13:07:43,True,face,313,185,0.00,-55.00,
2026-05-14 13:07:44,True,face,316,184,0.00,-56.00,LEFT_CLICK
2026-05-14 13:07:44,True,face,323,183,0.00,-57.00,LEFT_CLICK
2026-05-14 13:07:44,True,face,325,183,0.00,-57.00,LEFT_CLICK
2026-05-14 13:07:44,True,face,326,182,0.00,-58.00,LEFT_CLICK
2026-05-14 13:07:44,True,face,327,182,0.00,-58.00,
2026-05-14 13:07:44,True,face,328,181,0.00,-59.00,
2026-05-14 13:07:45,True,face,329,181,0.00,-59.00,
2026-05-14 13:07:45,True,face,330,180,0.00,-60.00,
2026-05-14 13:07:45,True,face,333,180,0.00,-60.00,LEFT_CLICK
2026-05-14 13:07:45,True,face,341,180,0.00,-60.00,LEFT_CLICK
2026-05-14 13:07:45,True,face,351,179,0.00,-61.00,
2026-05-14 13:07:45,True,face,357,181,0.00,-59.00,
2026-05-14 13:07:46,True,face,358,182,0.00,-58.00,LEFT_CLICK
2026-05-14 13:07:46,True,face,352,180,0.00,-60.00,
2026-05-14 13:07:46,True,face,346,179,0.00,-61.00,
2026-05-14 13:07:46,True,face,344,178,0.00,-62.00,LEFT_CLICK
2026-05-14 13:07:46,True,face,342,179,0.00,-61.00,
2026-05-14 13:07:46,True,face,340,178,0.00,-62.00,
2026-05-14 13:07:47,True,face,339,178,0.00,-62.00,
2026-05-14 13:07:47,True,face,339,178,0.00,-62.00,
2026-05-14 13:07:47,True,face,338,178,0.00,-62.00,
2026-05-14 13:07:47,True,face,334,182,0.00,-58.00,
2026-05-14 13:07:47,True,face,310,189,0.00,-51.00,
2026-05-14 13:07:47,True,face,273,202,-47.00,-38.00,
2026-05-14 13:07:47,True,face,241,220,-79.00,0.00,
2026-05-14 13:07:48,True,face,242,227,-78.00,0.00,
2026-05-14 13:07:48,True,face,243,230,-77.00,0.00,
2026-05-14 13:07:48,True,face,245,230,-75.00,0.00,
2026-05-14 13:07:48,True,face,246,231,-74.00,0.00,
2026-05-14 13:07:48,True,face,247,231,-73.00,0.00,
2026-05-14 13:07:48,True,face,248,230,-72.00,0.00,
2026-05-14 13:07:49,True,face,256,219,-64.00,0.00,
2026-05-14 13:07:49,True,face,275,203,0.00,-37.00,
2026-05-14 13:07:49,True,face,283,197,0.00,-43.00,
2026-05-14 13:07:49,True,face,289,192,0.00,-48.00,
2026-05-14 13:07:49,True,face,298,187,0.00,-53.00,
2026-05-14 13:07:49,True,face,302,185,0.00,-55.00,
2026-05-14 13:07:50,True,face,308,184,0.00,-56.00,
2026-05-14 13:07:50,True,face,318,184,0.00,-56.00,
2026-05-14 13:07:50,True,face,325,185,0.00,-55.00,LEFT_CLICK
2026-05-14 13:07:50,True,face,329,186,0.00,-54.00,
2026-05-14 13:07:50,True,face,329,188,0.00,-52.00,
2026-05-14 13:07:50,True,face,329,188,0.00,-52.00,
2026-05-14 13:07:51,True,face,329,188,0.00,-52.00,
2026-05-14 13:07:51,True,face,329,188,0.00,-52.00,
2026-05-14 13:07:51,True,face,330,188,0.00,-52.00,
2026-05-14 13:07:51,True,face,330,188,0.00,-52.00,
2026-05-14 13:07:51,True,face,330,188,0.00,-52.00,
2026-05-14 13:07:51,True,face,331,188,0.00,-52.00,
2026-05-14 13:07:51,True,face,331,188,0.00,-52.00,
2026-05-14 13:07:52,True,face,331,191,0.00,-49.00,
2026-05-14 13:07:52,True,face,328,194,0.00,-46.00,
2026-05-14 13:07:52,True,face,322,199,0.00,-41.00,
2026-05-14 13:07:52,True,face,305,209,0.00,0.00,
2026-05-14 13:07:52,True,face,293,214,0.00,0.00,
2026-05-14 13:07:52,True,face,276,223,0.00,0.00,
2026-05-14 13:07:52,True,face,267,228,-53.00,0.00,
2026-05-14 13:07:53,True,face,250,236,-70.00,0.00,
2026-05-14 13:07:53,True,face,243,238,-77.00,0.00,
2026-05-14 13:07:53,True,face,248,237,-72.00,0.00,
2026-05-14 13:07:53,True,face,248,237,-72.00,0.00,
2026-05-14 13:07:53,True,face,249,236,-71.00,0.00,
2026-05-14 13:07:53,True,face,250,235,-70.00,0.00,
2026-05-14 13:07:54,True,face,252,233,-68.00,0.00,
2026-05-14 13:07:54,True,face,255,230,-65.00,0.00,LEFT_CLICK
2026-05-14 13:07:54,True,face,256,228,-64.00,0.00,
2026-05-14 13:07:54,True,face,258,229,-62.00,0.00,
2026-05-14 13:07:54,True,face,259,229,-61.00,0.00,
2026-05-14 13:07:54,True,face,261,226,-59.00,0.00,
2026-05-14 13:07:55,True,face,264,223,-56.00,0.00,
2026-05-14 13:07:55,True,face,275,213,0.00,0.00,
2026-05-14 13:07:55,True,face,283,209,0.00,0.00,
2026-05-14 13:07:55,True,face,290,206,0.00,0.00,
2026-05-14 13:07:55,True,face,297,204,0.00,-36.00,
2026-05-14 13:07:55,True,face,302,203,0.00,-37.00,
2026-05-14 13:07:55,True,face,308,200,0.00,-40.00,
2026-05-14 13:07:56,True,face,317,200,0.00,-40.00,
2026-05-14 13:07:56,True,face,333,208,0.00,0.00,LEFT_CLICK
2026-05-14 13:07:56,True,face,337,207,0.00,0.00,
2026-05-14 13:07:56,True,face,338,207,0.00,0.00,
2026-05-14 13:07:56,True,face,340,203,0.00,-37.00,
2026-05-14 13:07:57,True,face,317,205,0.00,0.00,
2026-05-14 13:07:57,True,face,284,208,0.00,0.00,
2026-05-14 13:07:57,True,face,272,211,-48.00,0.00,
2026-05-14 13:07:57,True,face,271,213,-49.00,0.00,
2026-05-14 13:07:57,True,face,263,216,-57.00,0.00,
2026-05-14 13:07:57,True,face,258,220,-62.00,0.00,
2026-05-14 13:07:57,True,face,262,222,-58.00,0.00,
2026-05-14 13:07:58,True,face,263,222,-57.00,0.00,
2026-05-14 13:07:58,True,face,273,216,-47.00,0.00,
2026-05-14 13:07:58,True,face,279,213,0.00,0.00,
2026-05-14 13:07:58,True,face,284,209,0.00,0.00,
2026-05-14 13:07:58,True,face,287,206,0.00,0.00,
2026-05-14 13:07:58,True,face,293,201,0.00,-39.00,
2026-05-14 13:07:58,True,face,300,195,0.00,-45.00,
2026-05-14 13:07:59,True,face,306,192,0.00,-48.00,
2026-05-14 13:07:59,True,face,312,190,0.00,-50.00,LEFT_CLICK
2026-05-14 13:07:59,True,face,325,187,0.00,-53.00,LEFT_CLICK
2026-05-14 13:07:59,True,face,365,189,0.00,-51.00,
2026-05-14 13:07:59,True,face,389,194,69.00,-46.00,
2026-05-14 13:07:59,True,face,389,195,69.00,-45.00,
2026-05-14 13:08:00,True,face,387,197,67.00,-43.00,
2026-05-14 13:08:00,True,face,387,197,67.00,-43.00,
2026-05-14 13:08:00,True,face,386,198,66.00,-42.00,
2026-05-14 13:08:00,True,face,380,198,60.00,-42.00,
2026-05-14 13:08:00,True,face,377,199,57.00,-41.00,
2026-05-14 13:08:00,True,face,374,198,54.00,-42.00,
2026-05-14 13:08:01,True,face,372,197,52.00,-43.00,
2026-05-14 13:08:01,True,face,371,196,51.00,-44.00,
2026-05-14 13:08:01,True,face,348,212,0.00,0.00,
2026-05-14 13:08:01,True,face,323,222,0.00,0.00,
2026-05-14 13:08:01,True,face,306,227,0.00,0.00,
2026-05-14 13:08:01,True,face,301,229,0.00,0.00,
2026-05-14 13:08:01,True,face,300,229,0.00,0.00,
2026-05-14 13:08:02,True,face,301,229,0.00,0.00,
2026-05-14 13:08:02,True,face,302,229,0.00,0.00,
2026-05-14 13:08:02,True,face,302,229,0.00,0.00,
2026-05-14 13:08:02,True,face,303,228,0.00,0.00,
2026-05-14 13:08:02,True,face,306,227,0.00,0.00,
2026-05-14 13:08:02,True,face,301,230,0.00,0.00,
2026-05-14 13:08:03,True,face,295,232,0.00,0.00,
2026-05-14 13:08:03,True,face,288,234,0.00,0.00,
2026-05-14 13:08:03,True,face,281,235,0.00,0.00,
2026-05-14 13:08:03,True,face,259,238,-61.00,0.00,
2026-05-14 13:08:03,True,face,246,239,-74.00,0.00,
2026-05-14 13:08:03,True,face,246,239,-74.00,0.00,
2026-05-14 13:08:03,True,face,253,245,-67.00,0.00,
2026-05-14 13:08:04,True,face,260,248,-60.00,0.00,
2026-05-14 13:08:04,True,face,260,238,-60.00,0.00,
2026-05-14 13:08:04,True,face,269,242,-51.00,0.00,
2026-05-14 13:08:04,True,face,271,229,-49.00,0.00,
2026-05-14 13:08:04,True,face,277,232,0.00,0.00,
2026-05-14 13:08:04,True,face,287,221,0.00,0.00,
2026-05-14 13:08:05,True,face,291,221,0.00,0.00,
2026-05-14 13:08:05,True,face,298,214,0.00,0.00,
2026-05-14 13:08:05,True,face,304,211,0.00,0.00,
2026-05-14 13:08:05,True,face,307,207,0.00,0.00,
2026-05-14 13:08:05,True,face,313,202,0.00,-38.00,
2026-05-14 13:08:05,True,face,318,200,0.00,-40.00,
2026-05-14 13:08:05,True,face,320,200,0.00,-40.00,
2026-05-14 13:08:06,True,face,323,201,0.00,-39.00,
2026-05-14 13:08:06,True,face,326,200,0.00,-40.00,
2026-05-14 13:08:06,True,face,327,201,0.00,-39.00,
2026-05-14 13:08:06,True,face,327,201,0.00,-39.00,
2026-05-14 13:08:06,True,face,327,201,0.00,-39.00,
2026-05-14 13:08:06,True,face,327,201,0.00,-39.00,
2026-05-14 13:08:06,True,face,327,201,0.00,-39.00,
2026-05-14 13:08:07,True,face,328,201,0.00,-39.00,
2026-05-14 13:08:07,True,face,329,201,0.00,-39.00,
2026-05-14 13:08:07,True,face,330,201,0.00,-39.00,
2026-05-14 13:08:07,True,face,331,200,0.00,-40.00,
2026-05-14 13:08:07,True,face,332,200,0.00,-40.00,
2026-05-14 13:08:07,True,face,334,200,0.00,-40.00,
2026-05-14 13:08:08,True,face,334,201,0.00,-39.00,
2026-05-14 13:08:08,True,face,335,203,0.00,-37.00,
2026-05-14 13:08:08,True,face,334,206,0.00,0.00,
2026-05-14 13:08:08,True,face,329,211,0.00,0.00,
2026-05-14 13:08:08,True,face,309,225,0.00,0.00,
2026-05-14 13:08:08,True,face,292,234,0.00,0.00,
2026-05-14 13:08:09,True,face,286,236,0.00,0.00,LEFT_CLICK
2026-05-14 13:08:09,True,face,287,236,0.00,0.00,
2026-05-14 13:08:09,True,face,289,236,0.00,0.00,
2026-05-14 13:08:09,True,face,305,232,0.00,0.00,LEFT_CLICK
2026-05-14 13:08:09,True,face,319,223,0.00,0.00,
2026-05-14 13:08:09,True,face,325,218,0.00,0.00,
2026-05-14 13:08:09,True,face,329,216,0.00,0.00,
2026-05-14 13:08:10,True,face,333,211,0.00,0.00,
2026-05-14 13:08:10,True,face,335,207,0.00,0.00,
2026-05-14 13:08:10,True,face,335,206,0.00,0.00,
2026-05-14 13:08:10,True,face,333,206,0.00,0.00,
2026-05-14 13:08:10,True,face,329,210,0.00,0.00,
2026-05-14 13:08:10,True,face,327,218,0.00,0.00,
2026-05-14 13:08:10,True,face,326,220,0.00,0.00,
2026-05-14 13:08:11,True,face,326,220,0.00,0.00,
2026-05-14 13:08:11,True,face,328,219,0.00,0.00,LEFT_CLICK
2026-05-14 13:08:11,True,face,335,217,0.00,0.00,
2026-05-14 13:08:11,True,face,341,213,0.00,0.00,
2026-05-14 13:08:11,True,face,347,207,0.00,0.00,
2026-05-14 13:08:11,True,face,352,203,0.00,-37.00,
2026-05-14 13:08:12,True,face,354,204,0.00,-36.00,
2026-05-14 13:08:12,True,face,359,203,0.00,-37.00,LEFT_CLICK
2026-05-14 13:08:12,True,face,366,203,46.00,-37.00,
2026-05-14 13:08:12,True,face,369,203,49.00,-37.00,
2026-05-14 13:08:12,True,face,370,203,50.00,-37.00,
2026-05-14 13:08:12,True,face,374,205,54.00,0.00,
2026-05-14 13:08:13,True,face,376,205,56.00,0.00,
2026-05-14 13:08:13,True,face,377,206,57.00,0.00,
2026-05-14 13:08:13,True,face,379,207,59.00,0.00,
2026-05-14 13:08:13,True,face,380,208,60.00,0.00,
2026-05-14 13:08:13,True,face,381,209,61.00,0.00,
2026-05-14 13:08:13,True,face,381,209,61.00,0.00,
2026-05-14 13:08:14,True,face,381,209,61.00,0.00,
2026-05-14 13:08:14,True,face,381,209,61.00,0.00,
2026-05-14 13:08:14,True,face,382,210,62.00,0.00,
2026-05-14 13:08:14,True,face,380,213,60.00,0.00,
2026-05-14 13:08:14,True,face,374,212,54.00,0.00,
2026-05-14 13:08:14,True,face,370,211,50.00,0.00,
2026-05-14 13:08:15,True,face,368,208,48.00,0.00,LEFT_CLICK
2026-05-14 13:08:15,True,face,367,206,47.00,0.00,
2026-05-14 13:08:15,True,face,367,206,47.00,0.00,
2026-05-14 13:08:15,True,face,366,205,46.00,0.00,
2026-05-14 13:08:15,True,face,365,205,0.00,0.00,
2026-05-14 13:08:15,True,face,364,205,0.00,0.00,
2026-05-14 13:08:15,True,face,362,204,0.00,-36.00,
2026-05-14 13:08:15,True,face,362,204,0.00,-36.00,
2026-05-14 13:08:16,True,face,358,205,0.00,0.00,
2026-05-14 13:08:16,True,face,356,205,0.00,0.00,
2026-05-14 13:08:16,True,face,355,205,0.00,0.00,
2026-05-14 13:08:16,True,face,355,205,0.00,0.00,
2026-05-14 13:08:16,True,face,355,205,0.00,0.00,
2026-05-14 13:08:16,True,face,355,205,0.00,0.00,LEFT_CLICK
2026-05-14 13:08:17,True,face,354,204,0.00,-36.00,
2026-05-14 13:08:17,True,face,354,204,0.00,-36.00,
2026-05-14 13:08:17,True,face,354,204,0.00,-36.00,
2026-05-14 13:08:17,True,face,354,204,0.00,-36.00,
2026-05-14 13:08:17,True,face,353,204,0.00,-36.00,
2026-05-14 13:08:17,True,face,352,205,0.00,0.00,
2026-05-14 13:08:18,True,face,351,205,0.00,0.00,
2026-05-14 13:08:18,True,face,350,205,0.00,0.00,
2026-05-14 13:08:18,True,face,350,205,0.00,0.00,
2026-05-14 13:08:18,True,face,351,205,0.00,0.00,
2026-05-14 13:08:18,True,face,353,205,0.00,0.00,
2026-05-14 13:08:18,True,face,354,205,0.00,0.00,
2026-05-14 13:08:18,True,face,355,204,0.00,-36.00,
2026-05-14 13:08:19,True,face,355,204,0.00,-36.00,
2026-05-14 13:08:19,True,face,355,203,0.00,-37.00,
2026-05-14 13:08:19,True,face,354,203,0.00,-37.00,
2026-05-14 13:08:19,True,face,353,202,0.00,-38.00,
2026-05-14 13:08:19,True,face,350,202,0.00,-38.00,
2026-05-14 13:08:19,True,face,348,201,0.00,-39.00,
2026-05-14 13:08:20,True,face,348,200,0.00,-40.00,
2026-05-14 13:08:20,True,face,349,200,0.00,-40.00,
2026-05-14 13:08:20,True,face,349,199,0.00,-41.00,
2026-05-14 13:08:20,True,face,350,199,0.00,-41.00,
2026-05-14 13:08:20,True,face,350,199,0.00,-41.00,
2026-05-14 13:08:20,True,face,350,199,0.00,-41.00,
2026-05-14 13:08:21,True,face,351,199,0.00,-41.00,LEFT_CLICK
2026-05-14 13:08:21,True,face,351,200,0.00,-40.00,
2026-05-14 13:08:21,True,face,351,201,0.00,-39.00,
2026-05-14 13:08:21,True,face,346,204,0.00,-36.00,
2026-05-14 13:08:21,True,face,342,204,0.00,-36.00,
2026-05-14 13:08:21,True,face,339,204,0.00,-36.00,
2026-05-14 13:08:21,True,face,340,204,0.00,-36.00,
2026-05-14 13:08:22,True,face,343,205,0.00,0.00,
2026-05-14 13:08:22,True,face,344,204,0.00,-36.00,
2026-05-14 13:08:22,True,face,347,204,0.00,-36.00,
2026-05-14 13:08:22,True,face,348,204,0.00,-36.00,
2026-05-14 13:08:22,True,face,350,204,0.00,-36.00,
2026-05-14 13:08:22,True,face,350,204,0.00,-36.00,
2026-05-14 13:08:22,True,face,350,203,0.00,-37.00,
2026-05-14 13:08:23,True,face,350,202,0.00,-38.00,
2026-05-14 13:08:23,True,face,351,202,0.00,-38.00,
2026-05-14 13:08:23,True,face,351,202,0.00,-38.00,LEFT_CLICK
2026-05-14 13:08:23,True,face,339,208,0.00,0.00,LEFT_CLICK
2026-05-14 13:08:23,True,face,314,225,0.00,0.00,
2026-05-14 13:08:23,True,face,310,226,0.00,0.00,
2026-05-14 13:08:24,True,face,305,228,0.00,0.00,
2026-05-14 13:08:24,True,face,303,233,0.00,0.00,
2026-05-14 13:08:24,True,face,305,232,0.00,0.00,
2026-05-14 13:08:24,True,face,316,227,0.00,0.00,
2026-05-14 13:08:24,True,face,322,227,0.00,0.00,
2026-05-14 13:08:24,True,face,324,227,0.00,0.00,
2026-05-14 13:08:24,True,face,323,226,0.00,0.00,
2026-05-14 13:08:25,True,face,323,226,0.00,0.00,
2026-05-14 13:08:25,True,face,322,225,0.00,0.00,
2026-05-14 13:08:25,True,face,317,224,0.00,0.00,LEFT_CLICK
2026-05-14 13:08:25,True,face,318,220,0.00,0.00,
2026-05-14 13:08:25,True,face,320,219,0.00,0.00,LEFT_CLICK
2026-05-14 13:08:25,True,face,320,218,0.00,0.00,
2026-05-14 13:08:26,True,face,317,221,0.00,0.00,LEFT_CLICK
2026-05-14 13:08:26,True,face,321,220,0.00,0.00,
2026-05-14 13:08:26,True,face,326,217,0.00,0.00,
2026-05-14 13:08:26,True,face,326,215,0.00,0.00,
2026-05-14 13:08:26,True,face,326,215,0.00,0.00,
2026-05-14 13:08:26,True,face,326,213,0.00,0.00,
2026-05-14 13:08:27,True,face,326,211,0.00,0.00,
2026-05-14 13:08:27,True,face,327,210,0.00,0.00,
2026-05-14 13:08:27,True,face,330,208,0.00,0.00,
2026-05-14 13:08:27,True,face,331,207,0.00,0.00,
2026-05-14 13:08:27,True,face,333,206,0.00,0.00,
2026-05-14 13:08:27,True,face,333,206,0.00,0.00,
2026-05-14 13:08:28,True,face,332,207,0.00,0.00,
2026-05-14 13:08:28,True,face,332,207,0.00,0.00,
2026-05-14 13:08:28,True,face,332,207,0.00,0.00,
2026-05-14 13:08:28,True,face,334,206,0.00,0.00,
2026-05-14 13:08:28,True,face,338,206,0.00,0.00,
2026-05-14 13:08:28,True,face,348,205,0.00,0.00,
2026-05-14 13:08:28,True,face,377,209,57.00,0.00,
2026-05-14 13:08:29,True,face,429,215,109.00,0.00,
2026-05-14 13:08:29,True,face,434,219,114.00,0.00,
2026-05-14 13:08:29,True,face,448,218,128.00,0.00,LEFT_CLICK
2026-05-14 13:08:29,True,face,457,221,137.00,0.00,
2026-05-14 13:08:29,True,face,455,225,135.00,0.00,LEFT_CLICK
2026-05-14 13:08:29,True,face,454,226,134.00,0.00,
2026-05-14 13:08:30,True,face,453,227,133.00,0.00,
2026-05-14 13:08:30,True,face,453,227,133.00,0.00,
2026-05-14 13:08:30,True,face,453,227,133.00,0.00,
2026-05-14 13:08:30,True,face,451,227,131.00,0.00,
2026-05-14 13:08:30,True,face,451,227,131.00,0.00,
2026-05-14 13:08:30,True,face,448,226,128.00,0.00,
2026-05-14 13:08:30,True,face,446,225,126.00,0.00,
2026-05-14 13:08:31,True,face,444,223,124.00,0.00,
2026-05-14 13:08:31,True,face,438,219,118.00,0.00,
2026-05-14 13:08:31,True,face,431,215,111.00,0.00,
2026-05-14 13:08:31,True,face,423,210,103.00,0.00,
2026-05-14 13:08:31,True,face,412,208,92.00,0.00,
2026-05-14 13:08:31,True,face,391,208,71.00,0.00,
2026-05-14 13:08:31,True,face,361,208,0.00,0.00,
2026-05-14 13:08:32,True,face,355,207,0.00,0.00,
2026-05-14 13:08:32,True,face,349,207,0.00,0.00,
2026-05-14 13:08:32,True,face,337,207,0.00,0.00,
2026-05-14 13:08:32,True,face,334,207,0.00,0.00,
2026-05-14 13:08:32,True,face,332,207,0.00,0.00,
2026-05-14 13:08:32,True,face,333,207,0.00,0.00,
2026-05-14 13:08:32,True,face,334,207,0.00,0.00,
2026-05-14 13:08:32,True,face,333,207,0.00,0.00,
2026-05-14 13:08:32,True,face,333,207,0.00,0.00,
2026-05-14 13:08:32,True,face,332,207,0.00,0.00,
2026-05-14 13:08:32,True,face,332,207,0.00,0.00,
2026-05-14 13:08:32,True,face,325,208,0.00,0.00,
2026-05-14 13:08:32,True,face,318,210,0.00,0.00,
2026-05-14 13:08:32,True,face,314,211,0.00,0.00,
2026-05-14 13:08:32,True,face,310,212,0.00,0.00,
2026-05-14 13:08:32,True,face,305,213,0.00,0.00,
2026-05-14 13:08:32,True,face,287,217,0.00,0.00,
2026-05-14 13:08:32,True,face,280,218,0.00,0.00,
2026-05-14 13:08:33,True,face,275,219,0.00,0.00,
2026-05-14 13:08:33,True,face,272,219,-48.00,0.00,LEFT_CLICK
2026-05-14 13:08:33,True,face,272,225,-48.00,0.00,
2026-05-14 13:08:33,True,face,272,227,-48.00,0.00,
2026-05-14 13:08:33,True,face,271,229,-49.00,0.00,
2026-05-14 13:08:33,True,face,272,230,-48.00,0.00,
2026-05-14 13:08:33,True,face,271,231,-49.00,0.00,
2026-05-14 13:08:33,True,face,271,232,-49.00,0.00,
2026-05-14 13:08:33,True,face,270,232,-50.00,0.00,
2026-05-14 13:08:33,True,face,269,231,-51.00,0.00,
2026-05-14 13:09:30,True,face,358,175,0.00,-65.00,
2026-05-14 13:09:30,True,face,358,176,0.00,-64.00,
2026-05-14 13:09:30,True,face,358,176,0.00,-64.00,
2026-05-14 13:09:30,True,face,358,176,0.00,-64.00,
2026-05-14 13:09:30,True,face,357,175,0.00,-65.00,
2026-05-14 13:09:30,True,face,357,170,0.00,-70.00,
2026-05-14 13:09:31,True,face,360,157,0.00,-83.00,
2026-05-14 13:09:31,True,face,360,145,0.00,-95.00,
2026-05-14 13:09:31,True,face,359,141,0.00,-99.00,
2026-05-14 13:09:31,True,face,359,141,0.00,-99.00,
2026-05-14 13:09:31,True,face,359,142,0.00,-98.00,
2026-05-14 13:09:31,True,face,359,141,0.00,-99.00,
2026-05-14 13:09:31,True,face,359,141,0.00,-99.00,
2026-05-14 13:09:32,True,face,359,141,0.00,-99.00,
2026-05-14 13:09:32,True,face,357,142,0.00,-98.00,
2026-05-14 13:09:32,True,face,345,150,0.00,-90.00,
2026-05-14 13:09:32,True,face,303,170,0.00,-70.00,
2026-05-14 13:09:32,True,face,266,190,-54.00,-50.00,
2026-05-14 13:09:32,True,face,255,206,-65.00,0.00,
2026-05-14 13:09:32,True,face,255,206,-65.00,0.00,
2026-05-14 13:09:32,True,face,254,211,-66.00,0.00,
2026-05-14 13:09:33,True,face,251,211,-69.00,0.00,
2026-05-14 13:09:33,True,face,251,213,-69.00,0.00,
2026-05-14 13:09:33,True,face,250,214,-70.00,0.00,
2026-05-14 13:09:33,True,face,250,213,-70.00,0.00,
2026-05-14 13:09:33,True,face,250,213,-70.00,0.00,
2026-05-14 13:09:33,True,face,252,213,-68.00,0.00,
2026-05-14 13:09:33,True,face,256,211,-64.00,0.00,
2026-05-14 13:09:33,True,face,257,210,-63.00,0.00,
2026-05-14 13:09:33,True,face,270,205,-50.00,0.00,
2026-05-14 13:09:34,True,face,287,199,0.00,-41.00,
2026-05-14 13:09:34,True,face,292,197,0.00,-43.00,
2026-05-14 13:09:34,True,face,294,196,0.00,-44.00,
2026-05-14 13:09:34,True,face,295,195,0.00,-45.00,
2026-05-14 13:09:34,True,face,296,195,0.00,-45.00,
2026-05-14 13:09:34,True,face,298,194,0.00,-46.00,
2026-05-14 13:09:34,True,face,298,194,0.00,-46.00,
2026-05-14 13:09:34,True,face,300,194,0.00,-46.00,
2026-05-14 13:09:35,True,face,300,194,0.00,-46.00,
2026-05-14 13:09:35,True,face,300,194,0.00,-46.00,
2026-05-14 13:09:35,True,face,300,193,0.00,-47.00,
2026-05-14 13:09:35,True,face,300,193,0.00,-47.00,LEFT_CLICK
2026-05-14 13:09:35,True,face,301,193,0.00,-47.00,
2026-05-14 13:09:35,True,face,302,192,0.00,-48.00,
2026-05-14 13:09:36,True,face,304,192,0.00,-48.00,
2026-05-14 13:09:36,True,face,305,191,0.00,-49.00,
2026-05-14 13:09:36,True,face,307,190,0.00,-50.00,
2026-05-14 13:09:36,True,face,319,185,0.00,-55.00,
2026-05-14 13:09:36,True,face,333,183,0.00,-57.00,
2026-05-14 13:09:36,True,face,341,183,0.00,-57.00,
2026-05-14 13:09:36,True,face,346,182,0.00,-58.00,
2026-05-14 13:09:37,True,face,349,182,0.00,-58.00,
2026-05-14 13:09:37,True,face,350,183,0.00,-57.00,
2026-05-14 13:09:37,True,face,347,186,0.00,-54.00,
2026-05-14 13:09:37,True,face,340,189,0.00,-51.00,
2026-05-14 13:09:37,True,face,341,188,0.00,-52.00,
2026-05-14 13:09:37,True,face,353,187,0.00,-53.00,
2026-05-14 13:09:37,True,face,390,189,70.00,-51.00,
2026-05-14 13:09:38,True,face,417,195,97.00,-45.00,
2026-05-14 13:09:38,True,face,427,197,107.00,-43.00,
2026-05-14 13:09:38,True,face,433,198,113.00,-42.00,
2026-05-14 13:09:38,True,face,437,198,117.00,-42.00,
2026-05-14 13:09:38,True,face,446,199,126.00,-41.00,
2026-05-14 13:09:38,True,face,454,204,134.00,-36.00,
2026-05-14 13:09:39,True,face,466,210,146.00,0.00,
2026-05-14 13:09:39,True,face,468,211,148.00,0.00,
2026-05-14 13:09:39,True,face,471,212,151.00,0.00,
2026-05-14 13:09:39,True,face,477,211,157.00,0.00,
2026-05-14 13:09:39,True,face,483,212,163.00,0.00,
2026-05-14 13:09:39,True,face,485,212,165.00,0.00,
2026-05-14 13:09:40,True,face,483,205,163.00,0.00,LEFT_CLICK
2026-05-14 13:09:40,True,face,473,194,153.00,-46.00,
2026-05-14 13:09:40,True,face,464,185,144.00,-55.00,
2026-05-14 13:09:40,True,face,453,174,133.00,-66.00,
2026-05-14 13:09:40,True,face,438,155,118.00,-85.00,
2026-05-14 13:09:40,True,face,432,151,112.00,-89.00,
2026-05-14 13:09:40,True,face,431,150,111.00,-90.00,
2026-05-14 13:09:41,True,face,432,150,112.00,-90.00,
2026-05-14 13:09:41,True,face,432,150,112.00,-90.00,
2026-05-14 13:09:41,True,face,433,150,113.00,-90.00,
2026-05-14 13:09:41,True,face,436,149,116.00,-91.00,
2026-05-14 13:09:41,True,face,438,149,118.00,-91.00,
2026-05-14 13:09:41,True,face,438,151,118.00,-89.00,
2026-05-14 13:09:42,True,face,437,151,117.00,-89.00,
2026-05-14 13:09:42,True,face,432,150,112.00,-90.00,
2026-05-14 13:09:42,True,face,430,150,110.00,-90.00,
2026-05-14 13:09:42,True,face,428,151,108.00,-89.00,
2026-05-14 13:09:42,True,face,428,150,108.00,-90.00,
2026-05-14 13:09:42,True,face,427,146,107.00,-94.00,
2026-05-14 13:09:42,True,face,424,146,104.00,-94.00,
2026-05-14 13:09:43,True,face,419,148,99.00,-92.00,
2026-05-14 13:09:43,True,face,415,153,95.00,-87.00,
2026-05-14 13:09:43,True,face,413,156,93.00,-84.00,
2026-05-14 13:09:43,True,face,412,157,92.00,-83.00,
2026-05-14 13:09:43,True,face,406,160,86.00,-80.00,
2026-05-14 13:09:43,True,face,405,160,85.00,-80.00,
2026-05-14 13:09:43,True,face,404,160,84.00,-80.00,
2026-05-14 13:09:43,True,face,404,160,84.00,-80.00,
2026-05-14 13:09:43,True,face,400,161,80.00,-79.00,
2026-05-14 13:09:43,True,face,400,161,80.00,-79.00,
2026-05-14 13:09:43,True,face,399,162,79.00,-78.00,
2026-05-14 13:09:43,True,face,398,162,78.00,-78.00,
2026-05-14 13:09:44,True,face,398,162,78.00,-78.00,
2026-05-14 13:09:44,True,face,394,162,74.00,-78.00,
2026-05-14 13:09:44,True,face,391,162,71.00,-78.00,
2026-05-14 13:09:44,True,face,388,162,68.00,-78.00,
2026-05-14 13:09:44,True,face,383,163,63.00,-77.00,
2026-05-14 13:09:44,True,face,376,163,56.00,-77.00,
2026-05-14 13:09:44,True,face,344,167,0.00,-73.00,
2026-05-14 13:09:44,True,face,333,170,0.00,-70.00,
2026-05-14 13:09:44,True,face,322,172,0.00,-68.00,
2026-05-14 13:09:44,True,face,313,175,0.00,-65.00,
2026-05-14 13:09:44,True,face,286,187,0.00,-53.00,
2026-05-14 13:09:44,True,face,280,191,0.00,-49.00,
2026-05-14 13:09:44,True,face,275,193,0.00,-47.00,
2026-05-14 13:09:44,True,face,273,196,-47.00,-44.00,
2026-05-14 13:09:44,True,face,272,199,-48.00,-41.00,
2026-05-14 13:09:44,True,face,270,203,-50.00,-37.00,
2026-05-14 13:09:44,True,face,269,203,-51.00,-37.00,
2026-05-14 13:09:44,True,face,268,204,-52.00,-36.00,
2026-05-14 13:09:45,True,face,268,205,-52.00,0.00,
2026-05-14 13:09:45,True,face,268,205,-52.00,0.00,
2026-05-14 13:09:45,True,face,268,205,-52.00,0.00,
2026-05-14 13:09:45,True,face,269,205,-51.00,0.00,
2026-05-14 13:09:45,True,face,269,206,-51.00,0.00,
2026-05-14 13:09:45,True,face,269,206,-51.00,0.00,
2026-05-14 13:09:45,True,face,269,206,-51.00,0.00,LEFT_CLICK
2026-05-14 13:09:45,True,face,255,209,-65.00,0.00,
2026-05-14 13:09:45,True,face,245,211,-75.00,0.00,
2026-05-14 13:09:45,True,face,239,214,-81.00,0.00,
2026-05-14 13:12:42,True,face,363,190,0.00,-50.00,
2026-05-14 13:12:43,True,face,365,183,0.00,-57.00,
2026-05-14 13:12:43,True,face,360,170,0.00,-70.00,
2026-05-14 13:12:43,True,face,357,162,0.00,-78.00,
2026-05-14 13:12:43,True,face,351,154,0.00,-86.00,
2026-05-14 13:12:43,True,face,351,152,0.00,-88.00,
2026-05-14 13:12:44,True,face,351,151,0.00,-89.00,
2026-05-14 13:12:44,True,face,350,153,0.00,-87.00,
2026-05-14 13:12:44,True,face,350,157,0.00,-83.00,
2026-05-14 13:12:44,True,face,350,164,0.00,-76.00,
2026-05-14 13:12:44,True,face,352,173,0.00,-67.00,LEFT_CLICK
2026-05-14 13:12:45,True,face,356,177,0.00,-63.00,
2026-05-14 13:12:45,True,face,359,177,0.00,-63.00,
2026-05-14 13:12:45,True,face,362,178,0.00,-62.00,
2026-05-14 13:12:45,True,face,364,177,0.00,-63.00,
2026-05-14 13:12:45,True,face,365,178,0.00,-62.00,
2026-05-14 13:12:45,True,face,366,178,46.00,-62.00,
2026-05-14 13:12:46,True,face,366,178,46.00,-62.00,
2026-05-14 13:12:46,True,face,366,166,46.00,-74.00,
2026-05-14 13:12:46,True,face,361,155,0.00,-85.00,
2026-05-14 13:12:46,True,face,360,153,0.00,-87.00,
2026-05-14 13:12:46,True,face,361,152,0.00,-88.00,
2026-05-14 13:12:46,True,face,363,157,0.00,-83.00,
2026-05-14 13:12:46,True,face,363,184,0.00,-56.00,
2026-05-14 13:12:47,True,face,363,206,0.00,0.00,
2026-05-14 13:12:47,True,face,363,227,0.00,0.00,
2026-05-14 13:12:47,True,face,362,243,0.00,0.00,
2026-05-14 13:12:47,True,face,361,244,0.00,0.00,
2026-05-14 13:12:47,True,face,361,245,0.00,0.00,
2026-05-14 13:12:47,True,face,359,244,0.00,0.00,
2026-05-14 13:12:48,True,face,324,235,0.00,0.00,
2026-05-14 13:12:48,True,face,293,223,0.00,0.00,
2026-05-14 13:12:48,True,face,285,216,0.00,0.00,
2026-05-14 13:12:48,True,face,281,211,0.00,0.00,
2026-05-14 13:12:48,True,face,280,207,0.00,0.00,
2026-05-14 13:12:48,True,face,279,207,0.00,0.00,
2026-05-14 13:12:49,True,face,275,205,0.00,0.00,
2026-05-14 13:12:49,True,face,274,204,-46.00,-36.00,
2026-05-14 13:12:49,True,face,279,203,0.00,-37.00,
2026-05-14 13:12:49,True,face,281,203,0.00,-37.00,
2026-05-14 13:12:49,True,face,281,202,0.00,-38.00,
2026-05-14 13:12:49,True,face,279,202,0.00,-38.00,
2026-05-14 13:12:50,True,face,259,200,-61.00,-40.00,
2026-05-14 13:12:50,True,face,236,202,-84.00,-38.00,
2026-05-14 13:12:50,True,face,228,203,-92.00,-37.00,
2026-05-14 13:12:50,True,face,225,203,-95.00,-37.00,
2026-05-14 13:12:50,True,face,224,202,-96.00,-38.00,
2026-05-14 13:12:50,True,face,224,202,-96.00,-38.00,
2026-05-14 13:12:50,True,face,228,201,-92.00,-39.00,
2026-05-14 13:12:51,True,face,272,197,-48.00,-43.00,
2026-05-14 13:12:51,True,face,355,193,0.00,-47.00,
2026-05-14 13:12:51,True,face,361,194,0.00,-46.00,
2026-05-14 13:12:51,True,face,396,195,76.00,-45.00,
2026-05-14 13:12:51,True,face,419,200,99.00,-40.00,
2026-05-14 13:12:51,True,face,442,203,122.00,-37.00,
2026-05-14 13:12:52,True,face,444,204,124.00,-36.00,
2026-05-14 13:12:52,True,face,442,204,122.00,-36.00,
2026-05-14 13:12:52,True,face,441,204,121.00,-36.00,
2026-05-14 13:12:52,True,face,440,204,120.00,-36.00,
2026-05-14 13:12:52,True,face,435,202,115.00,-38.00,
2026-05-14 13:12:52,True,face,430,202,110.00,-38.00,
2026-05-14 13:12:52,True,face,414,197,94.00,-43.00,
2026-05-14 13:12:53,True,face,376,195,56.00,-45.00,
2026-05-14 13:12:53,True,face,320,191,0.00,-49.00,
2026-05-14 13:12:53,True,face,315,190,0.00,-50.00,
2026-05-14 13:12:53,True,face,300,192,0.00,-48.00,
2026-05-14 13:12:53,True,face,286,195,0.00,-45.00,
2026-05-14 13:12:53,True,face,273,198,-47.00,-42.00,
2026-05-14 13:12:54,True,face,283,197,0.00,-43.00,
2026-05-14 13:12:54,True,face,286,197,0.00,-43.00,
2026-05-14 13:12:54,True,face,292,197,0.00,-43.00,
2026-05-14 13:12:54,True,face,294,196,0.00,-44.00,
2026-05-14 13:12:54,True,face,297,196,0.00,-44.00,
2026-05-14 13:12:54,True,face,299,195,0.00,-45.00,
2026-05-14 13:12:55,True,face,299,194,0.00,-46.00,
2026-05-14 13:12:55,True,face,299,194,0.00,-46.00,
2026-05-14 13:12:55,True,face,300,194,0.00,-46.00,
2026-05-14 13:12:55,True,face,300,194,0.00,-46.00,
2026-05-14 13:12:55,True,face,295,193,0.00,-47.00,
2026-05-14 13:12:55,True,face,264,196,-56.00,-44.00,
2026-05-14 13:12:55,True,face,256,196,-64.00,-44.00,
2026-05-14 13:12:56,True,face,253,196,-67.00,-44.00,
2026-05-14 13:12:56,True,face,254,195,-66.00,-45.00,
2026-05-14 13:12:56,True,face,254,195,-66.00,-45.00,
2026-05-14 13:12:56,True,face,255,195,-65.00,-45.00,
2026-05-14 13:12:56,True,face,287,194,0.00,-46.00,
2026-05-14 13:12:56,True,face,303,196,0.00,-44.00,
2026-05-14 13:12:57,True,face,313,212,0.00,0.00,
2026-05-14 13:12:57,True,face,317,218,0.00,0.00,
2026-05-14 13:12:57,True,face,321,220,0.00,0.00,
2026-05-14 13:12:57,True,face,321,219,0.00,0.00,
2026-05-14 13:12:57,True,face,322,219,0.00,0.00,
2026-05-14 13:12:57,True,face,321,215,0.00,0.00,
2026-05-14 13:12:57,True,face,322,215,0.00,0.00,
2026-05-14 13:12:58,True,face,322,216,0.00,0.00,
2026-05-14 13:12:58,True,face,322,212,0.00,0.00,
2026-05-14 13:12:58,True,face,322,208,0.00,0.00,LEFT_CLICK
2026-05-14 13:12:58,True,face,324,204,0.00,-36.00,
2026-05-14 13:12:58,True,face,324,202,0.00,-38.00,
2026-05-14 13:12:58,True,face,325,201,0.00,-39.00,
2026-05-14 13:12:59,True,face,325,199,0.00,-41.00,
2026-05-14 13:12:59,True,face,327,198,0.00,-42.00,
2026-05-14 13:12:59,True,face,328,197,0.00,-43.00,
2026-05-14 13:12:59,True,face,330,194,0.00,-46.00,
2026-05-14 13:12:59,True,face,331,194,0.00,-46.00,
2026-05-14 13:12:59,True,face,331,194,0.00,-46.00,
2026-05-14 13:13:00,True,face,332,194,0.00,-46.00,
2026-05-14 13:13:00,True,face,332,194,0.00,-46.00,
2026-05-14 13:13:00,True,face,332,193,0.00,-47.00,
2026-05-14 13:13:00,True,face,332,190,0.00,-50.00,
2026-05-14 13:13:00,True,face,331,189,0.00,-51.00,
2026-05-14 13:13:00,True,face,330,189,0.00,-51.00,
2026-05-14 13:13:01,True,face,329,189,0.00,-51.00,
2026-05-14 13:13:01,True,face,327,189,0.00,-51.00,
2026-05-14 13:13:01,True,face,327,189,0.00,-51.00,
2026-05-14 13:13:01,True,face,327,189,0.00,-51.00,
2026-05-14 13:13:01,True,face,327,189,0.00,-51.00,
2026-05-14 13:13:01,True,face,326,189,0.00,-51.00,
2026-05-14 13:13:01,True,face,324,190,0.00,-50.00,
2026-05-14 13:13:02,True,face,324,191,0.00,-49.00,
2026-05-14 13:13:02,True,face,324,191,0.00,-49.00,
2026-05-14 13:13:02,True,face,325,190,0.00,-50.00,
2026-05-14 13:13:02,True,face,326,190,0.00,-50.00,
2026-05-14 13:13:02,True,face,328,188,0.00,-52.00,
2026-05-14 13:13:02,True,face,329,186,0.00,-54.00,
2026-05-14 13:13:03,True,face,329,186,0.00,-54.00,
2026-05-14 13:13:03,True,face,323,186,0.00,-54.00,
2026-05-14 13:13:03,True,face,317,186,0.00,-54.00,
2026-05-14 13:13:03,True,face,319,183,0.00,-57.00,
2026-05-14 13:13:03,True,face,323,184,0.00,-56.00,
2026-05-14 13:13:03,True,face,324,183,0.00,-57.00,
2026-05-14 13:13:03,True,face,327,182,0.00,-58.00,
2026-05-14 13:13:04,True,face,330,182,0.00,-58.00,
2026-05-14 13:13:04,True,face,333,182,0.00,-58.00,
2026-05-14 13:13:04,True,face,334,182,0.00,-58.00,
2026-05-14 13:13:04,True,face,335,182,0.00,-58.00,
2026-05-14 13:13:04,True,face,336,182,0.00,-58.00,
2026-05-14 13:13:04,True,face,336,182,0.00,-58.00,
2026-05-14 13:13:05,True,face,337,182,0.00,-58.00,
2026-05-14 13:13:05,True,face,338,182,0.00,-58.00,
2026-05-14 13:13:05,True,face,338,184,0.00,-56.00,
2026-05-14 13:13:05,True,face,339,202,0.00,-38.00,
2026-05-14 13:13:05,True,face,342,225,0.00,0.00,
2026-05-14 13:13:05,True,face,343,246,0.00,0.00,
2026-05-14 13:13:05,True,face,343,249,0.00,0.00,
2026-05-14 13:13:06,True,face,343,254,0.00,0.00,
2026-05-14 13:13:06,True,face,343,262,0.00,0.00,
2026-05-14 13:13:06,True,face,346,273,0.00,0.00,
2026-05-14 13:13:06,True,face,347,272,0.00,0.00,
2026-05-14 13:13:06,True,face,349,270,0.00,0.00,
2026-05-14 13:13:06,True,face,351,261,0.00,0.00,
2026-05-14 13:13:07,True,face,351,238,0.00,0.00,
2026-05-14 13:13:07,True,face,350,213,0.00,0.00,
2026-05-14 13:13:07,True,face,351,199,0.00,-41.00,
2026-05-14 13:13:07,True,face,352,192,0.00,-48.00,
2026-05-14 13:13:07,True,face,353,185,0.00,-55.00,
2026-05-14 13:13:07,True,face,353,179,0.00,-61.00,
2026-05-14 13:13:08,True,face,370,180,50.00,-60.00,
2026-05-14 13:13:08,True,face,417,192,97.00,-48.00,
2026-05-14 13:13:08,True,face,431,198,111.00,-42.00,
2026-05-14 13:13:08,True,face,436,199,116.00,-41.00,
2026-05-14 13:13:08,True,face,437,200,117.00,-40.00,
2026-05-14 13:13:08,True,face,436,203,116.00,-37.00,
2026-05-14 13:13:08,True,face,412,223,92.00,0.00,
2026-05-14 13:13:09,True,face,384,259,64.00,0.00,
2026-05-14 13:13:09,True,face,365,306,0.00,66.00,
2026-05-14 13:13:09,True,face,359,313,0.00,73.00,
2026-05-14 13:13:09,True,face,358,315,0.00,75.00,
2026-05-14 13:13:09,True,face,358,314,0.00,74.00,
2026-05-14 13:13:09,True,face,358,312,0.00,72.00,
2026-05-14 13:13:10,True,face,357,309,0.00,69.00,
2026-05-14 13:13:10,True,face,356,308,0.00,68.00,
2026-05-14 13:13:10,True,face,355,307,0.00,67.00,
2026-05-14 13:13:10,True,face,354,303,0.00,63.00,
2026-05-14 13:13:10,True,face,353,293,0.00,53.00,LEFT_CLICK
2026-05-14 13:13:10,True,face,353,273,0.00,0.00,
2026-05-14 13:13:11,True,face,353,269,0.00,0.00,
2026-05-14 13:13:11,True,face,354,267,0.00,0.00,
2026-05-14 13:13:11,True,face,355,266,0.00,0.00,
2026-05-14 13:13:11,True,face,354,271,0.00,0.00,
2026-05-14 13:13:11,True,face,354,274,0.00,0.00,
2026-05-14 13:13:11,True,face,359,297,0.00,57.00,
2026-05-14 13:13:12,True,face,362,329,0.00,89.00,
2026-05-14 13:13:12,True,face,360,321,0.00,81.00,
2026-05-14 13:13:12,True,face,360,317,0.00,77.00,
2026-05-14 13:13:12,True,face,362,304,0.00,64.00,
2026-05-14 13:13:12,True,face,363,272,0.00,0.00,
2026-05-14 13:13:12,True,face,367,235,47.00,0.00,
2026-05-14 13:13:12,True,face,370,218,50.00,0.00,
2026-05-14 13:13:13,True,face,372,209,52.00,0.00,
2026-05-14 13:13:13,True,face,375,200,55.00,-40.00,
2026-05-14 13:13:13,True,face,376,195,56.00,-45.00,
2026-05-14 13:13:13,True,face,376,193,56.00,-47.00,
2026-05-14 13:13:13,True,face,376,192,56.00,-48.00,
2026-05-14 13:13:13,True,face,376,191,56.00,-49.00,LEFT_CLICK
2026-05-14 13:13:14,True,face,377,191,57.00,-49.00,
2026-05-14 13:13:14,True,face,378,193,58.00,-47.00,
2026-05-14 13:13:14,True,face,380,202,60.00,-38.00,
2026-05-14 13:13:14,True,face,381,218,61.00,0.00,
2026-05-14 13:13:14,True,face,381,226,61.00,0.00,
2026-05-14 13:13:14,True,face,383,228,63.00,0.00,
2026-05-14 13:13:15,True,face,389,234,69.00,0.00,
2026-05-14 13:13:15,True,face,397,236,77.00,0.00,
2026-05-14 13:13:15,True,face,403,239,83.00,0.00,
2026-05-14 13:13:15,True,face,404,233,84.00,0.00,
2026-05-14 13:13:15,True,face,402,226,82.00,0.00,
2026-05-14 13:13:15,True,face,401,222,81.00,0.00,LEFT_CLICK
2026-05-14 13:13:16,True,face,401,218,81.00,0.00,
2026-05-14 13:13:16,True,face,401,217,81.00,0.00,LEFT_CLICK
2026-05-14 13:13:16,True,face,398,215,78.00,0.00,LEFT_CLICK
2026-05-14 13:13:16,True,face,396,212,76.00,0.00,
2026-05-14 13:13:16,True,face,393,210,73.00,0.00,
2026-05-14 13:13:16,True,face,389,207,69.00,0.00,
2026-05-14 13:13:17,True,face,383,205,63.00,0.00,
2026-05-14 13:13:17,True,face,380,203,60.00,-37.00,
2026-05-14 13:13:17,True,face,377,201,57.00,-39.00,
2026-05-14 13:13:17,True,face,375,201,55.00,-39.00,
2026-05-14 13:13:17,True,face,375,201,55.00,-39.00,
2026-05-14 13:13:17,True,face,375,200,55.00,-40.00,
2026-05-14 13:13:18,True,face,375,199,55.00,-41.00,
2026-05-14 13:13:18,True,face,375,197,55.00,-43.00,
2026-05-14 13:13:18,True,face,376,196,56.00,-44.00,
2026-05-14 13:13:18,True,face,376,196,56.00,-44.00,
2026-05-14 13:13:18,True,face,376,195,56.00,-45.00,
2026-05-14 13:13:18,True,face,376,195,56.00,-45.00,
2026-05-14 13:13:18,True,face,374,197,54.00,-43.00,
2026-05-14 13:13:19,True,face,368,205,48.00,0.00,
2026-05-14 13:13:19,True,face,366,206,46.00,0.00,
2026-05-14 13:13:19,True,face,367,206,47.00,0.00,
2026-05-14 13:13:19,True,face,367,206,47.00,0.00,
2026-05-14 13:13:19,True,face,367,206,47.00,0.00,
2026-05-14 13:13:19,True,face,369,205,49.00,0.00,
2026-05-14 13:13:20,True,face,370,204,50.00,-36.00,
2026-05-14 13:13:20,True,face,370,203,50.00,-37.00,
2026-05-14 13:13:20,True,face,370,203,50.00,-37.00,
2026-05-14 13:13:20,True,face,351,213,0.00,0.00,
2026-05-14 13:13:20,True,face,312,236,0.00,0.00,
2026-05-14 13:13:20,True,face,301,247,0.00,0.00,
2026-05-14 13:13:20,True,face,299,246,0.00,0.00,
2026-05-14 13:13:21,True,face,298,244,0.00,0.00,
2026-05-14 13:13:21,True,face,298,243,0.00,0.00,
2026-05-14 13:13:21,True,face,304,236,0.00,0.00,
2026-05-14 13:13:21,True,face,336,217,0.00,0.00,
2026-05-14 13:13:21,True,face,342,214,0.00,0.00,
2026-05-14 13:13:21,True,face,344,213,0.00,0.00,
2026-05-14 13:13:22,True,face,346,213,0.00,0.00,
2026-05-14 13:13:22,True,face,346,213,0.00,0.00,
2026-05-14 13:13:22,True,face,344,213,0.00,0.00,
2026-05-14 13:13:22,True,face,334,217,0.00,0.00,
2026-05-14 13:13:22,True,face,317,224,0.00,0.00,
2026-05-14 13:13:22,True,face,313,229,0.00,0.00,
2026-05-14 13:13:22,True,face,314,230,0.00,0.00,
2026-05-14 13:13:23,True,face,315,229,0.00,0.00,
2026-05-14 13:13:23,True,face,315,226,0.00,0.00,
2026-05-14 13:13:23,True,face,318,221,0.00,0.00,
2026-05-14 13:13:23,True,face,331,213,0.00,0.00,
2026-05-14 13:13:23,True,face,338,209,0.00,0.00,
2026-05-14 13:13:23,True,face,339,210,0.00,0.00,
2026-05-14 13:13:24,True,face,310,213,0.00,0.00,
2026-05-14 13:13:24,True,face,292,218,0.00,0.00,
2026-05-14 13:13:24,True,face,260,231,-60.00,0.00,
2026-05-14 13:13:24,True,face,258,231,-62.00,0.00,
2026-05-14 13:13:24,True,face,262,232,-58.00,0.00,
2026-05-14 13:13:24,True,face,270,231,-50.00,0.00,
2026-05-14 13:13:24,True,face,276,227,0.00,0.00,
2026-05-14 13:13:25,True,face,278,226,0.00,0.00,
2026-05-14 13:13:25,True,face,280,226,0.00,0.00,
2026-05-14 13:13:25,True,face,281,225,0.00,0.00,
2026-05-14 13:13:25,True,face,282,224,0.00,0.00,
2026-05-14 13:13:25,True,face,282,223,0.00,0.00,
2026-05-14 13:13:25,True,face,282,221,0.00,0.00,
2026-05-14 13:13:26,True,face,282,221,0.00,0.00,
2026-05-14 13:13:26,True,face,282,223,0.00,0.00,
2026-05-14 13:13:26,True,face,283,225,0.00,0.00,
2026-05-14 13:13:26,True,face,283,225,0.00,0.00,
2026-05-14 13:13:26,True,face,293,237,0.00,0.00,
2026-05-14 13:13:26,True,face,303,253,0.00,0.00,
2026-05-14 13:13:26,True,face,325,290,0.00,50.00,
2026-05-14 13:13:27,True,face,341,318,0.00,78.00,
2026-05-14 13:13:27,True,face,348,327,0.00,87.00,
2026-05-14 13:13:27,True,face,346,326,0.00,86.00,
2026-05-14 13:13:27,True,face,348,326,0.00,86.00,
2026-05-14 13:13:27,True,face,349,327,0.00,87.00,
2026-05-14 13:13:27,True,face,351,324,0.00,84.00,
2026-05-14 13:13:28,True,face,352,321,0.00,81.00,
2026-05-14 13:13:28,True,face,352,319,0.00,79.00,
2026-05-14 13:13:28,True,face,355,319,0.00,79.00,
2026-05-14 13:13:28,True,face,356,321,0.00,81.00,
2026-05-14 13:13:28,True,face,356,318,0.00,78.00,
2026-05-14 13:13:28,True,face,358,303,0.00,63.00,
2026-05-14 13:13:28,True,face,355,277,0.00,37.00,
2026-05-14 13:13:29,True,face,353,259,0.00,0.00,
2026-05-14 13:13:29,True,face,353,248,0.00,0.00,LEFT_CLICK
2026-05-14 13:13:29,True,face,353,235,0.00,0.00,
2026-05-14 13:13:29,True,face,354,234,0.00,0.00,
2026-05-14 13:13:29,True,face,355,232,0.00,0.00,
2026-05-14 13:13:30,True,face,356,232,0.00,0.00,
2026-05-14 13:13:30,True,face,356,231,0.00,0.00,
2026-05-14 13:13:30,True,face,356,229,0.00,0.00,
2026-05-14 13:13:30,True,face,356,223,0.00,0.00,
2026-05-14 13:13:30,True,face,356,219,0.00,0.00,
2026-05-14 13:13:30,True,face,356,218,0.00,0.00,
2026-05-14 13:13:30,True,face,360,218,0.00,0.00,
2026-05-14 13:13:31,True,face,367,223,47.00,0.00,
2026-05-14 13:13:31,True,face,381,226,61.00,0.00,
2026-05-14 13:13:31,True,face,402,237,82.00,0.00,
2026-05-14 13:13:31,True,face,429,246,109.00,0.00,
2026-05-14 13:13:31,True,face,441,246,121.00,0.00,
2026-05-14 13:13:31,True,face,443,245,123.00,0.00,
2026-05-14 13:13:32,True,face,441,244,121.00,0.00,
2026-05-14 13:13:32,True,face,440,239,120.00,0.00,
2026-05-14 13:13:32,True,face,438,234,118.00,0.00,
2026-05-14 13:13:32,True,face,436,232,116.00,0.00,
2026-05-14 13:13:32,True,face,431,227,111.00,0.00,
2026-05-14 13:13:32,True,face,427,221,107.00,0.00,
2026-05-14 13:13:32,True,face,417,202,97.00,-38.00,
2026-05-14 13:13:33,True,face,390,174,70.00,-66.00,
2026-05-14 13:13:33,True,face,385,168,65.00,-72.00,
2026-05-14 13:13:33,True,face,383,170,63.00,-70.00,
2026-05-14 13:13:33,True,face,383,174,63.00,-66.00,
2026-05-14 13:13:33,True,face,384,179,64.00,-61.00,
2026-05-14 13:13:33,True,face,385,182,65.00,-58.00,
2026-05-14 13:13:34,True,face,386,181,66.00,-59.00,
2026-05-14 13:13:34,True,face,386,181,66.00,-59.00,
2026-05-14 13:13:34,True,face,386,181,66.00,-59.00,
2026-05-14 13:13:34,True,face,386,181,66.00,-59.00,
2026-05-14 13:13:34,True,face,386,180,66.00,-60.00,
2026-05-14 13:13:34,True,face,387,174,67.00,-66.00,
2026-05-14 13:13:34,True,face,387,172,67.00,-68.00,
2026-05-14 13:13:35,True,face,386,173,66.00,-67.00,
2026-05-14 13:13:35,True,face,386,173,66.00,-67.00,
2026-05-14 13:13:35,True,face,386,173,66.00,-67.00,
2026-05-14 13:13:35,True,face,385,174,65.00,-66.00,
2026-05-14 13:13:35,True,face,385,175,65.00,-65.00,
2026-05-14 13:13:35,True,face,384,180,64.00,-60.00,
2026-05-14 13:13:36,True,face,384,182,64.00,-58.00,
2026-05-14 13:13:36,True,face,384,183,64.00,-57.00,
2026-05-14 13:13:36,True,face,384,183,64.00,-57.00,
2026-05-14 13:13:36,True,face,384,186,64.00,-54.00,
2026-05-14 13:13:36,True,face,384,186,64.00,-54.00,
2026-05-14 13:13:36,True,face,383,186,63.00,-54.00,
2026-05-14 13:13:36,True,face,383,187,63.00,-53.00,
2026-05-14 13:13:36,True,face,383,187,63.00,-53.00,
2026-05-14 13:13:36,True,face,383,187,63.00,-53.00,
2026-05-14 13:13:36,True,face,383,188,63.00,-52.00,
2026-05-14 13:13:36,True,face,383,188,63.00,-52.00,
2026-05-14 13:13:36,True,face,383,188,63.00,-52.00,
2026-05-14 13:13:36,True,face,383,189,63.00,-51.00,
2026-05-14 13:13:36,True,face,383,189,63.00,-51.00,
2026-05-14 13:13:36,True,face,383,189,63.00,-51.00,
2026-05-14 13:13:36,True,face,383,189,63.00,-51.00,
2026-05-14 13:13:37,True,face,383,189,63.00,-51.00,
2026-05-14 13:13:37,True,face,383,189,63.00,-51.00,
2026-05-14 13:13:37,True,face,383,189,63.00,-51.00,
2026-05-14 13:13:37,True,face,383,190,63.00,-50.00,
2026-05-14 13:13:37,True,face,383,190,63.00,-50.00,
2026-05-14 13:13:37,True,face,383,190,63.00,-50.00,
2026-05-14 13:13:37,True,face,383,190,63.00,-50.00,
2026-05-14 13:13:37,True,face,383,190,63.00,-50.00,
2026-05-14 13:13:37,True,face,383,190,63.00,-50.00,
2026-05-14 13:13:37,True,face,383,189,63.00,-51.00,
2026-05-14 13:13:37,True,face,383,189,63.00,-51.00,
2026-05-14 13:13:37,True,face,382,189,62.00,-51.00,
2026-05-14 13:13:37,True,face,382,191,62.00,-49.00,
2026-05-14 13:13:37,True,face,381,191,61.00,-49.00,
2026-05-14 13:13:37,True,face,381,191,61.00,-49.00,
2026-05-14 13:13:37,True,face,381,193,61.00,-47.00,
2026-05-14 13:13:37,True,face,381,193,61.00,-47.00,
2026-05-14 13:13:37,True,face,381,193,61.00,-47.00,
2026-05-14 13:13:38,True,face,381,193,61.00,-47.00,
2026-05-14 13:13:38,True,face,381,194,61.00,-46.00,
2026-05-14 13:13:38,True,face,380,194,60.00,-46.00,
2026-05-14 13:13:38,True,face,380,194,60.00,-46.00,
2026-05-14 13:13:38,True,face,380,194,60.00,-46.00,
2026-05-14 13:13:38,True,face,380,194,60.00,-46.00,
2026-05-14 13:13:38,True,face,380,194,60.00,-46.00,
2026-05-14 13:13:38,True,face,380,194,60.00,-46.00,LEFT_CLICK
2026-05-14 13:13:38,True,face,380,194,60.00,-46.00,LEFT_CLICK
2026-05-14 13:13:38,True,face,380,194,60.00,-46.00,
2026-05-14 13:13:38,True,face,380,195,60.00,-45.00,
2026-05-14 13:13:38,True,face,380,195,60.00,-45.00,
2026-05-14 13:13:38,True,face,380,195,60.00,-45.00,
2026-05-14 13:13:38,True,face,380,195,60.00,-45.00,
2026-05-14 13:13:38,True,face,379,195,59.00,-45.00,
2026-05-14 13:13:38,True,face,379,195,59.00,-45.00,LEFT_CLICK
2026-05-14 13:13:39,True,face,379,195,59.00,-45.00,
2026-05-14 13:13:39,True,face,379,195,59.00,-45.00,
2026-05-14 13:13:39,True,face,379,195,59.00,-45.00,
2026-05-14 13:13:39,True,face,379,194,59.00,-46.00,
2026-05-14 13:13:39,True,face,379,195,59.00,-45.00,
2026-05-14 13:13:39,True,face,379,194,59.00,-46.00,
2026-05-14 13:13:39,True,face,378,194,58.00,-46.00,
2026-05-14 13:13:39,True,face,377,194,57.00,-46.00,
2026-05-14 13:13:39,True,face,377,194,57.00,-46.00,
2026-05-14 13:13:39,True,face,377,194,57.00,-46.00,
2026-05-14 13:13:39,True,face,376,194,56.00,-46.00,
2026-05-14 13:13:39,True,face,375,194,55.00,-46.00,
2026-05-14 13:13:39,True,face,374,194,54.00,-46.00,
2026-05-14 13:13:39,True,face,374,195,54.00,-45.00,
2026-05-14 13:13:39,True,face,373,194,53.00,-46.00,LEFT_CLICK
2026-05-14 13:13:39,True,face,373,194,53.00,-46.00,
2026-05-14 13:13:39,True,face,372,194,52.00,-46.00,
2026-05-14 13:13:40,True,face,372,194,52.00,-46.00,LEFT_CLICK
2026-05-14 13:13:40,True,face,371,195,51.00,-45.00,
2026-05-14 13:13:40,True,face,371,195,51.00,-45.00,LEFT_CLICK
2026-05-14 13:14:24,True,face,334,212,0.00,0.00,
2026-05-14 13:14:25,True,face,335,213,0.00,0.00,LEFT_CLICK
2026-05-14 13:14:25,True,face,336,213,0.00,0.00,
2026-05-14 13:14:25,True,face,336,212,0.00,0.00,
2026-05-14 13:14:25,True,face,336,212,0.00,0.00,LEFT_CLICK
2026-05-14 13:14:25,True,face,336,212,0.00,0.00,
2026-05-14 13:14:26,True,face,335,212,0.00,0.00,
2026-05-14 13:14:26,True,face,335,216,0.00,0.00,
2026-05-14 13:14:26,True,face,335,217,0.00,0.00,LEFT_CLICK
2026-05-14 13:14:26,True,face,334,218,0.00,0.00,
2026-05-14 13:14:26,True,face,334,218,0.00,0.00,
2026-05-14 13:14:26,True,face,334,218,0.00,0.00,
2026-05-14 13:14:26,True,face,334,218,0.00,0.00,
2026-05-14 13:14:26,True,face,334,218,0.00,0.00,
2026-05-14 13:14:27,True,face,335,217,0.00,0.00,
2026-05-14 13:14:27,True,face,335,217,0.00,0.00,
2026-05-14 13:14:27,True,face,335,216,0.00,0.00,
2026-05-14 13:14:27,True,face,335,216,0.00,0.00,
2026-05-14 13:14:27,True,face,336,216,0.00,0.00,
2026-05-14 13:14:27,True,face,336,216,0.00,0.00,
2026-05-14 13:14:27,True,face,335,212,0.00,0.00,
2026-05-14 13:14:27,True,face,335,208,0.00,0.00,
2026-05-14 13:14:27,True,face,334,193,0.00,-47.00,
2026-05-14 13:14:28,True,face,334,182,0.00,-58.00,
2026-05-14 13:14:28,True,face,337,178,0.00,-62.00,
2026-05-14 13:14:28,True,face,338,181,0.00,-59.00,
2026-05-14 13:14:28,True,face,338,182,0.00,-58.00,
2026-05-14 13:14:28,True,face,339,182,0.00,-58.00,
2026-05-14 13:14:28,True,face,339,183,0.00,-57.00,
2026-05-14 13:14:29,True,face,339,184,0.00,-56.00,
2026-05-14 13:14:29,True,face,338,184,0.00,-56.00,
2026-05-14 13:14:29,True,face,337,184,0.00,-56.00,
2026-05-14 13:14:29,True,face,337,183,0.00,-57.00,
2026-05-14 13:14:29,True,face,336,183,0.00,-57.00,
2026-05-14 13:14:29,True,face,336,184,0.00,-56.00,
2026-05-14 13:14:29,True,face,336,185,0.00,-55.00,
2026-05-14 13:14:30,True,face,337,185,0.00,-55.00,
2026-05-14 13:14:30,True,face,337,185,0.00,-55.00,
2026-05-14 13:14:30,True,face,337,185,0.00,-55.00,
2026-05-14 13:14:30,True,face,336,187,0.00,-53.00,
2026-05-14 13:14:30,True,face,336,189,0.00,-51.00,
2026-05-14 13:14:30,True,face,337,198,0.00,-42.00,
2026-05-14 13:14:31,True,face,337,203,0.00,-37.00,
2026-05-14 13:14:31,True,face,336,207,0.00,0.00,
2026-05-14 13:14:31,True,face,337,206,0.00,0.00,
2026-05-14 13:14:31,True,face,337,208,0.00,0.00,
2026-05-14 13:14:31,True,face,337,213,0.00,0.00,
2026-05-14 13:14:31,True,face,337,214,0.00,0.00,
2026-05-14 13:14:31,True,face,338,213,0.00,0.00,
2026-05-14 13:14:32,True,face,338,213,0.00,0.00,
2026-05-14 13:14:32,True,face,338,213,0.00,0.00,
2026-05-14 13:14:32,True,face,337,212,0.00,0.00,
2026-05-14 13:14:32,True,face,337,212,0.00,0.00,
2026-05-14 13:14:32,True,face,337,212,0.00,0.00,
2026-05-14 13:14:32,True,face,337,212,0.00,0.00,
2026-05-14 13:14:33,True,face,337,212,0.00,0.00,
2026-05-14 13:14:33,True,face,337,211,0.00,0.00,
2026-05-14 13:14:33,True,face,337,211,0.00,0.00,
2026-05-14 13:14:33,True,face,337,211,0.00,0.00,
2026-05-14 13:14:33,True,face,336,211,0.00,0.00,
2026-05-14 13:14:33,True,face,336,212,0.00,0.00,
2026-05-14 13:14:33,True,face,336,212,0.00,0.00,
2026-05-14 13:14:34,True,face,336,212,0.00,0.00,
2026-05-14 13:14:34,True,face,336,211,0.00,0.00,
2026-05-14 13:14:34,True,face,337,213,0.00,0.00,
2026-05-14 13:14:34,True,face,336,215,0.00,0.00,
2026-05-14 13:14:34,True,face,336,215,0.00,0.00,LEFT_CLICK
2026-05-14 13:14:34,True,face,337,215,0.00,0.00,LEFT_CLICK
2026-05-14 13:14:35,True,face,338,215,0.00,0.00,
2026-05-14 13:14:35,True,face,339,215,0.00,0.00,
2026-05-14 13:14:35,True,face,340,214,0.00,0.00,
2026-05-14 13:14:35,True,face,341,214,0.00,0.00,
2026-05-14 13:14:35,True,face,341,212,0.00,0.00,
2026-05-14 13:14:35,True,face,342,212,0.00,0.00,
2026-05-14 13:14:36,True,face,342,212,0.00,0.00,
2026-05-14 13:14:36,True,face,341,199,0.00,-41.00,
2026-05-14 13:14:36,True,face,340,183,0.00,-57.00,
2026-05-14 13:14:36,True,face,342,178,0.00,-62.00,
2026-05-14 13:14:36,True,face,343,179,0.00,-61.00,
2026-05-14 13:14:36,True,face,343,180,0.00,-60.00,
2026-05-14 13:14:36,True,face,343,181,0.00,-59.00,
2026-05-14 13:14:37,True,face,343,181,0.00,-59.00,
2026-05-14 13:14:37,True,face,343,181,0.00,-59.00,
2026-05-14 13:14:37,True,face,343,181,0.00,-59.00,
2026-05-14 13:14:37,True,face,343,181,0.00,-59.00,
2026-05-14 13:14:37,True,face,343,183,0.00,-57.00,
2026-05-14 13:14:37,True,face,343,192,0.00,-48.00,
2026-05-14 13:14:38,True,face,343,200,0.00,-40.00,
2026-05-14 13:14:38,True,face,342,205,0.00,0.00,
2026-05-14 13:14:38,True,face,343,210,0.00,0.00,
2026-05-14 13:14:38,True,face,344,212,0.00,0.00,
2026-05-14 13:14:38,True,face,345,212,0.00,0.00,
2026-05-14 13:14:38,True,face,345,213,0.00,0.00,
2026-05-14 13:14:38,True,face,345,213,0.00,0.00,
2026-05-14 13:14:39,True,face,346,213,0.00,0.00,
2026-05-14 13:14:39,True,face,346,212,0.00,0.00,
2026-05-14 13:14:39,True,face,347,212,0.00,0.00,
2026-05-14 13:14:39,True,face,347,212,0.00,0.00,
2026-05-14 13:14:39,True,face,347,212,0.00,0.00,
2026-05-14 13:14:39,True,face,348,211,0.00,0.00,
2026-05-14 13:14:40,True,face,348,211,0.00,0.00,
2026-05-14 13:14:40,True,face,348,210,0.00,0.00,
2026-05-14 13:14:40,True,face,348,210,0.00,0.00,
2026-05-14 13:14:40,True,face,348,210,0.00,0.00,
2026-05-14 13:14:40,True,face,349,209,0.00,0.00,
2026-05-14 13:14:40,True,face,349,209,0.00,0.00,
2026-05-14 13:14:40,True,face,349,209,0.00,0.00,
2026-05-14 13:14:41,True,face,349,209,0.00,0.00,
2026-05-14 13:14:41,True,face,349,209,0.00,0.00,
2026-05-14 13:14:41,True,face,350,209,0.00,0.00,
2026-05-14 13:14:41,True,face,350,209,0.00,0.00,
2026-05-14 13:14:41,True,face,350,209,0.00,0.00,
2026-05-14 13:14:41,True,face,350,209,0.00,0.00,
2026-05-14 13:14:42,True,face,351,209,0.00,0.00,
2026-05-14 13:14:42,True,face,351,210,0.00,0.00,
2026-05-14 13:14:42,True,face,351,210,0.00,0.00,
2026-05-14 13:14:42,True,face,352,210,0.00,0.00,
2026-05-14 13:14:42,True,face,352,211,0.00,0.00,
2026-05-14 13:14:42,True,face,353,211,0.00,0.00,
2026-05-14 13:14:42,True,face,353,211,0.00,0.00,
2026-05-14 13:14:43,True,face,352,211,0.00,0.00,
2026-05-14 13:14:43,True,face,352,212,0.00,0.00,
2026-05-14 13:14:43,True,face,339,223,0.00,0.00,
2026-05-14 13:14:43,True,face,322,233,0.00,0.00,
2026-05-14 13:14:43,True,face,319,239,0.00,0.00,
2026-05-14 13:14:43,True,face,324,238,0.00,0.00,
2026-05-14 13:14:44,True,face,345,233,0.00,0.00,
2026-05-14 13:14:44,True,face,355,231,0.00,0.00,
2026-05-14 13:14:44,True,face,368,226,48.00,0.00,
2026-05-14 13:14:44,True,face,385,221,65.00,0.00,
2026-05-14 13:14:44,True,face,419,216,99.00,0.00,
2026-05-14 13:14:44,True,face,479,213,159.00,0.00,
2026-05-14 13:14:44,True,face,553,219,233.00,0.00,
2026-05-14 13:14:44,False,face,,,0.00,0.00,
2026-05-14 13:14:45,False,face,,,0.00,0.00,
2026-05-14 13:14:45,False,face,,,0.00,0.00,LEFT_CLICK
2026-05-14 13:14:45,False,face,,,0.00,0.00,LEFT_CLICK
2026-05-14 13:14:45,False,face,,,0.00,0.00,LEFT_CLICK
2026-05-14 13:14:45,False,face,,,0.00,0.00,
2026-05-14 13:14:45,False,face,,,0.00,0.00,
2026-05-14 13:14:45,False,face,,,0.00,0.00,
2026-05-14 13:14:45,False,face,,,0.00,0.00,
2026-05-14 13:14:45,False,face,,,0.00,0.00,
2026-05-14 13:14:45,False,face,,,0.00,0.00,
2026-05-14 13:14:45,False,face,,,0.00,0.00,
2026-05-14 13:14:45,False,face,,,0.00,0.00,
2026-05-14 13:14:45,False,face,,,0.00,0.00,LEFT_CLICK
2026-05-14 13:14:45,False,face,,,0.00,0.00,
2026-05-14 13:14:45,False,face,,,0.00,0.00,
2026-05-14 13:14:45,False,face,,,0.00,0.00,LEFT_CLICK
2026-05-14 13:14:45,True,face,618,204,298.00,-36.00,
2026-05-14 13:14:46,True,face,590,192,270.00,-48.00,
2026-05-14 13:14:46,True,face,566,187,246.00,-53.00,
2026-05-14 13:14:46,True,face,523,183,203.00,-57.00,
2026-05-14 13:14:46,True,face,503,182,183.00,-58.00,
2026-05-14 13:14:46,True,face,489,179,169.00,-61.00,
2026-05-14 13:14:46,True,face,479,178,159.00,-62.00,
2026-05-14 13:14:46,True,face,476,175,156.00,-65.00,
2026-05-14 13:14:47,True,face,473,174,153.00,-66.00,
2026-05-14 13:14:47,True,face,460,174,140.00,-66.00,
2026-05-14 13:14:47,True,face,448,173,128.00,-67.00,
2026-05-14 13:14:47,True,face,440,171,120.00,-69.00,LEFT_CLICK
2026-05-14 13:14:47,True,face,428,173,108.00,-67.00,LEFT_CLICK
2026-05-14 13:14:47,True,face,420,177,100.00,-63.00,
2026-05-14 13:14:48,True,face,416,178,96.00,-62.00,
2026-05-14 13:14:48,True,face,424,177,104.00,-63.00,
2026-05-14 13:14:48,True,face,432,178,112.00,-62.00,
2026-05-14 13:14:48,True,face,419,178,99.00,-62.00,
2026-05-14 13:14:48,True,face,377,175,57.00,-65.00,
2026-05-14 13:14:48,True,face,335,178,0.00,-62.00,
2026-05-14 13:14:49,True,face,309,189,0.00,-51.00,
2026-05-14 13:14:49,True,face,283,199,0.00,-41.00,
2026-05-14 13:14:49,True,face,279,201,0.00,-39.00,
2026-05-14 13:14:49,True,face,279,203,0.00,-37.00,
2026-05-14 13:14:49,True,face,282,203,0.00,-37.00,
2026-05-14 13:14:49,True,face,282,203,0.00,-37.00,
2026-05-14 13:14:49,True,face,284,202,0.00,-38.00,
2026-05-14 13:14:50,True,face,285,201,0.00,-39.00,LEFT_CLICK
2026-05-14 13:14:50,True,face,281,202,0.00,-38.00,
2026-05-14 13:14:50,True,face,269,204,-51.00,-36.00,
2026-05-14 13:14:50,True,face,239,213,-81.00,0.00,
2026-05-14 13:14:50,False,face,,,0.00,0.00,
2026-05-14 13:14:50,True,face,218,213,-102.00,0.00,
2026-05-14 13:14:51,True,face,220,212,-100.00,0.00,
2026-05-14 13:14:51,True,face,225,209,-95.00,0.00,
2026-05-14 13:14:51,True,face,229,209,-91.00,0.00,
2026-05-14 13:14:51,True,face,233,209,-87.00,0.00,
2026-05-14 13:14:51,True,face,240,207,-80.00,0.00,
2026-05-14 13:14:51,True,face,254,202,-66.00,-38.00,LEFT_CLICK
2026-05-14 13:14:51,True,face,266,203,-54.00,-37.00,LEFT_CLICK
2026-05-14 13:14:52,True,face,276,203,0.00,-37.00,LEFT_CLICK
2026-05-14 13:14:52,True,face,282,201,0.00,-39.00,LEFT_CLICK
2026-05-14 13:14:52,True,face,285,200,0.00,-40.00,
2026-05-14 13:14:52,True,face,286,199,0.00,-41.00,
2026-05-14 13:14:52,True,face,283,198,0.00,-42.00,
2026-05-14 13:14:52,True,face,271,198,-49.00,-42.00,
2026-05-14 13:14:53,True,face,253,205,-67.00,0.00,
2026-05-14 13:14:53,True,face,245,203,-75.00,-37.00,
2026-05-14 13:14:53,True,face,246,195,-74.00,-45.00,
2026-05-14 13:14:53,True,face,254,192,-66.00,-48.00,
2026-05-14 13:14:53,True,face,272,188,-48.00,-52.00,
2026-05-14 13:14:53,True,face,294,184,0.00,-56.00,
2026-05-14 13:14:53,True,face,321,180,0.00,-60.00,
2026-05-14 13:14:54,True,face,330,177,0.00,-63.00,
2026-05-14 13:14:54,True,face,345,167,0.00,-73.00,
2026-05-14 13:14:54,True,face,360,152,0.00,-88.00,
2026-05-14 13:14:54,True,face,378,139,58.00,-101.00,
2026-05-14 13:14:54,True,face,382,138,62.00,-102.00,
2026-05-14 13:14:54,True,face,383,140,63.00,-100.00,
2026-05-14 13:14:55,True,face,391,159,71.00,-81.00,
2026-05-14 13:14:55,True,face,395,219,75.00,0.00,
2026-05-14 13:14:55,False,face,,,0.00,0.00,
2026-05-14 13:14:55,True,face,411,281,91.00,41.00,
2026-05-14 13:14:55,True,face,412,291,92.00,51.00,
2026-05-14 13:14:55,True,face,410,300,90.00,60.00,
2026-05-14 13:14:55,True,face,404,306,84.00,66.00,
2026-05-14 13:14:56,True,face,404,307,84.00,67.00,
2026-05-14 13:14:56,True,face,402,308,82.00,68.00,
2026-05-14 13:14:56,True,face,401,308,81.00,68.00,
2026-05-14 13:14:56,True,face,400,308,80.00,68.00,
2026-05-14 13:14:56,True,face,399,306,79.00,66.00,
2026-05-14 13:14:56,True,face,400,306,80.00,66.00,
2026-05-14 13:14:56,True,face,399,307,79.00,67.00,
2026-05-14 13:14:57,True,face,400,308,80.00,68.00,
2026-05-14 13:14:57,True,face,400,307,80.00,67.00,
2026-05-14 13:14:57,True,face,399,303,79.00,63.00,
2026-05-14 13:14:57,True,face,396,276,76.00,36.00,
2026-05-14 13:14:57,True,face,394,261,74.00,0.00,
2026-05-14 13:14:57,True,face,392,244,72.00,0.00,
2026-05-14 13:14:58,True,face,389,234,69.00,0.00,
2026-05-14 13:14:58,True,face,387,225,67.00,0.00,
2026-05-14 13:14:58,True,face,387,222,67.00,0.00,
2026-05-14 13:14:58,True,face,387,219,67.00,0.00,
2026-05-14 13:14:58,True,face,387,218,67.00,0.00,
2026-05-14 13:14:58,True,face,388,218,68.00,0.00,
2026-05-14 13:14:58,True,face,389,218,69.00,0.00,
2026-05-14 13:14:59,True,face,390,218,70.00,0.00,
2026-05-14 13:14:59,True,face,391,218,71.00,0.00,
2026-05-14 13:14:59,True,face,395,223,75.00,0.00,
2026-05-14 13:14:59,True,face,398,230,78.00,0.00,
2026-05-14 13:14:59,True,face,402,260,82.00,0.00,
2026-05-14 13:14:59,True,face,403,311,83.00,71.00,
2026-05-14 13:15:00,True,face,406,323,86.00,83.00,
2026-05-14 13:15:00,True,face,407,323,87.00,83.00,
2026-05-14 13:15:00,True,face,408,322,88.00,82.00,
2026-05-14 13:15:00,True,face,406,320,86.00,80.00,
2026-05-14 13:15:00,True,face,405,316,85.00,76.00,
2026-05-14 13:15:00,True,face,411,311,91.00,71.00,
2026-05-14 13:15:00,True,face,419,309,99.00,69.00,
2026-05-14 13:15:01,True,face,417,301,97.00,61.00,
2026-05-14 13:15:01,True,face,390,289,70.00,49.00,
2026-05-14 13:15:01,True,face,349,265,0.00,0.00,
2026-05-14 13:15:01,True,face,311,222,0.00,0.00,
2026-05-14 13:15:01,True,face,320,208,0.00,0.00,
2026-05-14 13:15:01,True,face,324,200,0.00,-40.00,
2026-05-14 13:15:02,True,face,324,196,0.00,-44.00,
2026-05-14 13:15:02,True,face,317,187,0.00,-53.00,
2026-05-14 13:15:02,True,face,313,185,0.00,-55.00,
2026-05-14 13:15:02,True,face,315,185,0.00,-55.00,
2026-05-14 13:15:02,True,face,319,185,0.00,-55.00,
2026-05-14 13:15:02,True,face,323,184,0.00,-56.00,
2026-05-14 13:15:03,True,face,316,182,0.00,-58.00,
2026-05-14 13:15:03,True,face,276,181,0.00,-59.00,
2026-05-14 13:15:03,True,face,258,182,-62.00,-58.00,
2026-05-14 13:15:03,True,face,261,182,-59.00,-58.00,
2026-05-14 13:15:03,True,face,265,182,-55.00,-58.00,
2026-05-14 13:15:03,True,face,265,181,-55.00,-59.00,
2026-05-14 13:15:03,True,face,265,182,-55.00,-58.00,
2026-05-14 13:15:04,True,face,268,182,-52.00,-58.00,
2026-05-14 13:15:04,True,face,269,182,-51.00,-58.00,
2026-05-14 13:15:04,True,face,270,181,-50.00,-59.00,
2026-05-14 13:15:04,True,face,270,181,-50.00,-59.00,
2026-05-14 13:15:04,True,face,270,181,-50.00,-59.00,
2026-05-14 13:15:04,True,face,270,181,-50.00,-59.00,
2026-05-14 13:15:04,True,face,269,181,-51.00,-59.00,
2026-05-14 13:15:05,True,face,283,181,0.00,-59.00,
2026-05-14 13:15:05,True,face,315,182,0.00,-58.00,
2026-05-14 13:15:05,True,face,330,181,0.00,-59.00,
2026-05-14 13:15:05,True,face,334,181,0.00,-59.00,
2026-05-14 13:15:05,True,face,332,180,0.00,-60.00,
2026-05-14 13:15:05,True,face,334,180,0.00,-60.00,
2026-05-14 13:15:06,True,face,339,184,0.00,-56.00,
2026-05-14 13:15:06,True,face,344,191,0.00,-49.00,
2026-05-14 13:15:06,False,face,,,0.00,0.00,
2026-05-14 13:15:06,True,face,360,265,0.00,0.00,
2026-05-14 13:15:06,True,face,346,275,0.00,0.00,
2026-05-14 13:15:06,True,face,341,276,0.00,36.00,
2026-05-14 13:15:06,True,face,342,278,0.00,38.00,
2026-05-14 13:15:07,True,face,340,280,0.00,40.00,
2026-05-14 13:15:07,True,face,340,283,0.00,43.00,
2026-05-14 13:15:07,True,face,342,284,0.00,44.00,
2026-05-14 13:15:07,True,face,347,285,0.00,45.00,
2026-05-14 13:15:07,True,face,352,287,0.00,47.00,
2026-05-14 13:15:07,True,face,351,288,0.00,48.00,
2026-05-14 13:15:07,True,face,351,285,0.00,45.00,
2026-05-14 13:15:08,True,face,351,283,0.00,43.00,
2026-05-14 13:15:08,True,face,351,279,0.00,39.00,
2026-05-14 13:15:08,True,face,350,274,0.00,0.00,
2026-05-14 13:15:08,True,face,347,270,0.00,0.00,
2026-05-14 13:15:08,True,face,319,258,0.00,0.00,
2026-05-14 13:15:08,True,face,291,230,0.00,0.00,
2026-05-14 13:15:09,True,face,290,223,0.00,0.00,
2026-05-14 13:15:09,True,face,292,219,0.00,0.00,
2026-05-14 13:15:09,True,face,291,214,0.00,0.00,
2026-05-14 13:15:09,True,face,292,213,0.00,0.00,
2026-05-14 13:15:09,True,face,283,203,0.00,-37.00,
2026-05-14 13:15:09,True,face,283,197,0.00,-43.00,
2026-05-14 13:15:09,True,face,284,199,0.00,-41.00,
2026-05-14 13:15:10,True,face,284,196,0.00,-44.00,
2026-05-14 13:15:10,True,face,288,197,0.00,-43.00,
2026-05-14 13:15:10,True,face,295,198,0.00,-42.00,
2026-05-14 13:15:10,True,face,296,198,0.00,-42.00,
2026-05-14 13:15:10,True,face,299,198,0.00,-42.00,
2026-05-14 13:15:10,True,face,301,198,0.00,-42.00,
2026-05-14 13:15:11,True,face,324,195,0.00,-45.00,
2026-05-14 13:15:11,True,face,345,191,0.00,-49.00,
2026-05-14 13:15:11,True,face,364,188,0.00,-52.00,
2026-05-14 13:15:11,True,face,384,184,64.00,-56.00,
2026-05-14 13:15:11,True,face,409,177,89.00,-63.00,
2026-05-14 13:15:11,True,face,407,170,87.00,-70.00,
2026-05-14 13:15:11,True,face,404,163,84.00,-77.00,
2026-05-14 13:15:12,True,face,403,163,83.00,-77.00,
2026-05-14 13:15:12,True,face,402,164,82.00,-76.00,
2026-05-14 13:15:12,True,face,402,175,82.00,-65.00,
2026-05-14 13:15:12,False,face,,,0.00,0.00,
2026-05-14 13:15:12,True,face,413,285,93.00,45.00,
2026-05-14 13:15:12,True,face,413,307,93.00,67.00,
2026-05-14 13:15:12,True,face,415,307,95.00,67.00,
2026-05-14 13:15:13,True,face,415,308,95.00,68.00,
2026-05-14 13:15:13,True,face,414,310,94.00,70.00,
2026-05-14 13:15:13,True,face,412,309,92.00,69.00,
2026-05-14 13:15:13,True,face,408,309,88.00,69.00,
2026-05-14 13:15:13,True,face,407,310,87.00,70.00,
2026-05-14 13:15:13,True,face,407,314,87.00,74.00,
2026-05-14 13:15:13,True,face,407,315,87.00,75.00,
2026-05-14 13:15:14,True,face,407,319,87.00,79.00,
2026-05-14 13:15:14,True,face,406,319,86.00,79.00,
2026-05-14 13:15:14,True,face,406,320,86.00,80.00,
2026-05-14 13:15:14,True,face,407,321,87.00,81.00,
2026-05-14 13:15:14,True,face,407,322,87.00,82.00,
2026-05-14 13:15:14,True,face,407,322,87.00,82.00,
2026-05-14 13:15:15,True,face,407,322,87.00,82.00,
2026-05-14 13:15:15,True,face,407,321,87.00,81.00,
2026-05-14 13:15:15,True,face,407,321,87.00,81.00,
2026-05-14 13:15:15,True,face,406,320,86.00,80.00,
2026-05-14 13:15:15,True,face,407,320,87.00,80.00,
2026-05-14 13:15:15,True,face,407,320,87.00,80.00,
2026-05-14 13:15:15,True,face,387,311,67.00,71.00,
2026-05-14 13:15:16,True,face,345,292,0.00,52.00,
2026-05-14 13:15:16,True,face,306,269,0.00,0.00,
2026-05-14 13:15:16,True,face,298,250,0.00,0.00,
2026-05-14 13:15:16,True,face,302,236,0.00,0.00,
2026-05-14 13:15:16,True,face,301,234,0.00,0.00,
2026-05-14 13:15:16,True,face,300,230,0.00,0.00,
2026-05-14 13:15:17,True,face,286,221,0.00,0.00,
2026-05-14 13:15:17,True,face,266,212,-54.00,0.00,
2026-05-14 13:15:17,True,face,271,207,-49.00,0.00,
2026-05-14 13:15:17,True,face,283,206,0.00,0.00,
2026-05-14 13:15:17,True,face,288,205,0.00,0.00,
2026-05-14 13:15:17,True,face,290,205,0.00,0.00,
2026-05-14 13:15:17,True,face,291,205,0.00,0.00,
2026-05-14 13:15:18,True,face,291,205,0.00,0.00,
2026-05-14 13:15:18,True,face,290,205,0.00,0.00,
2026-05-14 13:15:18,True,face,268,203,-52.00,-37.00,
2026-05-14 13:15:18,True,face,241,198,-79.00,-42.00,
2026-05-14 13:15:18,True,face,241,194,-79.00,-46.00,
2026-05-14 13:15:18,True,face,245,195,-75.00,-45.00,
2026-05-14 13:15:18,True,face,245,195,-75.00,-45.00,
2026-05-14 13:15:19,True,face,246,195,-74.00,-45.00,
2026-05-14 13:15:19,True,face,247,194,-73.00,-46.00,
2026-05-14 13:15:19,True,face,254,195,-66.00,-45.00,
2026-05-14 13:15:19,True,face,293,198,0.00,-42.00,
2026-05-14 13:15:19,True,face,327,199,0.00,-41.00,
2026-05-14 13:15:19,True,face,343,198,0.00,-42.00,
2026-05-14 13:15:20,True,face,344,197,0.00,-43.00,
2026-05-14 13:15:20,True,face,339,196,0.00,-44.00,
2026-05-14 13:15:20,True,face,336,193,0.00,-47.00,
2026-05-14 13:15:20,True,face,326,191,0.00,-49.00,
2026-05-14 13:15:20,True,face,298,189,0.00,-51.00,
2026-05-14 13:15:20,True,face,272,189,-48.00,-51.00,
2026-05-14 13:15:20,True,face,254,192,-66.00,-48.00,
2026-05-14 13:15:21,True,face,261,199,-59.00,-41.00,
2026-05-14 13:15:21,True,face,300,233,0.00,0.00,
2026-05-14 13:15:21,True,face,334,264,0.00,0.00,
2026-05-14 13:15:21,True,face,350,271,0.00,0.00,
2026-05-14 13:15:21,True,face,352,270,0.00,0.00,
2026-05-14 13:15:21,True,face,353,269,0.00,0.00,
2026-05-14 13:15:22,True,face,354,269,0.00,0.00,
2026-05-14 13:15:22,True,face,354,270,0.00,0.00,
2026-05-14 13:15:22,True,face,353,273,0.00,0.00,
2026-05-14 13:15:22,True,face,353,274,0.00,0.00,
2026-05-14 13:15:22,True,face,353,271,0.00,0.00,
2026-05-14 13:15:22,True,face,351,269,0.00,0.00,
2026-05-14 13:15:23,True,face,352,257,0.00,0.00,
2026-05-14 13:15:23,True,face,358,236,0.00,0.00,
2026-05-14 13:15:23,True,face,364,205,0.00,0.00,
2026-05-14 13:15:23,True,face,370,198,50.00,-42.00,
2026-05-14 13:15:23,True,face,375,194,55.00,-46.00,
2026-05-14 13:15:23,True,face,376,194,56.00,-46.00,
2026-05-14 13:15:23,True,face,375,193,55.00,-47.00,
2026-05-14 13:15:24,True,face,371,191,51.00,-49.00,
2026-05-14 13:15:24,True,face,364,183,0.00,-57.00,
2026-05-14 13:15:24,True,face,362,175,0.00,-65.00,
2026-05-14 13:15:24,True,face,363,168,0.00,-72.00,
2026-05-14 13:15:24,True,face,363,168,0.00,-72.00,
2026-05-14 13:15:24,True,face,363,170,0.00,-70.00,
2026-05-14 13:15:25,True,face,361,170,0.00,-70.00,
2026-05-14 13:15:25,True,face,359,170,0.00,-70.00,
2026-05-14 13:15:25,True,face,358,173,0.00,-67.00,
2026-05-14 13:15:25,True,face,358,172,0.00,-68.00,
2026-05-14 13:15:25,True,face,356,172,0.00,-68.00,
2026-05-14 13:15:25,True,face,356,172,0.00,-68.00,
2026-05-14 13:15:25,True,face,353,172,0.00,-68.00,
2026-05-14 13:15:26,True,face,344,174,0.00,-66.00,
2026-05-14 13:15:26,True,face,329,174,0.00,-66.00,
2026-05-14 13:15:26,True,face,304,174,0.00,-66.00,
2026-05-14 13:15:26,True,face,292,177,0.00,-63.00,
2026-05-14 13:15:26,True,face,286,181,0.00,-59.00,
2026-05-14 13:15:26,True,face,280,184,0.00,-56.00,
2026-05-14 13:15:26,True,face,279,185,0.00,-55.00,
2026-05-14 13:15:27,True,face,286,186,0.00,-54.00,
2026-05-14 13:15:27,True,face,289,186,0.00,-54.00,
2026-05-14 13:15:27,True,face,291,188,0.00,-52.00,
2026-05-14 13:15:27,True,face,293,187,0.00,-53.00,
2026-05-14 13:15:27,True,face,294,187,0.00,-53.00,
2026-05-14 13:15:27,True,face,296,188,0.00,-52.00,
2026-05-14 13:15:27,True,face,297,188,0.00,-52.00,
2026-05-14 13:15:28,True,face,298,187,0.00,-53.00,
2026-05-14 13:15:28,True,face,299,188,0.00,-52.00,
2026-05-14 13:15:28,True,face,300,187,0.00,-53.00,
2026-05-14 13:15:28,True,face,301,187,0.00,-53.00,
2026-05-14 13:15:28,True,face,302,188,0.00,-52.00,
2026-05-14 13:15:28,True,face,303,188,0.00,-52.00,
2026-05-14 13:15:28,True,face,303,187,0.00,-53.00,
2026-05-14 13:15:29,True,face,305,188,0.00,-52.00,
2026-05-14 13:15:29,True,face,305,187,0.00,-53.00,
2026-05-14 13:15:29,True,face,307,188,0.00,-52.00,
2026-05-14 13:15:29,True,face,308,189,0.00,-51.00,
2026-05-14 13:15:29,True,face,310,190,0.00,-50.00,
2026-05-14 13:15:29,True,face,312,191,0.00,-49.00,
2026-05-14 13:15:30,True,face,313,192,0.00,-48.00,
2026-05-14 13:15:30,True,face,313,192,0.00,-48.00,
2026-05-14 13:15:30,True,face,316,193,0.00,-47.00,
2026-05-14 13:15:30,True,face,321,195,0.00,-45.00,
2026-05-14 13:15:30,True,face,327,196,0.00,-44.00,
2026-05-14 13:15:30,True,face,342,197,0.00,-43.00,
2026-05-14 13:15:30,True,face,353,198,0.00,-42.00,
2026-05-14 13:15:31,True,face,365,199,0.00,-41.00,
2026-05-14 13:15:31,True,face,391,201,71.00,-39.00,
2026-05-14 13:15:31,True,face,438,204,118.00,-36.00,
2026-05-14 13:15:31,False,face,,,0.00,0.00,
2026-05-14 13:15:31,True,face,543,216,223.00,0.00,
2026-05-14 13:15:31,True,face,597,225,277.00,0.00,
2026-05-14 13:15:31,True,face,644,241,324.00,0.00,
2026-05-14 13:15:31,False,face,,,0.00,0.00,
2026-05-14 13:15:31,False,face,,,0.00,0.00,
2026-05-14 13:15:31,False,face,,,0.00,0.00,
2026-05-14 13:15:32,False,face,,,0.00,0.00,
2026-05-14 13:15:32,False,face,,,0.00,0.00,
2026-05-14 13:15:32,False,face,,,0.00,0.00,
2026-05-14 13:15:32,False,face,,,0.00,0.00,
2026-05-14 13:15:32,False,face,,,0.00,0.00,
2026-05-14 13:15:32,False,face,,,0.00,0.00,
2026-05-14 13:15:32,False,face,,,0.00,0.00,
2026-05-14 13:15:32,False,face,,,0.00,0.00,
2026-05-14 13:15:32,False,face,,,0.00,0.00,
2026-05-14 13:15:32,False,face,,,0.00,0.00,
2026-05-14 13:15:32,False,face,,,0.00,0.00,
2026-05-14 13:15:32,False,face,,,0.00,0.00,
2026-05-14 13:15:32,False,face,,,0.00,0.00,
2026-05-14 13:15:32,False,face,,,0.00,0.00,
2026-05-14 13:15:32,False,face,,,0.00,0.00,
2026-05-14 13:15:32,False,face,,,0.00,0.00,
2026-05-14 13:15:32,False,face,,,0.00,0.00,
2026-05-14 13:15:32,False,face,,,0.00,0.00,
2026-05-14 13:15:32,False,face,,,0.00,0.00,
2026-05-14 13:15:32,False,face,,,0.00,0.00,
2026-05-14 13:15:32,False,face,,,0.00,0.00,
2026-05-14 13:15:32,False,face,,,0.00,0.00,
2026-05-14 13:15:32,False,face,,,0.00,0.00,
2026-05-14 13:15:32,False,face,,,0.00,0.00,
2026-05-14 13:15:32,False,face,,,0.00,0.00,
2026-05-14 13:15:32,False,face,,,0.00,0.00,
2026-05-14 13:15:32,False,face,,,0.00,0.00,
2026-05-14 13:15:32,False,face,,,0.00,0.00,
2026-05-14 13:15:32,False,face,,,0.00,0.00,
2026-05-14 13:15:32,False,face,,,0.00,0.00,
2026-05-14 13:15:33,False,face,,,0.00,0.00,
2026-05-14 13:15:33,False,face,,,0.00,0.00,
2026-05-14 13:15:33,False,face,,,0.00,0.00,
2026-05-14 13:15:33,False,face,,,0.00,0.00,
2026-05-14 13:15:33,False,face,,,0.00,0.00,
2026-05-14 13:15:33,False,face,,,0.00,0.00,
2026-05-14 13:15:33,False,face,,,0.00,0.00,
2026-05-14 13:15:33,False,face,,,0.00,0.00,
2026-05-14 13:15:33,False,face,,,0.00,0.00,
2026-05-14 13:15:33,False,face,,,0.00,0.00,
2026-05-14 13:15:33,False,face,,,0.00,0.00,
2026-05-14 13:15:33,False,face,,,0.00,0.00,
2026-05-14 13:15:33,False,face,,,0.00,0.00,
2026-05-14 13:15:33,False,face,,,0.00,0.00,
2026-05-14 13:15:33,False,face,,,0.00,0.00,
2026-05-14 13:15:33,False,face,,,0.00,0.00,
2026-05-14 13:15:33,False,face,,,0.00,0.00,
2026-05-14 13:15:33,False,face,,,0.00,0.00,
2026-05-14 13:15:33,False,face,,,0.00,0.00,
2026-05-14 13:15:33,False,face,,,0.00,0.00,
2026-05-14 13:15:33,False,face,,,0.00,0.00,
2026-05-14 13:15:33,False,face,,,0.00,0.00,
2026-05-14 13:15:33,False,face,,,0.00,0.00,
2026-05-14 13:15:33,False,face,,,0.00,0.00,
2026-05-14 13:15:33,False,face,,,0.00,0.00,
2026-05-14 13:15:33,False,face,,,0.00,0.00,
2026-05-14 13:15:33,False,face,,,0.00,0.00,
2026-05-14 13:15:33,False,face,,,0.00,0.00,
2026-05-14 13:15:33,False,face,,,0.00,0.00,
2026-05-14 13:15:33,False,face,,,0.00,0.00,
2026-05-14 13:15:33,False,face,,,0.00,0.00,
2026-05-14 13:15:34,False,face,,,0.00,0.00,
2026-05-14 13:15:34,False,face,,,0.00,0.00,
2026-05-14 13:15:34,False,face,,,0.00,0.00,
2026-05-14 13:15:34,False,face,,,0.00,0.00,
2026-05-14 13:15:34,False,face,,,0.00,0.00,
2026-05-14 13:15:34,False,face,,,0.00,0.00,
2026-05-14 13:15:34,False,face,,,0.00,0.00,
2026-05-14 13:15:34,False,face,,,0.00,0.00,
2026-05-14 13:15:34,False,face,,,0.00,0.00,
2026-05-14 13:15:34,False,face,,,0.00,0.00,
2026-05-14 13:15:34,True,face,580,256,260.00,0.00,
2026-05-14 13:15:34,True,face,491,241,171.00,0.00,
2026-05-14 13:15:34,True,face,481,242,161.00,0.00,
2026-05-14 13:15:34,True,face,470,241,150.00,0.00,
2026-05-14 13:15:34,True,face,445,237,125.00,0.00,
2026-05-14 13:15:34,True,face,412,233,92.00,0.00,
2026-05-14 13:15:34,True,face,403,233,83.00,0.00,
2026-05-14 13:15:34,True,face,371,231,51.00,0.00,
2026-05-14 13:15:34,True,face,366,230,46.00,0.00,
2026-05-14 13:15:34,True,face,360,229,0.00,0.00,
2026-05-14 13:15:35,True,face,350,229,0.00,0.00,
2026-05-14 13:15:35,True,face,345,230,0.00,0.00,
2026-05-14 13:15:35,True,face,340,230,0.00,0.00,
2026-05-14 13:15:35,True,face,326,234,0.00,0.00,
2026-05-14 13:15:35,True,face,324,235,0.00,0.00,
2026-05-14 13:15:35,True,face,321,236,0.00,0.00,
2026-05-14 13:15:35,True,face,319,237,0.00,0.00,
2026-05-14 13:15:35,True,face,317,238,0.00,0.00,
2026-05-14 13:15:35,True,face,313,239,0.00,0.00,
2026-05-14 13:15:35,True,face,312,239,0.00,0.00,
2026-05-14 13:15:35,True,face,312,239,0.00,0.00,
2026-05-14 13:15:35,True,face,312,239,0.00,0.00,
2026-05-14 13:15:35,True,face,312,239,0.00,0.00,
2026-05-14 13:15:35,True,face,313,239,0.00,0.00,
2026-05-14 13:15:35,True,face,313,239,0.00,0.00,
2026-05-14 13:15:35,True,face,313,239,0.00,0.00,
2026-05-14 13:15:35,True,face,313,240,0.00,0.00,
2026-05-14 13:15:35,True,face,314,241,0.00,0.00,
2026-05-14 13:15:36,True,face,315,241,0.00,0.00,
2026-05-14 13:15:36,True,face,315,242,0.00,0.00,
2026-05-14 13:15:36,True,face,316,242,0.00,0.00,
2026-05-14 13:15:36,True,face,318,242,0.00,0.00,
2026-05-14 13:15:36,True,face,318,242,0.00,0.00,
2026-05-14 13:15:36,True,face,319,241,0.00,0.00,
2026-05-14 13:15:36,True,face,320,240,0.00,0.00,
2026-05-14 13:15:36,True,face,328,232,0.00,0.00,
2026-05-14 13:15:36,True,face,330,232,0.00,0.00,
2026-05-14 13:15:36,True,face,332,231,0.00,0.00,
2026-05-14 13:15:36,True,face,333,231,0.00,0.00,
2026-05-14 13:15:36,True,face,334,231,0.00,0.00,
2026-05-14 13:15:36,True,face,335,230,0.00,0.00,
2026-05-14 13:15:36,True,face,338,230,0.00,0.00,
2026-05-14 13:15:36,True,face,340,230,0.00,0.00,
2026-05-14 13:15:36,True,face,340,230,0.00,0.00,
2026-05-14 13:15:36,True,face,343,227,0.00,0.00,
2026-05-14 13:15:37,True,face,344,226,0.00,0.00,LEFT_CLICK
2026-05-14 13:15:37,True,face,345,224,0.00,0.00,
2026-05-14 13:15:37,True,face,345,223,0.00,0.00,
2026-05-14 13:15:37,True,face,345,223,0.00,0.00,
2026-05-14 13:15:37,True,face,345,223,0.00,0.00,
2026-05-14 13:15:37,True,face,346,223,0.00,0.00,
