timestamp,hand_detected,hand_x,hand_y,screen_x,screen_y,event
2026-05-09 17:44:35,False,,,800,878,
2026-05-09 17:44:35,False,,,800,878,
2026-05-09 17:44:35,False,,,800,878,
2026-05-09 17:44:35,False,,,800,878,
2026-05-09 17:44:35,False,,,800,878,
2026-05-09 17:44:35,False,,,800,878,
2026-05-09 17:44:36,False,,,800,878,
2026-05-09 17:44:36,False,,,800,878,
2026-05-09 17:44:36,False,,,800,878,
2026-05-09 17:44:36,False,,,800,878,
2026-05-09 17:44:36,False,,,800,878,
2026-05-09 17:44:36,False,,,800,878,
2026-05-09 17:44:36,False,,,800,878,
2026-05-09 17:44:36,False,,,800,878,
2026-05-09 17:44:36,False,,,800,878,
2026-05-09 17:44:36,False,,,800,878,
2026-05-09 17:44:36,False,,,800,878,
2026-05-09 17:44:36,False,,,800,878,
2026-05-09 17:44:36,False,,,800,878,
2026-05-09 17:44:36,False,,,800,878,
2026-05-09 17:44:36,False,,,800,878,
2026-05-09 17:44:36,False,,,800,878,
2026-05-09 17:44:36,False,,,800,878,
2026-05-09 17:44:36,False,,,800,878,
2026-05-09 17:44:36,False,,,800,878,
2026-05-09 17:44:36,False,,,800,878,
2026-05-09 17:44:36,False,,,800,878,
2026-05-09 17:44:36,False,,,800,878,
2026-05-09 17:44:36,False,,,800,878,
2026-05-09 17:44:36,False,,,800,878,
2026-05-09 17:44:36,False,,,800,878,
2026-05-09 17:44:36,False,,,800,878,
2026-05-09 17:44:36,False,,,800,878,
2026-05-09 17:44:36,False,,,800,878,
2026-05-09 17:44:36,False,,,800,878,
2026-05-09 17:44:37,False,,,800,878,
2026-05-09 17:44:37,False,,,800,878,
2026-05-09 17:44:37,False,,,800,878,
2026-05-09 17:44:37,False,,,800,878,
2026-05-09 17:44:37,False,,,800,878,
2026-05-09 17:44:37,False,,,800,878,
2026-05-09 17:44:37,False,,,800,878,
2026-05-09 17:44:37,False,,,800,878,
2026-05-09 17:44:37,False,,,800,878,
2026-05-09 17:44:37,False,,,800,878,
2026-05-09 17:44:37,False,,,800,878,
2026-05-09 17:44:37,False,,,800,878,
2026-05-09 17:44:37,False,,,800,878,
2026-05-09 17:44:37,False,,,800,878,
2026-05-09 17:44:37,False,,,800,878,
2026-05-09 17:44:37,False,,,800,878,
2026-05-09 17:44:37,False,,,800,878,
2026-05-09 17:44:37,False,,,800,878,
2026-05-09 17:44:37,False,,,800,878,
2026-05-09 17:44:37,False,,,800,878,
2026-05-09 17:44:37,False,,,800,878,
2026-05-09 17:44:37,False,,,800,878,
2026-05-09 17:44:37,False,,,800,878,
2026-05-09 17:44:37,False,,,800,878,
2026-05-09 17:44:37,False,,,800,878,
2026-05-09 17:44:37,False,,,800,878,
2026-05-09 17:44:37,False,,,800,878,
2026-05-09 17:44:37,False,,,800,878,
2026-05-09 17:44:37,False,,,800,878,
2026-05-09 17:44:37,False,,,800,878,
2026-05-09 17:44:37,False,,,800,878,
2026-05-09 17:44:38,False,,,800,878,
2026-05-09 17:44:38,False,,,800,878,
2026-05-09 17:44:38,False,,,800,878,
2026-05-09 17:44:38,False,,,800,878,
2026-05-09 17:44:38,False,,,800,878,
2026-05-09 17:44:38,False,,,800,878,
2026-05-09 17:44:38,False,,,800,878,
2026-05-09 17:44:38,False,,,800,878,
2026-05-09 17:44:38,False,,,800,878,
2026-05-09 17:44:38,False,,,800,878,
2026-05-09 17:44:38,False,,,800,878,
2026-05-09 17:44:38,False,,,800,878,
2026-05-09 17:44:38,False,,,800,878,
2026-05-09 17:44:38,False,,,800,878,
2026-05-09 17:44:38,False,,,800,878,
2026-05-09 17:44:38,False,,,800,878,
2026-05-09 17:44:38,False,,,800,878,
2026-05-09 17:44:38,False,,,800,878,
2026-05-09 17:44:38,False,,,800,878,
2026-05-09 17:44:38,False,,,800,878,
2026-05-09 17:44:38,False,,,800,878,
2026-05-09 17:44:38,False,,,800,878,
2026-05-09 17:44:38,False,,,800,878,
2026-05-09 17:44:38,False,,,800,878,
2026-05-09 17:44:38,False,,,800,878,
2026-05-09 17:44:38,False,,,800,878,
2026-05-09 17:44:38,False,,,800,878,
2026-05-09 17:44:38,False,,,800,878,
2026-05-09 17:44:38,False,,,800,878,
2026-05-09 17:44:38,False,,,800,878,
2026-05-09 17:44:39,False,,,800,878,
2026-05-09 17:44:39,False,,,800,878,
2026-05-09 17:44:39,False,,,800,878,
2026-05-09 17:44:39,False,,,800,878,
2026-05-09 17:44:39,False,,,800,878,
2026-05-09 17:44:39,False,,,800,878,
2026-05-09 17:44:39,False,,,800,878,
2026-05-09 17:44:39,False,,,800,878,
2026-05-09 17:44:39,False,,,800,878,
2026-05-09 17:44:39,False,,,800,878,
2026-05-09 17:44:39,False,,,800,878,
2026-05-09 17:44:39,False,,,800,878,
2026-05-09 17:44:39,False,,,800,878,
2026-05-09 17:44:39,False,,,800,878,
2026-05-09 17:44:39,False,,,800,878,
2026-05-09 17:44:39,False,,,800,878,
2026-05-09 17:44:39,False,,,800,878,
2026-05-09 17:44:39,False,,,800,878,
2026-05-09 17:44:39,False,,,800,878,
2026-05-09 17:44:39,False,,,800,878,
2026-05-09 17:44:39,False,,,800,878,
2026-05-09 17:44:39,False,,,800,878,
2026-05-09 17:44:39,False,,,800,878,
2026-05-09 17:44:39,False,,,800,878,
2026-05-09 17:44:39,False,,,800,878,
2026-05-09 17:44:39,False,,,800,878,
2026-05-09 17:44:39,False,,,800,878,
2026-05-09 17:44:39,False,,,800,878,
2026-05-09 17:44:39,False,,,800,878,
2026-05-09 17:44:39,False,,,800,878,
2026-05-09 17:44:40,False,,,800,878,
2026-05-09 17:44:40,False,,,800,878,
2026-05-09 17:44:40,False,,,800,878,
2026-05-09 17:44:40,False,,,800,878,
2026-05-09 17:44:40,False,,,800,878,
2026-05-09 17:44:40,False,,,800,878,
2026-05-09 17:44:40,False,,,800,878,
2026-05-09 17:44:40,False,,,800,878,
2026-05-09 17:44:40,False,,,800,878,
2026-05-09 17:44:40,False,,,800,878,
2026-05-09 17:44:40,False,,,800,878,
2026-05-09 17:44:40,False,,,800,878,
2026-05-09 17:44:40,False,,,800,878,
2026-05-09 17:44:40,False,,,800,878,
2026-05-09 17:44:40,False,,,800,878,
2026-05-09 17:44:40,False,,,800,878,
2026-05-09 17:44:40,False,,,800,878,
2026-05-09 17:44:40,False,,,800,878,
2026-05-09 17:44:40,False,,,800,878,
2026-05-09 17:44:40,False,,,800,878,
2026-05-09 17:44:40,False,,,800,878,
2026-05-09 17:44:40,False,,,800,878,
2026-05-09 17:44:40,False,,,800,878,
2026-05-09 17:44:40,False,,,800,878,
2026-05-09 17:44:40,False,,,800,878,
2026-05-09 17:44:40,False,,,800,878,
2026-05-09 17:44:40,False,,,800,878,
2026-05-09 17:44:40,False,,,800,878,
2026-05-09 17:44:40,False,,,800,878,
2026-05-09 17:44:41,False,,,800,878,
2026-05-09 17:44:41,False,,,800,878,
2026-05-09 17:44:41,False,,,800,878,
2026-05-09 17:44:41,False,,,800,878,
2026-05-09 17:44:41,False,,,800,878,
2026-05-09 17:44:41,False,,,800,878,
2026-05-09 17:44:41,False,,,800,878,
2026-05-09 17:44:41,False,,,800,878,
2026-05-09 17:44:41,False,,,800,878,
2026-05-09 17:44:41,False,,,800,878,
2026-05-09 17:44:41,False,,,800,878,
2026-05-09 17:44:41,False,,,800,878,
2026-05-09 17:44:41,False,,,800,878,
2026-05-09 17:44:41,False,,,800,878,
2026-05-09 17:44:41,False,,,800,878,
2026-05-09 17:44:41,False,,,800,878,
2026-05-09 17:44:41,False,,,800,878,
2026-05-09 17:44:41,False,,,800,878,
2026-05-09 17:44:41,False,,,800,878,
2026-05-09 17:44:41,False,,,800,878,
2026-05-09 17:44:41,False,,,800,878,
2026-05-09 17:44:41,False,,,800,878,
2026-05-09 17:44:41,False,,,800,878,
2026-05-09 17:44:41,False,,,800,878,
2026-05-09 17:44:41,False,,,800,878,
2026-05-09 17:44:41,False,,,800,878,
2026-05-09 17:44:41,False,,,800,878,
2026-05-09 17:44:41,False,,,800,878,
2026-05-09 17:44:41,False,,,800,878,
2026-05-09 17:44:41,False,,,800,878,
2026-05-09 17:44:41,False,,,800,878,
2026-05-09 17:44:42,False,,,800,878,
2026-05-09 17:44:42,False,,,800,878,
2026-05-09 17:44:42,False,,,800,878,
2026-05-09 17:44:42,False,,,800,878,
2026-05-09 17:44:42,False,,,800,878,
2026-05-09 17:44:42,False,,,800,878,
2026-05-09 17:44:42,False,,,800,878,
2026-05-09 17:44:42,False,,,800,878,
2026-05-09 17:44:42,False,,,800,878,
2026-05-09 17:44:42,False,,,800,878,
2026-05-09 17:44:42,False,,,800,878,
2026-05-09 17:44:42,False,,,800,878,
2026-05-09 17:44:42,False,,,800,878,
2026-05-09 17:44:42,False,,,800,878,
2026-05-09 17:44:42,False,,,800,878,
2026-05-09 17:44:42,False,,,800,878,
2026-05-09 17:44:42,False,,,800,878,
2026-05-09 17:44:42,False,,,800,878,
2026-05-09 17:44:42,False,,,800,878,
2026-05-09 17:44:42,False,,,800,878,
2026-05-09 17:44:42,False,,,800,878,
2026-05-09 17:44:42,False,,,800,878,
2026-05-09 17:44:42,False,,,800,878,
2026-05-09 17:44:42,False,,,800,878,
2026-05-09 17:44:42,False,,,800,878,
2026-05-09 17:44:42,False,,,800,878,
2026-05-09 17:44:42,False,,,800,878,
2026-05-09 17:44:42,False,,,800,878,
2026-05-09 17:44:42,False,,,800,878,
2026-05-09 17:44:43,False,,,800,878,
2026-05-09 17:44:43,False,,,800,878,
2026-05-09 17:44:43,False,,,800,878,
2026-05-09 17:44:43,False,,,800,878,
2026-05-09 17:44:43,False,,,800,878,
2026-05-09 17:44:43,False,,,800,878,
2026-05-09 17:44:43,False,,,800,878,
2026-05-09 17:44:43,False,,,800,878,
2026-05-09 17:44:43,False,,,800,878,
2026-05-09 17:44:43,False,,,800,878,
2026-05-09 17:44:43,False,,,800,878,
2026-05-09 17:44:43,False,,,800,878,
2026-05-09 17:44:43,False,,,800,878,
2026-05-09 17:44:43,False,,,800,878,
2026-05-09 17:44:43,False,,,800,878,
2026-05-09 17:44:43,False,,,800,878,
2026-05-09 17:44:43,False,,,800,878,
2026-05-09 17:44:43,False,,,800,878,
2026-05-09 17:44:43,False,,,800,878,
2026-05-09 17:44:43,False,,,800,878,
2026-05-09 17:44:43,False,,,800,878,
2026-05-09 17:44:43,False,,,800,878,
2026-05-09 17:44:43,False,,,800,878,
2026-05-09 17:44:43,False,,,800,878,
2026-05-09 17:44:43,False,,,800,878,
2026-05-09 17:44:43,False,,,800,878,
2026-05-09 17:44:44,False,,,800,878,
2026-05-09 17:44:44,False,,,800,878,
2026-05-09 17:44:44,False,,,800,878,
2026-05-09 17:44:44,False,,,800,878,
2026-05-09 17:44:44,False,,,800,878,
2026-05-09 17:44:44,False,,,800,878,
2026-05-09 17:44:44,False,,,800,878,
2026-05-09 17:44:44,False,,,800,878,
2026-05-09 17:44:44,False,,,800,878,
2026-05-09 17:44:44,False,,,800,878,
2026-05-09 17:44:44,False,,,800,878,
2026-05-09 17:44:44,False,,,800,878,
2026-05-09 17:44:44,False,,,800,878,
2026-05-09 17:44:44,False,,,800,878,
2026-05-09 17:44:44,False,,,800,878,
2026-05-09 17:44:44,False,,,800,878,
2026-05-09 17:44:44,False,,,800,878,
2026-05-09 17:44:44,False,,,800,878,
2026-05-09 17:44:44,False,,,800,878,
2026-05-09 17:44:44,False,,,800,878,
2026-05-09 17:44:44,False,,,800,878,
2026-05-09 17:44:44,False,,,800,878,
2026-05-09 17:44:44,False,,,800,878,
2026-05-09 17:44:44,False,,,800,878,
2026-05-09 17:44:44,False,,,800,878,
2026-05-09 17:44:44,False,,,800,878,
2026-05-09 17:44:44,False,,,800,878,
2026-05-09 17:44:44,False,,,800,878,
2026-05-09 17:44:44,False,,,800,878,
2026-05-09 17:44:45,False,,,800,878,
2026-05-09 17:44:45,False,,,800,878,
2026-05-09 17:44:45,False,,,800,878,
2026-05-09 17:44:45,False,,,800,878,
2026-05-09 17:44:45,False,,,800,878,
2026-05-09 17:44:45,False,,,800,878,
2026-05-09 17:44:45,False,,,800,878,
2026-05-09 17:44:45,False,,,800,878,
2026-05-09 17:44:45,False,,,800,878,
2026-05-09 17:44:45,False,,,800,878,
2026-05-09 17:44:45,False,,,800,878,
2026-05-09 17:44:45,False,,,800,878,
2026-05-09 17:44:45,False,,,800,878,
2026-05-09 17:44:45,False,,,800,878,
2026-05-09 17:44:45,False,,,800,878,
2026-05-09 17:44:45,False,,,800,878,
2026-05-09 17:44:45,False,,,800,878,
2026-05-09 17:44:45,False,,,800,878,
2026-05-09 17:44:45,False,,,800,878,
2026-05-09 17:44:45,False,,,800,878,
2026-05-09 17:44:45,False,,,800,878,
2026-05-09 17:44:45,False,,,800,878,
2026-05-09 17:44:45,False,,,800,878,
2026-05-09 17:44:45,False,,,800,878,
2026-05-09 17:44:45,False,,,800,878,
2026-05-09 17:44:45,False,,,800,878,
2026-05-09 17:44:45,False,,,800,878,
2026-05-09 17:44:45,False,,,800,878,
2026-05-09 17:44:46,False,,,800,878,
2026-05-09 17:44:46,False,,,800,878,
2026-05-09 17:44:46,False,,,800,878,
2026-05-09 17:44:46,False,,,800,878,
2026-05-09 17:44:46,False,,,800,878,
2026-05-09 17:44:46,False,,,800,878,
2026-05-09 17:44:46,False,,,800,878,
2026-05-09 17:44:46,False,,,800,878,
2026-05-09 17:44:46,False,,,800,878,
2026-05-09 17:44:46,False,,,800,878,
2026-05-09 17:44:46,False,,,800,878,
2026-05-09 17:44:46,False,,,800,878,
2026-05-09 17:44:46,False,,,800,878,
2026-05-09 17:44:46,False,,,800,878,
2026-05-09 17:44:46,False,,,800,878,
2026-05-09 17:44:46,False,,,800,878,
2026-05-09 17:44:46,False,,,800,878,
2026-05-09 17:44:46,False,,,800,878,
2026-05-09 17:44:46,False,,,800,878,
2026-05-09 17:44:46,False,,,800,878,
2026-05-09 17:44:46,False,,,800,878,
2026-05-09 17:44:46,False,,,800,878,
2026-05-09 17:44:46,False,,,800,878,
2026-05-09 17:44:46,False,,,800,878,
2026-05-09 17:44:46,False,,,800,878,
2026-05-09 17:44:46,False,,,800,878,
2026-05-09 17:44:46,False,,,800,878,
2026-05-09 17:44:46,False,,,800,878,
2026-05-09 17:44:46,False,,,800,878,
2026-05-09 17:44:46,False,,,800,878,
2026-05-09 17:44:46,False,,,800,878,
2026-05-09 17:44:46,False,,,800,878,
2026-05-09 17:44:47,False,,,800,878,
2026-05-09 17:44:47,False,,,800,878,
2026-05-09 17:44:47,False,,,800,878,
2026-05-09 17:44:47,False,,,800,878,
2026-05-09 17:44:47,False,,,800,878,
2026-05-09 17:44:47,False,,,800,878,
2026-05-09 17:44:47,False,,,800,878,
2026-05-09 17:44:47,False,,,800,878,
2026-05-09 17:44:47,False,,,800,878,
2026-05-09 17:44:47,False,,,800,878,
2026-05-09 17:44:47,False,,,800,878,
2026-05-09 17:44:47,False,,,800,878,
2026-05-09 17:44:47,False,,,800,878,
2026-05-09 17:44:47,False,,,800,878,
2026-05-09 17:44:47,False,,,800,878,
2026-05-09 17:44:47,False,,,800,878,
2026-05-09 17:44:47,False,,,800,878,
2026-05-09 17:44:47,False,,,800,878,
2026-05-09 17:44:47,False,,,800,878,
2026-05-09 17:44:47,False,,,800,878,
2026-05-09 17:44:47,False,,,800,878,
2026-05-09 17:44:47,False,,,800,878,
2026-05-09 17:44:47,False,,,800,878,
2026-05-09 17:44:47,False,,,800,878,
2026-05-09 17:44:47,False,,,800,878,
2026-05-09 17:44:47,False,,,800,878,
2026-05-09 17:44:47,False,,,800,878,
2026-05-09 17:44:47,False,,,800,878,
2026-05-09 17:44:47,False,,,800,878,
2026-05-09 17:44:48,False,,,800,878,
2026-05-09 17:44:48,False,,,800,878,
2026-05-09 17:44:48,False,,,800,878,
2026-05-09 17:44:48,False,,,800,878,
2026-05-09 17:44:48,False,,,800,878,
2026-05-09 17:44:48,False,,,800,878,
2026-05-09 17:44:48,False,,,800,878,
2026-05-09 17:44:48,False,,,800,878,
2026-05-09 17:44:48,False,,,800,878,
2026-05-09 17:44:48,False,,,800,878,
2026-05-09 17:44:48,False,,,800,878,
2026-05-09 17:44:48,False,,,800,878,
2026-05-09 17:44:48,False,,,800,878,
2026-05-09 17:44:48,False,,,800,878,
2026-05-09 17:44:48,False,,,800,878,
2026-05-09 17:44:48,False,,,800,878,
2026-05-09 17:44:48,False,,,800,878,
2026-05-09 17:44:48,False,,,800,878,
2026-05-09 17:44:48,False,,,800,878,
2026-05-09 17:44:48,False,,,800,878,
2026-05-09 17:44:48,False,,,800,878,
2026-05-09 17:44:48,False,,,800,878,
2026-05-09 17:44:48,False,,,800,878,
2026-05-09 17:44:48,False,,,800,878,
2026-05-09 17:44:48,False,,,800,878,
2026-05-09 17:44:48,False,,,800,878,
2026-05-09 17:44:48,False,,,800,878,
2026-05-09 17:44:48,False,,,800,878,
2026-05-09 17:44:48,False,,,800,878,
2026-05-09 17:44:48,False,,,800,878,
2026-05-09 17:44:49,False,,,800,878,
2026-05-09 17:44:49,False,,,800,878,
2026-05-09 17:44:49,False,,,800,878,
2026-05-09 17:44:49,False,,,800,878,
2026-05-09 17:44:49,False,,,800,878,
2026-05-09 17:44:49,False,,,800,878,
2026-05-09 17:44:49,False,,,800,878,
2026-05-09 17:44:49,False,,,800,878,
2026-05-09 17:44:49,False,,,800,878,
2026-05-09 17:44:49,False,,,800,878,
2026-05-09 17:44:49,False,,,800,878,
2026-05-09 17:44:49,False,,,800,878,
2026-05-09 17:44:49,False,,,800,878,
2026-05-09 17:44:49,False,,,800,878,
2026-05-09 17:44:49,False,,,800,878,
2026-05-09 17:44:49,False,,,800,878,
2026-05-09 17:44:49,False,,,800,878,
2026-05-09 17:44:49,False,,,800,878,
2026-05-09 17:44:49,False,,,800,878,
2026-05-09 17:44:49,False,,,800,878,
2026-05-09 17:44:49,False,,,800,878,
2026-05-09 17:44:49,False,,,800,878,
2026-05-09 17:44:49,False,,,800,878,
2026-05-09 17:44:49,False,,,800,878,
2026-05-09 17:44:49,False,,,800,878,
2026-05-09 17:44:49,False,,,800,878,
2026-05-09 17:44:49,False,,,800,878,
2026-05-09 17:44:49,False,,,800,878,
2026-05-09 17:44:49,False,,,800,878,
2026-05-09 17:44:49,False,,,800,878,
2026-05-09 17:44:49,False,,,800,878,
2026-05-09 17:44:50,False,,,800,878,
2026-05-09 17:44:50,False,,,800,878,
2026-05-09 17:44:50,False,,,800,878,
2026-05-09 17:44:50,False,,,800,878,
2026-05-09 17:44:50,False,,,800,878,
2026-05-09 17:44:50,False,,,800,878,
2026-05-09 17:44:50,False,,,800,878,
2026-05-09 17:44:50,False,,,800,878,
2026-05-09 17:44:50,False,,,800,878,
2026-05-09 17:44:50,False,,,800,878,
2026-05-09 17:44:50,False,,,800,878,
2026-05-09 17:44:50,False,,,800,878,
2026-05-09 17:44:50,False,,,800,878,
2026-05-09 17:44:50,False,,,800,878,
2026-05-09 17:44:50,False,,,800,878,
2026-05-09 17:44:50,False,,,800,878,
2026-05-09 17:44:50,False,,,800,878,
2026-05-09 17:44:50,False,,,800,878,
2026-05-09 17:44:50,False,,,800,878,
2026-05-09 17:44:50,False,,,800,878,
2026-05-09 17:44:50,False,,,800,878,
2026-05-09 17:44:50,False,,,800,878,
2026-05-09 17:44:50,False,,,800,878,
2026-05-09 17:44:50,False,,,800,878,
2026-05-09 17:44:50,False,,,800,878,
2026-05-09 17:44:50,False,,,800,878,
2026-05-09 17:44:50,False,,,800,878,
2026-05-09 17:44:50,False,,,800,878,
2026-05-09 17:44:50,False,,,800,878,
2026-05-09 17:44:50,False,,,800,878,
2026-05-09 17:44:51,False,,,800,878,
2026-05-09 17:44:51,False,,,800,878,
2026-05-09 17:44:51,False,,,800,878,
2026-05-09 17:44:51,False,,,800,878,
2026-05-09 17:44:51,False,,,800,878,
2026-05-09 17:44:51,False,,,800,878,
2026-05-09 17:44:51,False,,,800,878,
2026-05-09 17:44:51,False,,,800,878,
2026-05-09 17:44:51,False,,,800,878,
2026-05-09 17:44:51,False,,,800,878,
2026-05-09 17:44:51,False,,,800,878,
2026-05-09 17:44:51,False,,,800,878,
2026-05-09 17:44:51,False,,,800,878,
2026-05-09 17:44:51,False,,,800,878,
2026-05-09 17:44:51,False,,,800,878,
2026-05-09 17:44:51,False,,,800,878,
2026-05-09 17:44:51,False,,,800,878,
2026-05-09 17:44:51,False,,,800,878,
2026-05-09 17:44:51,False,,,800,878,
2026-05-09 17:44:51,False,,,800,878,
2026-05-09 17:44:51,False,,,800,878,
2026-05-09 17:44:51,False,,,800,878,
2026-05-09 17:44:51,False,,,800,878,
2026-05-09 17:44:51,False,,,800,878,
2026-05-09 17:44:51,False,,,800,878,
2026-05-09 17:44:51,False,,,800,878,
2026-05-09 17:44:52,False,,,800,878,
2026-05-09 17:44:52,False,,,800,878,
2026-05-09 17:44:52,False,,,800,878,
2026-05-09 17:44:52,False,,,800,878,
2026-05-09 17:44:52,False,,,800,878,
2026-05-09 17:44:52,False,,,800,878,
2026-05-09 17:44:52,False,,,800,878,
2026-05-09 17:44:52,False,,,800,878,
2026-05-09 17:44:52,False,,,800,878,
2026-05-09 17:44:52,False,,,800,878,
2026-05-09 17:44:52,False,,,800,878,
2026-05-09 17:44:52,False,,,800,878,
2026-05-09 17:44:52,False,,,800,878,
2026-05-09 17:44:52,False,,,800,878,
2026-05-09 17:44:52,True,530,-110,1192,0,
2026-05-09 17:44:52,True,445,-51,1144,0,
2026-05-09 17:44:52,True,446,-57,1109,0,
2026-05-09 17:44:52,True,449,-66,1084,0,
2026-05-09 17:44:53,True,431,-48,1055,0,
2026-05-09 17:44:53,True,431,-38,1033,0,
2026-05-09 17:44:53,True,449,-37,1027,0,
2026-05-09 17:44:53,True,484,-52,1042,0,
2026-05-09 17:44:53,True,448,-42,1033,0,
2026-05-09 17:44:53,True,327,0,959,0,
2026-05-09 17:44:53,True,375,21,930,9,
2026-05-09 17:44:53,False,,,930,9,
2026-05-09 17:44:53,False,,,930,9,
2026-05-09 17:44:53,False,,,930,9,
2026-05-09 17:44:53,False,,,930,9,
2026-05-09 17:44:53,False,,,930,9,
2026-05-09 17:44:54,True,644,147,1057,76,
2026-05-09 17:44:54,False,,,1057,76,
2026-05-09 17:44:54,True,481,205,1063,153,
2026-05-09 17:44:54,False,,,1063,153,
2026-05-09 17:44:54,False,,,1063,153,
2026-05-09 17:44:54,False,,,1063,153,
2026-05-09 17:44:54,False,,,1063,153,
2026-05-09 17:44:54,False,,,1063,153,
2026-05-09 17:44:54,False,,,1063,153,
2026-05-09 17:44:54,False,,,1063,153,
2026-05-09 17:44:54,False,,,1063,153,
2026-05-09 17:44:54,False,,,1063,153,
2026-05-09 17:44:54,False,,,1063,153,
2026-05-09 17:44:54,False,,,1063,153,
2026-05-09 17:44:54,False,,,1063,153,
2026-05-09 17:44:54,False,,,1063,153,
2026-05-09 17:44:54,False,,,1063,153,
2026-05-09 17:44:54,False,,,1063,153,
2026-05-09 17:44:54,False,,,1063,153,
2026-05-09 17:44:54,False,,,1063,153,
2026-05-09 17:44:54,False,,,1063,153,
2026-05-09 17:44:54,False,,,1063,153,
2026-05-09 17:44:54,False,,,1063,153,
2026-05-09 17:44:54,False,,,1063,153,
2026-05-09 17:44:54,False,,,1063,153,
2026-05-09 17:44:55,False,,,1063,153,
2026-05-09 17:44:55,False,,,1063,153,
2026-05-09 17:44:55,False,,,1063,153,
2026-05-09 17:44:55,False,,,1063,153,
2026-05-09 17:44:55,False,,,1063,153,
2026-05-09 17:44:55,False,,,1063,153,
2026-05-09 17:44:55,False,,,1063,153,
2026-05-09 17:44:55,False,,,1063,153,
2026-05-09 17:44:55,False,,,1063,153,
2026-05-09 17:44:55,False,,,1063,153,
2026-05-09 17:44:55,False,,,1063,153,
2026-05-09 17:44:55,False,,,1063,153,
2026-05-09 17:44:55,False,,,1063,153,
2026-05-09 17:44:55,False,,,1063,153,
2026-05-09 17:44:55,False,,,1063,153,
2026-05-09 17:44:55,False,,,1063,153,
2026-05-09 17:44:55,False,,,1063,153,
2026-05-09 17:44:55,False,,,1063,153,
2026-05-09 17:44:55,False,,,1063,153,
2026-05-09 17:44:55,False,,,1063,153,
2026-05-09 17:44:55,False,,,1063,153,
2026-05-09 17:44:55,False,,,1063,153,
2026-05-09 17:44:55,False,,,1063,153,
2026-05-09 17:44:55,False,,,1063,153,
2026-05-09 17:44:55,False,,,1063,153,
2026-05-09 17:44:55,False,,,1063,153,
2026-05-09 17:44:55,False,,,1063,153,
2026-05-09 17:44:56,False,,,1063,153,
2026-05-09 17:44:56,False,,,1063,153,
2026-05-09 17:44:56,False,,,1063,153,
2026-05-09 17:44:56,False,,,1063,153,
2026-05-09 17:44:56,False,,,1063,153,
2026-05-09 17:44:56,False,,,1063,153,
2026-05-09 17:44:56,False,,,1063,153,
2026-05-09 17:44:56,False,,,1063,153,
2026-05-09 17:44:56,False,,,1063,153,
2026-05-09 17:44:56,False,,,1063,153,
2026-05-09 17:44:56,False,,,1063,153,
2026-05-09 17:44:56,False,,,1063,153,
2026-05-09 17:44:56,False,,,1063,153,
2026-05-09 17:44:56,False,,,1063,153,
2026-05-09 17:44:56,False,,,1063,153,
2026-05-09 17:44:57,False,,,1063,153,
2026-05-09 17:44:57,False,,,1063,153,
2026-05-09 17:44:57,False,,,1063,153,
2026-05-09 17:44:57,False,,,1063,153,
2026-05-09 17:44:57,False,,,1063,153,
2026-05-09 17:44:57,False,,,1063,153,
2026-05-09 17:44:57,False,,,1063,153,
2026-05-09 17:44:57,False,,,1063,153,
2026-05-09 17:44:57,False,,,1063,153,
2026-05-09 17:44:57,False,,,1063,153,
2026-05-09 17:44:57,False,,,1063,153,
2026-05-09 17:44:57,False,,,1063,153,
2026-05-09 17:44:57,False,,,1063,153,
2026-05-09 17:44:57,False,,,1063,153,
2026-05-09 17:44:58,False,,,1063,153,
2026-05-09 17:44:58,False,,,1063,153,
2026-05-09 17:44:58,False,,,1063,153,
2026-05-09 17:44:58,False,,,1063,153,
2026-05-09 17:44:58,False,,,1063,153,
2026-05-09 17:44:58,False,,,1063,153,
2026-05-09 17:44:58,False,,,1063,153,
2026-05-09 17:44:58,False,,,1063,153,
2026-05-09 17:44:58,False,,,1063,153,
2026-05-09 17:44:58,False,,,1063,153,
2026-05-09 17:44:58,False,,,1063,153,
2026-05-09 17:44:58,False,,,1063,153,
2026-05-09 17:44:58,False,,,1063,153,
2026-05-09 17:44:58,False,,,1063,153,
2026-05-09 17:44:59,False,,,1063,153,
2026-05-09 17:44:59,False,,,1063,153,
2026-05-09 17:44:59,False,,,1063,153,
2026-05-09 17:44:59,False,,,1063,153,
2026-05-09 17:44:59,False,,,1063,153,
2026-05-09 17:44:59,False,,,1063,153,
2026-05-09 17:44:59,False,,,1063,153,
2026-05-09 17:44:59,False,,,1063,153,
2026-05-09 17:44:59,False,,,1063,153,
2026-05-09 17:44:59,False,,,1063,153,
2026-05-09 17:44:59,False,,,1063,153,
2026-05-09 17:44:59,False,,,1063,153,
2026-05-09 17:44:59,False,,,1063,153,
2026-05-09 17:44:59,False,,,1063,153,
2026-05-09 17:44:59,False,,,1063,153,
2026-05-09 17:44:59,False,,,1063,153,
2026-05-09 17:45:00,False,,,1063,153,
2026-05-09 17:45:00,False,,,1063,153,
2026-05-09 17:45:00,False,,,1063,153,
2026-05-09 17:45:00,False,,,1063,153,
2026-05-09 17:45:00,False,,,1063,153,
2026-05-09 17:45:00,False,,,1063,153,
2026-05-09 17:45:00,False,,,1063,153,
2026-05-09 17:45:00,False,,,1063,153,
2026-05-09 17:45:00,False,,,1063,153,
2026-05-09 17:45:00,False,,,1063,153,
2026-05-09 17:45:00,False,,,1063,153,
2026-05-09 17:45:00,False,,,1063,153,
2026-05-09 17:45:00,False,,,1063,153,
2026-05-09 17:45:00,False,,,1063,153,
2026-05-09 17:45:00,False,,,1063,153,
2026-05-09 17:45:01,False,,,1063,153,
2026-05-09 17:45:01,False,,,1063,153,
2026-05-09 17:45:01,False,,,1063,153,
2026-05-09 17:45:01,False,,,1063,153,
2026-05-09 17:45:01,False,,,1063,153,
2026-05-09 17:45:01,False,,,1063,153,
2026-05-09 17:45:01,False,,,1063,153,
2026-05-09 17:45:01,False,,,1063,153,
2026-05-09 17:45:01,False,,,1063,153,
2026-05-09 17:45:01,False,,,1063,153,
2026-05-09 17:45:01,False,,,1063,153,
2026-05-09 17:45:01,False,,,1063,153,
2026-05-09 17:45:01,False,,,1063,153,
2026-05-09 17:45:01,False,,,1063,153,
2026-05-09 17:45:02,False,,,1063,153,
2026-05-09 17:45:02,False,,,1063,153,
2026-05-09 17:45:02,False,,,1063,153,
2026-05-09 17:45:02,False,,,1063,153,
2026-05-09 17:45:02,False,,,1063,153,
2026-05-09 17:45:02,False,,,1063,153,
2026-05-09 17:45:02,False,,,1063,153,
2026-05-09 17:45:02,False,,,1063,153,
2026-05-09 17:45:02,False,,,1063,153,
2026-05-09 17:45:02,False,,,1063,153,
2026-05-09 17:45:02,False,,,1063,153,
2026-05-09 17:45:02,False,,,1063,153,
2026-05-09 17:45:02,False,,,1063,153,
2026-05-09 17:45:02,False,,,1063,153,
2026-05-09 17:45:02,False,,,1063,153,
2026-05-09 17:45:03,False,,,1063,153,
2026-05-09 17:45:03,False,,,1063,153,
2026-05-09 17:45:03,False,,,1063,153,
2026-05-09 17:45:03,False,,,1063,153,
2026-05-09 17:45:03,False,,,1063,153,
2026-05-09 17:45:03,False,,,1063,153,
2026-05-09 17:45:03,False,,,1063,153,
2026-05-09 17:45:03,False,,,1063,153,
2026-05-09 17:45:03,False,,,1063,153,
2026-05-09 17:45:03,False,,,1063,153,
2026-05-09 17:45:03,False,,,1063,153,
2026-05-09 17:45:03,False,,,1063,153,
2026-05-09 17:45:03,False,,,1063,153,
2026-05-09 17:45:03,False,,,1063,153,
2026-05-09 17:45:04,False,,,1063,153,
2026-05-09 17:45:04,False,,,1063,153,
2026-05-09 17:45:04,False,,,1063,153,
2026-05-09 17:45:04,False,,,1063,153,
2026-05-09 17:45:04,False,,,1063,153,
2026-05-09 17:45:04,False,,,1063,153,
2026-05-09 17:45:04,False,,,1063,153,
2026-05-09 17:45:04,False,,,1063,153,
2026-05-09 17:45:04,False,,,1063,153,
2026-05-09 17:45:04,False,,,1063,153,
2026-05-09 17:45:04,False,,,1063,153,
2026-05-09 17:45:04,False,,,1063,153,
2026-05-09 17:45:04,False,,,1063,153,
2026-05-09 17:45:04,False,,,1063,153,
2026-05-09 17:45:04,False,,,1063,153,
2026-05-09 17:45:05,False,,,1063,153,
2026-05-09 17:45:05,False,,,1063,153,
2026-05-09 17:45:05,False,,,1063,153,
2026-05-09 17:45:05,False,,,1063,153,
2026-05-09 17:45:05,False,,,1063,153,
2026-05-09 17:45:05,False,,,1063,153,
2026-05-09 17:45:05,False,,,1063,153,
2026-05-09 17:45:05,False,,,1063,153,
2026-05-09 17:45:05,False,,,1063,153,
2026-05-09 17:45:05,False,,,1063,153,
2026-05-09 17:45:05,False,,,1063,153,
2026-05-09 17:45:05,False,,,1063,153,
2026-05-09 17:45:05,False,,,1063,153,
2026-05-09 17:45:05,False,,,1063,153,
2026-05-09 17:45:06,False,,,1063,153,
2026-05-09 17:45:06,False,,,1063,153,
2026-05-09 17:45:06,False,,,1063,153,
2026-05-09 17:45:06,False,,,1063,153,
2026-05-09 17:45:06,False,,,1063,153,
2026-05-09 17:45:06,False,,,1063,153,
2026-05-09 17:45:06,False,,,1063,153,
2026-05-09 17:45:06,False,,,1063,153,
2026-05-09 17:45:06,False,,,1063,153,
2026-05-09 17:45:06,False,,,1063,153,
2026-05-09 17:45:06,False,,,1063,153,
2026-05-09 17:45:06,False,,,1063,153,
2026-05-09 17:45:06,False,,,1063,153,
2026-05-09 17:45:06,False,,,1063,153,
2026-05-09 17:45:06,False,,,1063,153,
2026-05-09 17:45:07,False,,,1063,153,
2026-05-09 17:45:07,False,,,1063,153,
2026-05-09 17:45:07,False,,,1063,153,
2026-05-09 17:45:07,False,,,1063,153,
2026-05-09 17:45:07,False,,,1063,153,
2026-05-09 17:45:07,False,,,1063,153,
2026-05-09 17:45:07,False,,,1063,153,
2026-05-09 17:45:07,False,,,1063,153,
2026-05-09 17:45:07,False,,,1063,153,
2026-05-09 17:45:07,False,,,1063,153,
2026-05-09 17:45:07,False,,,1063,153,
2026-05-09 17:45:07,False,,,1063,153,
2026-05-09 17:45:07,False,,,1063,153,
2026-05-09 17:45:07,False,,,1063,153,
2026-05-09 17:45:08,False,,,1063,153,
2026-05-09 17:45:08,False,,,1063,153,
2026-05-09 17:45:08,False,,,1063,153,
2026-05-09 17:45:08,False,,,1063,153,
2026-05-09 17:45:08,False,,,1063,153,
2026-05-09 17:45:08,False,,,1063,153,
2026-05-09 17:45:08,False,,,1063,153,
2026-05-09 17:45:08,False,,,1063,153,
2026-05-09 17:45:08,False,,,1063,153,
2026-05-09 17:45:08,False,,,1063,153,
2026-05-09 17:45:08,False,,,1063,153,
2026-05-09 17:45:08,False,,,1063,153,
2026-05-09 17:45:08,False,,,1063,153,
2026-05-09 17:45:08,False,,,1063,153,
2026-05-09 17:45:09,False,,,1063,153,
2026-05-09 17:45:09,False,,,1063,153,
2026-05-09 17:45:09,False,,,1063,153,
2026-05-09 17:45:09,False,,,1063,153,
2026-05-09 17:45:09,False,,,1063,153,
2026-05-09 17:45:09,False,,,1063,153,
2026-05-09 17:45:09,False,,,1063,153,
2026-05-09 17:45:09,False,,,1063,153,
2026-05-09 17:45:09,False,,,1063,153,
2026-05-09 17:45:09,False,,,1063,153,
2026-05-09 17:45:09,False,,,1063,153,
2026-05-09 17:45:09,False,,,1063,153,
2026-05-09 17:45:09,False,,,1063,153,
2026-05-09 17:45:09,False,,,1063,153,
2026-05-09 17:45:10,False,,,1063,153,
2026-05-09 17:45:10,False,,,1063,153,
2026-05-09 17:45:10,False,,,1063,153,
2026-05-09 17:45:10,False,,,1063,153,
2026-05-09 17:45:10,False,,,1063,153,
2026-05-09 17:45:10,False,,,1063,153,
2026-05-09 17:45:10,False,,,1063,153,
2026-05-09 17:45:10,False,,,1063,153,
2026-05-09 17:45:10,False,,,1063,153,
2026-05-09 17:45:10,False,,,1063,153,
2026-05-09 17:45:10,False,,,1063,153,
2026-05-09 17:45:10,False,,,1063,153,
2026-05-09 17:45:10,False,,,1063,153,
2026-05-09 17:45:11,False,,,1063,153,
2026-05-09 17:45:11,False,,,1063,153,
2026-05-09 17:45:11,False,,,1063,153,
2026-05-09 17:45:11,False,,,1063,153,
2026-05-09 17:45:11,False,,,1063,153,
2026-05-09 17:45:11,False,,,1063,153,
2026-05-09 17:45:11,False,,,1063,153,
2026-05-09 17:45:11,False,,,1063,153,
2026-05-09 17:45:11,False,,,1063,153,
2026-05-09 17:45:11,False,,,1063,153,
2026-05-09 17:45:11,False,,,1063,153,
2026-05-09 17:45:11,False,,,1063,153,
2026-05-09 17:45:12,False,,,1063,153,
2026-05-09 17:45:12,False,,,1063,153,
2026-05-09 17:45:12,False,,,1063,153,
2026-05-09 17:45:12,False,,,1063,153,
2026-05-09 17:45:12,False,,,1063,153,
2026-05-09 17:45:12,False,,,1063,153,
2026-05-09 17:45:12,False,,,1063,153,
2026-05-09 17:45:12,False,,,1063,153,
2026-05-09 17:45:12,False,,,1063,153,
2026-05-09 17:45:12,False,,,1063,153,
2026-05-09 17:45:12,False,,,1063,153,
2026-05-09 17:45:13,False,,,1063,153,
2026-05-09 17:45:13,False,,,1063,153,
2026-05-09 17:45:13,False,,,1063,153,
2026-05-09 17:45:13,False,,,1063,153,
2026-05-09 17:45:13,False,,,1063,153,
2026-05-09 17:45:13,False,,,1063,153,
2026-05-09 17:45:13,False,,,1063,153,
2026-05-09 17:45:13,False,,,1063,153,
2026-05-09 17:45:13,False,,,1063,153,
2026-05-09 17:45:13,False,,,1063,153,
2026-05-09 17:45:13,False,,,1063,153,
2026-05-09 17:45:13,False,,,1063,153,
2026-05-09 17:45:13,False,,,1063,153,
2026-05-09 17:45:13,False,,,1063,153,
2026-05-09 17:45:14,False,,,1063,153,
2026-05-09 17:45:14,False,,,1063,153,
2026-05-09 17:45:14,False,,,1063,153,
2026-05-09 17:45:14,False,,,1063,153,
2026-05-09 17:45:14,False,,,1063,153,
2026-05-09 17:45:14,False,,,1063,153,
2026-05-09 17:45:14,False,,,1063,153,
2026-05-09 17:45:14,False,,,1063,153,
2026-05-09 17:45:14,False,,,1063,153,
2026-05-09 17:45:14,False,,,1063,153,
2026-05-09 17:45:14,False,,,1063,153,
2026-05-09 17:45:14,False,,,1063,153,
2026-05-09 17:45:14,False,,,1063,153,
2026-05-09 17:45:14,False,,,1063,153,
2026-05-09 17:45:14,False,,,1063,153,
2026-05-09 17:45:15,False,,,1063,153,
2026-05-09 17:45:15,False,,,1063,153,
2026-05-09 17:45:15,False,,,1063,153,
2026-05-09 17:45:15,False,,,1063,153,
2026-05-09 17:45:15,False,,,1063,153,
2026-05-09 17:45:15,False,,,1063,153,
2026-05-09 17:45:15,False,,,1063,153,
2026-05-09 17:45:15,False,,,1063,153,
2026-05-09 17:45:15,False,,,1063,153,
2026-05-09 17:45:15,False,,,1063,153,
2026-05-09 17:45:15,False,,,1063,153,
2026-05-09 17:45:15,False,,,1063,153,
2026-05-09 17:45:15,False,,,1063,153,
2026-05-09 17:45:15,False,,,1063,153,
2026-05-09 17:45:16,False,,,1063,153,
2026-05-09 17:45:16,False,,,1063,153,
2026-05-09 17:45:16,False,,,1063,153,
2026-05-09 17:45:16,False,,,1063,153,
2026-05-09 17:45:16,False,,,1063,153,
2026-05-09 17:45:16,False,,,1063,153,
2026-05-09 17:45:16,False,,,1063,153,
2026-05-09 17:45:16,False,,,1063,153,
2026-05-09 17:45:16,False,,,1063,153,
2026-05-09 17:45:16,False,,,1063,153,
2026-05-09 17:45:16,False,,,1063,153,
2026-05-09 17:45:16,False,,,1063,153,
2026-05-09 17:45:16,False,,,1063,153,
2026-05-09 17:45:17,False,,,1063,153,
2026-05-09 17:45:17,False,,,1063,153,
2026-05-09 17:45:17,False,,,1063,153,
2026-05-09 17:45:17,False,,,1063,153,
2026-05-09 17:45:17,False,,,1063,153,
2026-05-09 17:45:17,False,,,1063,153,
2026-05-09 17:45:17,False,,,1063,153,
2026-05-09 17:45:17,False,,,1063,153,
2026-05-09 17:45:17,False,,,1063,153,
2026-05-09 17:45:17,False,,,1063,153,
2026-05-09 17:45:17,False,,,1063,153,
2026-05-09 17:45:17,False,,,1063,153,
2026-05-09 17:45:17,False,,,1063,153,
2026-05-09 17:45:17,False,,,1063,153,
2026-05-09 17:45:17,False,,,1063,153,
2026-05-09 17:45:18,False,,,1063,153,
2026-05-09 17:45:18,False,,,1063,153,
2026-05-09 17:45:18,False,,,1063,153,
2026-05-09 17:45:18,False,,,1063,153,
2026-05-09 17:45:18,False,,,1063,153,
2026-05-09 17:45:18,False,,,1063,153,
2026-05-09 17:45:18,False,,,1063,153,
2026-05-09 17:45:18,False,,,1063,153,
2026-05-09 17:45:18,False,,,1063,153,
2026-05-09 17:45:18,False,,,1063,153,
2026-05-09 17:45:18,False,,,1063,153,
2026-05-09 17:45:18,False,,,1063,153,
2026-05-09 17:45:18,False,,,1063,153,
2026-05-09 17:45:18,False,,,1063,153,
2026-05-09 17:45:19,False,,,1063,153,
2026-05-09 17:45:19,False,,,1063,153,
2026-05-09 17:45:19,False,,,1063,153,
2026-05-09 17:45:19,False,,,1063,153,
2026-05-09 17:45:19,False,,,1063,153,
2026-05-09 17:45:19,False,,,1063,153,
2026-05-09 17:45:19,False,,,1063,153,
2026-05-09 17:45:19,False,,,1063,153,
2026-05-09 17:45:19,False,,,1063,153,
2026-05-09 17:45:19,False,,,1063,153,
2026-05-09 17:45:19,False,,,1063,153,
2026-05-09 17:45:19,False,,,1063,153,
2026-05-09 17:45:19,False,,,1063,153,
2026-05-09 17:45:19,False,,,1063,153,
2026-05-09 17:45:19,False,,,1063,153,
2026-05-09 17:45:20,False,,,1063,153,
2026-05-09 17:45:20,False,,,1063,153,
2026-05-09 17:45:20,False,,,1063,153,
2026-05-09 17:45:20,False,,,1063,153,
2026-05-09 17:45:20,False,,,1063,153,
2026-05-09 17:45:20,False,,,1063,153,
2026-05-09 17:45:20,False,,,1063,153,
2026-05-09 17:45:20,False,,,1063,153,
2026-05-09 17:45:20,False,,,1063,153,
2026-05-09 17:45:20,False,,,1063,153,
2026-05-09 17:45:20,False,,,1063,153,
2026-05-09 17:45:20,False,,,1063,153,
2026-05-09 17:45:20,False,,,1063,153,
2026-05-09 17:45:20,False,,,1063,153,
2026-05-09 17:45:20,False,,,1063,153,
2026-05-09 17:45:20,False,,,1063,153,
2026-05-09 17:45:20,False,,,1063,153,
2026-05-09 17:45:20,False,,,1063,153,
2026-05-09 17:45:20,False,,,1063,153,
2026-05-09 17:45:20,False,,,1063,153,
2026-05-09 17:45:20,False,,,1063,153,
2026-05-09 17:45:20,False,,,1063,153,
2026-05-09 17:45:21,False,,,1063,153,
2026-05-09 17:45:21,False,,,1063,153,
2026-05-09 17:45:21,False,,,1063,153,
2026-05-09 17:45:21,False,,,1063,153,
2026-05-09 17:45:21,False,,,1063,153,
2026-05-09 17:45:21,False,,,1063,153,
2026-05-09 17:45:21,False,,,1063,153,
2026-05-09 17:45:21,False,,,1063,153,
2026-05-09 17:45:21,False,,,1063,153,
2026-05-09 17:45:21,False,,,1063,153,
2026-05-09 17:45:21,False,,,1063,153,
2026-05-09 17:45:21,False,,,1063,153,
2026-05-09 17:45:21,False,,,1063,153,
2026-05-09 17:45:21,False,,,1063,153,
2026-05-09 17:45:21,False,,,1063,153,
2026-05-09 17:45:21,False,,,1063,153,
2026-05-09 17:45:21,False,,,1063,153,
2026-05-09 17:45:21,False,,,1063,153,
2026-05-09 17:45:21,False,,,1063,153,
2026-05-09 17:45:21,False,,,1063,153,
2026-05-09 17:45:21,False,,,1063,153,
2026-05-09 17:45:21,False,,,1063,153,
2026-05-09 17:45:21,False,,,1063,153,
2026-05-09 17:45:21,False,,,1063,153,
2026-05-09 17:45:21,False,,,1063,153,
2026-05-09 17:45:22,False,,,1063,153,
2026-05-09 17:45:22,False,,,1063,153,
2026-05-09 17:45:22,False,,,1063,153,
2026-05-09 17:45:22,False,,,1063,153,
2026-05-09 17:45:22,False,,,1063,153,
2026-05-09 17:45:22,True,500,216,1078,215,
2026-05-09 17:45:22,False,,,1078,215,
2026-05-09 17:45:22,True,337,7,998,164,
2026-05-09 17:45:22,True,287,-33,910,123,
2026-05-09 17:45:22,True,274,-36,836,92,
2026-05-09 17:45:22,True,284,-4,786,69,
2026-05-09 17:45:22,True,310,15,764,59,
2026-05-09 17:45:23,True,332,36,759,61,
2026-05-09 17:45:23,True,347,45,764,67,
2026-05-09 17:45:23,True,358,52,774,74,
2026-05-09 17:45:23,True,358,67,782,87,
2026-05-09 17:45:23,True,360,75,788,100,
2026-05-09 17:45:23,True,353,92,789,118,
2026-05-09 17:45:23,True,353,92,790,131,
2026-05-09 17:45:24,True,369,108,800,149,
2026-05-09 17:45:24,True,375,109,810,162,
2026-05-09 17:45:24,True,367,149,813,191,
2026-05-09 17:45:24,True,350,172,806,223,
2026-05-09 17:45:24,True,341,175,796,249,
2026-05-09 17:45:24,True,309,193,771,277,
2026-05-09 17:45:24,True,278,210,734,306,
2026-05-09 17:45:24,True,263,220,698,332,
2026-05-09 17:45:25,True,250,226,664,354,
2026-05-09 17:45:25,True,237,230,631,373,
2026-05-09 17:45:25,True,236,232,606,388,
2026-05-09 17:45:25,True,241,230,590,399,
2026-05-09 17:45:25,True,253,230,585,407,
2026-05-09 17:45:25,True,268,223,589,410,
2026-05-09 17:45:25,True,287,215,603,408,
2026-05-09 17:45:25,True,311,203,627,401,
2026-05-09 17:45:26,True,344,192,663,390,
2026-05-09 17:45:26,True,381,182,711,377,
2026-05-09 17:45:26,True,413,173,765,363,
2026-05-09 17:45:26,True,410,181,804,357,
2026-05-09 17:45:26,True,392,189,823,356,
2026-05-09 17:45:26,True,321,207,798,364,
2026-05-09 17:45:26,True,258,220,744,376,
2026-05-09 17:45:27,True,206,236,674,392,
2026-05-09 17:45:27,True,196,233,615,403,
2026-05-09 17:45:27,True,192,231,569,410,
2026-05-09 17:45:27,True,192,230,535,415,
2026-05-09 17:45:27,True,212,217,520,413,
2026-05-09 17:45:27,True,230,198,519,402,
2026-05-09 17:45:27,True,232,194,520,392,
2026-05-09 17:45:27,True,241,183,525,380,
2026-05-09 17:45:28,True,246,174,532,366,
2026-05-09 17:45:28,True,250,168,539,353,
2026-05-09 17:45:28,True,249,167,544,342,
2026-05-09 17:45:28,True,250,164,548,333,
2026-05-09 17:45:28,True,259,161,556,325,
2026-05-09 17:45:28,True,261,157,564,317,
2026-05-09 17:45:28,True,260,162,569,313,
2026-05-09 17:45:28,True,248,177,566,317,
2026-05-09 17:45:29,True,177,227,524,344,
2026-05-09 17:45:29,True,106,261,452,380,
2026-05-09 17:45:29,True,59,271,372,412,
2026-05-09 17:45:29,True,43,273,303,437,
2026-05-09 17:45:29,True,43,270,251,454,
2026-05-09 17:45:29,True,89,255,238,460,
2026-05-09 17:45:29,True,178,206,279,441,
2026-05-09 17:45:29,True,274,167,363,408,
2026-05-09 17:45:30,True,327,156,456,379,
2026-05-09 17:45:30,True,388,160,560,359,
2026-05-09 17:45:30,True,397,161,643,345,
2026-05-09 17:45:30,True,425,167,721,337,
2026-05-09 17:45:30,True,428,170,781,332,
2026-05-09 17:45:30,True,408,177,815,332,
2026-05-09 17:45:30,True,370,191,819,338,
2026-05-09 17:45:30,True,341,201,806,347,
2026-05-09 17:45:31,True,299,224,772,365,
2026-05-09 17:45:31,True,267,281,729,405,
2026-05-09 17:45:31,True,275,357,701,471,
2026-05-09 17:45:31,True,297,371,693,527,
2026-05-09 17:45:31,True,323,366,701,566,
2026-05-09 17:45:31,True,342,339,718,583,
2026-05-09 17:45:31,True,376,240,750,550,
2026-05-09 17:45:31,True,403,242,789,526,
2026-05-09 17:45:32,True,413,240,824,507,
2026-05-09 17:45:32,True,400,170,843,460,
2026-05-09 17:45:32,True,388,140,850,411,
2026-05-09 17:45:32,True,390,139,857,373,
2026-05-09 17:45:32,True,389,125,861,338,
2026-05-09 17:45:32,True,386,122,863,310,
2026-05-09 17:45:32,True,386,123,864,290,
2026-05-09 17:45:33,True,385,123,864,275,
2026-05-09 17:45:33,True,386,139,865,271,
2026-05-09 17:45:33,True,409,174,878,285,
2026-05-09 17:45:33,True,407,183,887,299,
2026-05-09 17:45:33,True,406,180,893,308,
2026-05-09 17:45:33,True,404,178,896,314,
2026-05-09 17:45:33,True,403,177,898,318,
2026-05-09 17:45:33,True,400,178,898,322,
2026-05-09 17:45:34,True,398,178,897,325,
2026-05-09 17:45:34,True,396,180,895,328,
2026-05-09 17:45:34,True,392,180,892,330,
2026-05-09 17:45:34,True,390,177,888,330,
2026-05-09 17:45:34,True,388,175,884,329,
2026-05-09 17:45:34,True,386,175,880,329,
2026-05-09 17:45:34,True,384,174,876,328,
2026-05-09 17:45:35,True,374,125,867,304,
2026-05-09 17:45:35,True,377,106,862,277,
2026-05-09 17:45:35,True,377,97,858,253,
2026-05-09 17:45:35,True,373,95,853,234,
2026-05-09 17:45:35,True,371,98,848,221,
2026-05-09 17:45:35,True,369,97,843,211,
2026-05-09 17:45:35,True,367,98,838,204,
2026-05-09 17:45:35,True,366,99,834,199,
2026-05-09 17:45:36,True,364,102,830,197,
2026-05-09 17:45:36,True,364,105,827,197,
2026-05-09 17:45:36,True,366,116,826,202,
2026-05-09 17:45:36,True,360,108,821,202,
2026-05-09 17:45:36,True,377,159,827,226,
2026-05-09 17:45:36,True,386,193,837,259,
2026-05-09 17:45:36,True,382,197,842,286,
2026-05-09 17:45:36,True,380,184,845,300,
2026-05-09 17:45:37,True,378,180,846,309,
2026-05-09 17:45:37,True,379,176,847,314,
2026-05-09 17:45:37,True,378,173,848,316,
2026-05-09 17:45:37,True,377,175,848,318,
2026-05-09 17:45:37,True,380,173,849,319,
2026-05-09 17:45:37,True,379,172,850,320,
2026-05-09 17:45:37,True,376,177,849,323,
2026-05-09 17:45:37,True,370,181,845,327,
2026-05-09 17:45:38,True,370,180,841,329,
2026-05-09 17:45:38,True,364,182,835,332,
2026-05-09 17:45:38,True,363,185,830,336,
2026-05-09 17:45:38,True,362,183,826,337,
2026-05-09 17:45:38,True,364,193,824,343,
2026-05-09 17:45:38,True,358,197,819,349,
2026-05-09 17:45:38,True,353,195,812,353,
2026-05-09 17:45:39,True,359,188,811,353,
2026-05-09 17:45:39,True,361,187,811,352,
2026-05-09 17:45:39,True,360,191,810,353,
2026-05-09 17:45:39,True,358,190,809,353,
2026-05-09 17:45:39,True,362,186,810,351,
2026-05-09 17:45:39,True,362,181,811,348,
2026-05-09 17:45:39,True,363,184,812,347,
2026-05-09 17:45:39,True,366,182,814,345,
2026-05-09 17:45:40,True,367,181,817,343,
2026-05-09 17:45:40,True,373,179,822,341,
2026-05-09 17:45:40,True,378,175,829,338,
2026-05-09 17:45:40,True,382,170,836,333,
2026-05-09 17:45:40,True,380,170,840,329,
2026-05-09 17:45:40,True,374,168,840,325,
2026-05-09 17:45:40,True,368,168,837,322,
2026-05-09 17:45:40,True,362,166,831,319,
2026-05-09 17:45:41,True,355,164,823,316,
2026-05-09 17:45:41,True,355,163,817,313,
2026-05-09 17:45:41,True,357,161,813,310,
2026-05-09 17:45:41,True,361,162,812,308,
2026-05-09 17:45:41,True,362,160,813,306,
2026-05-09 17:45:41,True,363,157,813,303,
2026-05-09 17:45:41,True,360,146,812,295,LEFT_CLICK
2026-05-09 17:45:42,True,357,148,809,290,
2026-05-09 17:45:42,True,358,145,808,285,
2026-05-09 17:45:42,True,360,148,808,283,
2026-05-09 17:45:42,True,362,149,809,282,
2026-05-09 17:45:42,True,363,154,811,284,
2026-05-09 17:45:43,True,360,160,810,288,LEFT_CLICK
2026-05-09 17:45:43,True,356,173,807,297,
2026-05-09 17:45:43,True,360,163,807,299,
2026-05-09 17:45:43,True,358,166,806,302,
2026-05-09 17:45:43,True,356,174,804,308,
2026-05-09 17:45:43,True,341,209,794,328,
2026-05-09 17:45:44,True,320,235,775,356,
2026-05-09 17:45:44,True,287,261,742,389,
2026-05-09 17:45:44,True,258,249,702,408,
2026-05-09 17:45:44,True,257,231,671,414,
2026-05-09 17:45:44,True,243,219,639,413,
2026-05-09 17:45:44,True,233,207,610,406,
2026-05-09 17:45:45,True,232,187,588,392,
2026-05-09 17:45:45,True,246,137,579,358,
2026-05-09 17:45:45,True,244,131,571,329,LEFT_CLICK
2026-05-09 17:45:45,True,234,135,560,310,
2026-05-09 17:45:45,True,256,163,564,309,LEFT_CLICK
2026-05-09 17:45:46,True,276,180,578,316,LEFT_CLICK
2026-05-09 17:45:46,True,311,202,608,331,LEFT_CLICK
2026-05-09 17:45:46,True,349,237,652,359,LEFT_CLICK
2026-05-09 17:45:46,True,361,254,692,388,LEFT_CLICK
2026-05-09 17:45:46,True,357,285,720,424,LEFT_CLICK
2026-05-09 17:45:47,True,364,264,744,441,LEFT_CLICK
2026-05-09 17:45:47,True,396,224,781,435,LEFT_CLICK
2026-05-09 17:45:47,False,,,781,435,LEFT_CLICK
2026-05-09 17:45:47,False,,,781,435,LEFT_CLICK
2026-05-09 17:45:47,False,,,781,435,LEFT_CLICK
2026-05-09 17:45:47,False,,,781,435,LEFT_CLICK
2026-05-09 17:45:47,False,,,781,435,LEFT_CLICK
2026-05-09 17:45:47,False,,,781,435,LEFT_CLICK
2026-05-09 17:45:47,False,,,781,435,LEFT_CLICK
2026-05-09 17:45:47,False,,,781,435,LEFT_CLICK
2026-05-09 17:45:47,False,,,781,435,LEFT_CLICK
2026-05-09 17:45:48,False,,,781,435,LEFT_CLICK
2026-05-09 17:45:48,False,,,781,435,LEFT_CLICK
2026-05-09 17:45:48,False,,,781,435,LEFT_CLICK
2026-05-09 17:45:48,False,,,781,435,LEFT_CLICK
2026-05-09 17:45:48,False,,,781,435,LEFT_CLICK
2026-05-09 17:45:48,False,,,781,435,LEFT_CLICK
2026-05-09 17:45:48,False,,,781,435,LEFT_CLICK
2026-05-09 17:45:48,False,,,781,435,LEFT_CLICK
2026-05-09 17:45:48,False,,,781,435,LEFT_CLICK
2026-05-09 17:45:48,False,,,781,435,LEFT_CLICK
2026-05-09 17:45:48,False,,,781,435,LEFT_CLICK
2026-05-09 17:45:48,False,,,781,435,
2026-05-09 17:45:48,False,,,781,435,
2026-05-09 17:45:48,False,,,781,435,
2026-05-09 17:45:48,False,,,781,435,
2026-05-09 17:45:48,False,,,781,435,
2026-05-09 17:45:48,False,,,781,435,
2026-05-09 17:45:48,False,,,781,435,
2026-05-09 17:45:48,False,,,781,435,
2026-05-09 17:45:48,False,,,781,435,
2026-05-09 17:45:48,False,,,781,435,
2026-05-09 17:45:48,False,,,781,435,
2026-05-09 17:45:48,False,,,781,435,
2026-05-09 17:45:48,False,,,781,435,
2026-05-09 17:45:48,False,,,781,435,
2026-05-09 17:45:48,False,,,781,435,
2026-05-09 17:45:48,False,,,781,435,
2026-05-09 17:45:48,False,,,781,435,
2026-05-09 17:45:48,False,,,781,435,
2026-05-09 17:45:48,False,,,781,435,
2026-05-09 17:45:49,False,,,781,435,
2026-05-09 17:45:49,False,,,781,435,
2026-05-09 17:45:49,False,,,781,435,
2026-05-09 17:45:49,False,,,781,435,
2026-05-09 17:45:49,False,,,781,435,
2026-05-09 17:45:49,False,,,781,435,
2026-05-09 17:45:49,False,,,781,435,
2026-05-09 17:45:49,False,,,781,435,
2026-05-09 17:45:49,False,,,781,435,
2026-05-09 17:45:49,False,,,781,435,
2026-05-09 17:45:49,False,,,781,435,DRAG_TOGGLE
2026-05-09 17:45:49,False,,,781,435,
2026-05-09 17:45:49,False,,,781,435,
2026-05-09 17:45:49,False,,,781,435,
2026-05-09 17:45:49,False,,,781,435,
2026-05-09 17:45:49,False,,,781,435,
2026-05-09 17:45:49,False,,,781,435,
2026-05-09 17:45:49,False,,,781,435,
2026-05-09 17:45:49,False,,,781,435,
2026-05-09 17:45:50,False,,,781,435,
2026-05-09 17:45:50,False,,,781,435,
2026-05-09 17:45:50,False,,,781,435,
2026-05-09 17:45:50,False,,,781,435,
2026-05-09 17:45:50,False,,,781,435,
2026-05-09 17:45:50,False,,,781,435,
2026-05-09 17:45:50,False,,,781,435,
2026-05-09 17:45:50,False,,,781,435,
2026-05-09 17:45:50,False,,,781,435,
2026-05-09 17:45:50,False,,,781,435,
2026-05-09 17:45:50,False,,,781,435,
2026-05-09 17:45:50,False,,,781,435,
2026-05-09 17:45:50,False,,,781,435,
2026-05-09 17:45:51,False,,,781,435,
2026-05-09 17:45:51,False,,,781,435,
2026-05-09 17:45:51,False,,,781,435,
2026-05-09 17:45:51,False,,,781,435,
2026-05-09 17:45:51,False,,,781,435,
2026-05-09 17:45:51,False,,,781,435,
2026-05-09 17:45:51,False,,,781,435,
2026-05-09 17:45:51,False,,,781,435,
2026-05-09 17:45:51,False,,,781,435,
2026-05-09 17:45:51,False,,,781,435,
2026-05-09 17:45:51,False,,,781,435,
2026-05-09 17:45:51,False,,,781,435,
2026-05-09 17:45:51,False,,,781,435,
2026-05-09 17:45:51,False,,,781,435,
2026-05-09 17:45:51,False,,,781,435,
2026-05-09 17:45:52,False,,,781,435,
2026-05-09 17:45:52,False,,,781,435,
2026-05-09 17:45:52,False,,,781,435,
2026-05-09 17:45:52,False,,,781,435,
2026-05-09 17:45:52,False,,,781,435,
2026-05-09 17:45:52,False,,,781,435,
2026-05-09 17:45:52,False,,,781,435,
2026-05-09 17:45:52,False,,,781,435,
2026-05-09 17:45:52,False,,,781,435,
2026-05-09 17:45:52,False,,,781,435,
2026-05-09 17:45:52,False,,,781,435,
2026-05-09 17:45:52,False,,,781,435,
2026-05-09 17:45:52,False,,,781,435,
2026-05-09 17:45:52,False,,,781,435,
2026-05-09 17:45:53,False,,,781,435,
2026-05-09 17:45:53,False,,,781,435,
2026-05-09 17:45:53,False,,,781,435,
2026-05-09 17:45:53,False,,,781,435,
2026-05-09 17:45:53,False,,,781,435,
2026-05-09 17:45:53,False,,,781,435,
2026-05-09 17:45:53,False,,,781,435,
2026-05-09 17:45:53,False,,,781,435,
2026-05-09 17:45:53,False,,,781,435,
2026-05-09 17:45:53,False,,,781,435,
2026-05-09 17:45:53,False,,,781,435,
2026-05-09 17:45:53,False,,,781,435,
2026-05-09 17:45:53,False,,,781,435,
2026-05-09 17:45:53,False,,,781,435,
2026-05-09 17:45:53,False,,,781,435,
2026-05-09 17:45:53,False,,,781,435,
2026-05-09 17:45:53,False,,,781,435,
2026-05-09 17:45:53,False,,,781,435,
2026-05-09 17:45:53,False,,,781,435,
2026-05-09 17:45:53,False,,,781,435,
2026-05-09 17:45:53,False,,,781,435,
2026-05-09 17:45:53,False,,,781,435,
2026-05-09 17:45:53,False,,,781,435,
2026-05-09 17:45:53,False,,,781,435,
2026-05-09 17:45:53,False,,,781,435,
2026-05-09 17:45:53,False,,,781,435,
2026-05-09 17:45:54,False,,,781,435,
2026-05-09 17:45:54,False,,,781,435,
2026-05-09 17:45:54,False,,,781,435,
2026-05-09 17:45:54,False,,,781,435,
2026-05-09 17:45:54,False,,,781,435,
2026-05-09 17:45:54,False,,,781,435,
2026-05-09 17:45:54,False,,,781,435,
2026-05-09 17:45:54,False,,,781,435,
2026-05-09 17:45:54,False,,,781,435,
2026-05-09 17:45:54,False,,,781,435,
2026-05-09 17:45:54,False,,,781,435,
2026-05-09 17:45:54,False,,,781,435,
2026-05-09 17:45:54,False,,,781,435,
2026-05-09 17:45:54,False,,,781,435,
2026-05-09 17:45:54,False,,,781,435,
2026-05-09 17:45:54,False,,,781,435,
2026-05-09 17:45:54,False,,,781,435,
2026-05-09 17:45:54,False,,,781,435,
2026-05-09 17:45:54,False,,,781,435,
2026-05-09 17:45:54,False,,,781,435,
2026-05-09 17:45:54,False,,,781,435,
2026-05-09 17:45:54,False,,,781,435,
2026-05-09 17:45:54,False,,,781,435,
2026-05-09 17:45:54,False,,,781,435,
2026-05-09 17:45:54,False,,,781,435,
2026-05-09 17:45:54,False,,,781,435,
2026-05-09 17:45:55,False,,,781,435,
2026-05-09 17:45:55,False,,,781,435,
2026-05-09 17:45:55,False,,,781,435,
2026-05-09 17:45:55,True,122,41,654,345,
2026-05-09 17:45:55,False,,,654,345,
2026-05-09 17:45:55,False,,,654,345,
2026-05-09 17:45:55,False,,,654,345,
2026-05-09 17:45:55,False,,,654,345,
2026-05-09 17:45:55,False,,,654,345,
2026-05-09 17:45:55,False,,,654,345,
2026-05-09 17:45:55,False,,,654,345,
2026-05-09 17:45:55,False,,,654,345,
2026-05-09 17:45:55,False,,,654,345,
2026-05-09 17:45:55,False,,,654,345,
2026-05-09 17:45:55,False,,,654,345,
2026-05-09 17:45:55,False,,,654,345,
2026-05-09 17:45:55,False,,,654,345,
2026-05-09 17:45:55,False,,,654,345,
2026-05-09 17:45:55,False,,,654,345,
2026-05-09 17:45:55,False,,,654,345,
2026-05-09 17:45:55,False,,,654,345,
2026-05-09 17:45:56,False,,,654,345,
2026-05-09 17:45:56,False,,,654,345,
2026-05-09 17:45:56,False,,,654,345,
2026-05-09 17:45:56,False,,,654,345,
2026-05-09 17:45:56,False,,,654,345,
2026-05-09 17:45:56,False,,,654,345,
2026-05-09 17:45:56,False,,,654,345,
2026-05-09 17:45:56,False,,,654,345,
2026-05-09 17:45:56,False,,,654,345,
2026-05-09 17:45:56,False,,,654,345,
2026-05-09 17:45:56,False,,,654,345,
2026-05-09 17:45:56,False,,,654,345,
2026-05-09 17:45:56,False,,,654,345,
2026-05-09 17:45:56,False,,,654,345,
2026-05-09 17:45:56,False,,,654,345,
2026-05-09 17:45:56,False,,,654,345,
2026-05-09 17:45:56,False,,,654,345,
2026-05-09 17:45:56,False,,,654,345,
2026-05-09 17:45:56,False,,,654,345,
2026-05-09 17:45:56,False,,,654,345,
2026-05-09 17:45:56,False,,,654,345,
2026-05-09 17:45:56,False,,,654,345,
2026-05-09 17:45:56,False,,,654,345,
2026-05-09 17:45:56,False,,,654,345,
2026-05-09 17:45:56,False,,,654,345,
2026-05-09 17:45:56,False,,,654,345,
2026-05-09 17:45:56,False,,,654,345,
2026-05-09 17:45:57,False,,,654,345,
2026-05-09 17:45:57,False,,,654,345,
2026-05-09 17:45:57,False,,,654,345,
2026-05-09 17:45:57,False,,,654,345,
2026-05-09 17:45:57,False,,,654,345,
2026-05-09 17:45:57,False,,,654,345,
2026-05-09 17:45:57,False,,,654,345,
2026-05-09 17:45:57,False,,,654,345,
2026-05-09 17:45:57,False,,,654,345,
2026-05-09 17:45:57,False,,,654,345,
2026-05-09 17:45:57,False,,,654,345,
2026-05-09 17:45:57,False,,,654,345,
2026-05-09 17:45:57,False,,,654,345,
2026-05-09 17:45:57,False,,,654,345,
2026-05-09 17:45:57,False,,,654,345,
2026-05-09 17:45:57,False,,,654,345,
2026-05-09 17:45:57,False,,,654,345,
2026-05-09 17:45:57,False,,,654,345,
2026-05-09 17:45:57,False,,,654,345,
2026-05-09 17:45:57,False,,,654,345,
2026-05-09 17:45:57,False,,,654,345,
2026-05-09 17:45:58,False,,,654,345,
2026-05-09 17:45:58,False,,,654,345,
2026-05-09 17:45:58,False,,,654,345,
2026-05-09 17:45:58,False,,,654,345,
2026-05-09 17:45:58,False,,,654,345,
2026-05-09 17:45:58,False,,,654,345,
2026-05-09 17:45:58,False,,,654,345,
2026-05-09 17:45:58,False,,,654,345,
2026-05-09 17:47:31,False,,,729,826,
2026-05-09 17:47:31,False,,,729,826,
2026-05-09 17:47:31,False,,,729,826,
2026-05-09 17:47:31,False,,,729,826,
2026-05-09 17:47:31,False,,,729,826,
2026-05-09 17:47:31,False,,,729,826,
2026-05-09 17:47:31,False,,,729,826,
2026-05-09 17:47:31,False,,,729,826,
2026-05-09 17:47:31,False,,,729,826,
2026-05-09 17:47:31,False,,,729,826,
2026-05-09 17:47:32,False,,,729,826,
2026-05-09 17:47:32,False,,,729,826,
2026-05-09 17:47:32,False,,,729,826,
2026-05-09 17:47:32,False,,,729,826,
2026-05-09 17:47:32,False,,,729,826,
2026-05-09 17:47:32,False,,,729,826,
2026-05-09 17:47:32,False,,,729,826,
2026-05-09 17:47:32,False,,,729,826,
2026-05-09 17:47:32,False,,,729,826,
2026-05-09 17:47:32,False,,,729,826,
2026-05-09 17:47:32,False,,,729,826,
2026-05-09 17:47:32,False,,,729,826,
2026-05-09 17:47:32,False,,,729,826,
2026-05-09 17:47:32,False,,,729,826,
2026-05-09 17:47:32,False,,,729,826,
2026-05-09 17:47:32,False,,,729,826,
2026-05-09 17:47:32,False,,,729,826,
2026-05-09 17:47:32,False,,,729,826,
2026-05-09 17:47:32,False,,,729,826,
2026-05-09 17:47:32,False,,,729,826,
2026-05-09 17:47:32,False,,,729,826,
2026-05-09 17:47:32,False,,,729,826,
2026-05-09 17:47:32,False,,,729,826,
2026-05-09 17:47:32,False,,,729,826,
2026-05-09 17:47:32,True,527,-52,1186,0,
2026-05-09 17:47:33,True,466,-71,1151,0,
2026-05-09 17:47:33,True,368,-23,1070,0,
2026-05-09 17:47:33,True,305,146,974,68,
2026-05-09 17:47:33,True,303,176,901,133,
2026-05-09 17:47:33,True,308,213,849,199,
2026-05-09 17:47:34,True,289,244,799,263,
2026-05-09 17:47:34,True,279,261,756,319,
2026-05-09 17:47:34,True,332,233,753,348,
2026-05-09 17:47:34,True,409,187,794,348,
2026-05-09 17:47:34,True,455,165,851,338,
2026-05-09 17:47:34,True,454,164,893,330,
2026-05-09 17:47:34,True,408,180,899,332,
2026-05-09 17:47:34,True,339,201,864,343,
2026-05-09 17:47:35,True,320,208,828,354,
2026-05-09 17:47:35,True,259,232,766,374,
2026-05-09 17:47:35,True,212,251,693,398,
2026-05-09 17:47:35,True,191,260,627,420,
2026-05-09 17:47:35,True,190,268,577,440,
2026-05-09 17:47:35,True,212,261,552,452,
2026-05-09 17:47:35,True,265,254,563,458,
2026-05-09 17:47:35,True,330,246,608,459,
2026-05-09 17:47:36,True,427,229,696,451,
2026-05-09 17:47:36,True,487,219,795,441,
2026-05-09 17:47:36,True,505,218,880,432,
2026-05-09 17:47:36,True,480,229,930,431,
2026-05-09 17:47:36,True,430,237,939,434,
2026-05-09 17:47:36,True,345,253,898,444,
2026-05-09 17:47:36,True,264,273,822,460,
2026-05-09 17:47:37,True,219,280,740,476,
2026-05-09 17:47:37,True,204,278,670,487,
2026-05-09 17:47:37,True,214,278,623,495,
2026-05-09 17:47:37,True,263,265,615,495,
2026-05-09 17:47:37,True,328,237,645,482,
2026-05-09 17:47:37,True,385,211,700,460,
2026-05-09 17:47:37,True,398,204,748,440,
2026-05-09 17:47:37,True,416,185,795,417,
2026-05-09 17:47:38,True,409,187,826,400,
2026-05-09 17:47:38,True,396,192,842,390,
2026-05-09 17:47:38,True,383,198,847,385,
2026-05-09 17:47:38,True,352,210,833,387,
2026-05-09 17:47:38,True,324,220,806,393,
2026-05-09 17:47:38,True,307,223,777,399,
2026-05-09 17:47:38,True,306,222,755,403,
2026-05-09 17:47:38,True,305,221,737,406,
2026-05-09 17:47:39,True,305,220,724,407,
2026-05-09 17:47:39,True,308,219,716,408,
2026-05-09 17:47:39,True,314,216,714,407,
2026-05-09 17:47:39,True,320,215,715,405,
2026-05-09 17:47:39,True,323,214,717,404,
2026-05-09 17:47:39,True,324,215,720,403,
2026-05-09 17:47:39,True,317,216,718,403,
2026-05-09 17:47:39,True,301,219,707,404,
2026-05-09 17:47:40,True,304,218,701,405,
2026-05-09 17:47:40,True,360,199,728,396,
2026-05-09 17:47:40,True,369,193,753,387,
2026-05-09 17:47:40,True,359,187,766,378,
2026-05-09 17:47:40,True,295,216,740,384,
2026-05-09 17:47:40,True,221,257,679,408,
2026-05-09 17:47:40,True,221,263,633,429,
2026-05-09 17:47:40,True,284,243,634,435,
2026-05-09 17:47:41,True,372,203,684,421,
2026-05-09 17:47:41,True,449,168,765,394,
2026-05-09 17:47:41,True,463,160,834,370,
2026-05-09 17:47:41,True,443,167,874,355,
2026-05-09 17:47:41,True,420,168,892,345,
2026-05-09 17:47:41,True,399,251,893,376,
2026-05-09 17:47:41,True,402,218,896,384,
2026-05-09 17:47:41,True,402,206,898,384,
2026-05-09 17:47:42,True,403,185,900,374,
2026-05-09 17:47:42,True,400,188,900,368,
2026-05-09 17:47:42,True,399,190,899,365,
2026-05-09 17:47:42,True,398,188,898,362,
2026-05-09 17:47:42,True,399,183,897,357,
2026-05-09 17:47:42,True,396,214,895,368,
2026-05-09 17:47:42,True,400,281,896,407,
2026-05-09 17:47:43,True,392,262,892,428,
2026-05-09 17:47:43,True,392,231,889,429,
2026-05-09 17:47:43,True,399,180,891,406,
2026-05-09 17:47:43,True,403,169,895,384,
2026-05-09 17:47:43,True,403,164,897,365,
2026-05-09 17:47:43,True,403,165,899,351,
2026-05-09 17:47:43,True,403,163,901,340,
2026-05-09 17:47:43,True,399,161,900,330,
2026-05-09 17:47:44,True,395,148,897,317,
2026-05-09 17:47:44,True,409,135,903,301,
2026-05-09 17:47:44,True,410,136,908,289,
2026-05-09 17:47:44,True,429,192,922,306,
2026-05-09 17:47:44,True,432,191,934,319,
2026-05-09 17:47:44,True,427,187,940,327,
2026-05-09 17:47:44,True,425,176,944,327,
2026-05-09 17:47:44,True,423,162,945,321,
2026-05-09 17:47:45,True,418,141,944,307,
2026-05-09 17:47:45,True,413,127,940,289,
2026-05-09 17:47:45,True,404,133,932,279,
2026-05-09 17:47:45,True,406,135,927,272,
2026-05-09 17:47:45,True,407,145,924,272,
2026-05-09 17:47:45,True,405,142,921,270,
2026-05-09 17:47:45,True,389,138,909,267,
2026-05-09 17:47:45,True,346,140,876,266,
2026-05-09 17:47:46,True,313,149,833,269,
2026-05-09 17:47:46,True,291,161,788,277,
2026-05-09 17:47:46,True,295,160,757,283,
2026-05-09 17:47:46,True,300,160,736,287,
2026-05-09 17:47:46,True,343,190,744,304,
2026-05-09 17:47:46,True,351,204,755,323,
2026-05-09 17:47:46,True,353,205,765,338,
2026-05-09 17:47:46,True,374,197,784,346,
2026-05-09 17:47:47,True,390,194,807,350,
2026-05-09 17:47:47,True,394,200,826,356,
2026-05-09 17:47:47,True,393,208,840,364,
2026-05-09 17:47:47,True,418,208,865,370,
2026-05-09 17:47:47,True,462,201,908,371,
2026-05-09 17:47:47,True,507,198,966,371,
2026-05-09 17:47:47,False,,,966,371,
2026-05-09 17:47:47,False,,,966,371,
2026-05-09 17:47:47,False,,,966,371,
2026-05-09 17:47:47,False,,,966,371,
2026-05-09 17:47:47,False,,,966,371,
2026-05-09 17:47:47,False,,,966,371,
2026-05-09 17:47:47,False,,,966,371,
2026-05-09 17:47:47,False,,,966,371,
2026-05-09 17:47:48,False,,,966,371,
2026-05-09 17:47:48,False,,,966,371,
2026-05-09 17:47:48,False,,,966,371,
2026-05-09 17:47:48,False,,,966,371,
2026-05-09 17:47:48,False,,,966,371,
2026-05-09 17:47:48,False,,,966,371,
2026-05-09 17:47:48,False,,,966,371,
2026-05-09 17:47:48,False,,,966,371,
2026-05-09 17:47:48,False,,,966,371,
2026-05-09 17:47:48,False,,,966,371,
2026-05-09 17:47:48,False,,,966,371,
2026-05-09 17:47:48,False,,,966,371,
2026-05-09 17:47:48,False,,,966,371,
2026-05-09 17:47:48,False,,,966,371,
2026-05-09 17:47:48,False,,,966,371,
2026-05-09 17:47:48,True,574,161,1047,354,
2026-05-09 17:47:48,True,534,175,1085,347,
2026-05-09 17:47:48,True,508,187,1099,348,
2026-05-09 17:47:48,True,498,186,1104,348,
2026-05-09 17:47:49,True,455,163,1084,337,
2026-05-09 17:47:49,True,405,147,1041,321,
2026-05-09 17:47:49,True,389,134,999,303,
2026-05-09 17:47:49,True,376,137,961,291,
2026-05-09 17:47:49,True,375,136,931,282,
2026-05-09 17:47:49,True,365,140,903,277,
2026-05-09 17:47:49,True,361,141,880,274,
2026-05-09 17:47:49,True,351,144,857,273,
2026-05-09 17:47:50,True,310,169,817,283,
2026-05-09 17:47:50,True,299,188,781,300,
2026-05-09 17:47:50,True,311,219,760,327,
2026-05-09 17:47:50,True,375,221,781,348,
2026-05-09 17:47:50,True,428,196,826,352,
2026-05-09 17:47:50,True,430,194,861,355,
2026-05-09 17:47:50,True,432,203,888,361,
2026-05-09 17:47:51,True,434,202,910,365,
2026-05-09 17:47:51,True,436,200,928,367,
2026-05-09 17:47:51,True,434,196,940,367,
2026-05-09 17:47:51,True,421,172,941,356,
2026-05-09 17:47:51,True,412,130,937,328,
2026-05-09 17:47:51,True,413,104,935,295,
2026-05-09 17:47:51,True,408,95,930,266,
2026-05-09 17:47:51,True,401,97,923,245,
2026-05-09 17:47:52,True,399,105,916,233,
2026-05-09 17:47:52,True,415,148,920,244,
2026-05-09 17:47:52,True,415,154,923,255,
2026-05-09 17:47:52,True,410,144,923,258,
2026-05-09 17:47:52,True,415,143,925,260,
2026-05-09 17:47:52,True,416,143,927,262,
2026-05-09 17:47:52,True,418,146,930,265,
2026-05-09 17:47:52,True,421,149,934,268,
2026-05-09 17:47:53,True,423,146,938,269,
2026-05-09 17:47:53,True,426,147,943,270,
2026-05-09 17:47:53,True,427,156,947,275,
2026-05-09 17:47:53,True,422,161,947,282,
2026-05-09 17:47:53,True,424,163,948,288,
2026-05-09 17:47:53,True,416,165,945,293,
2026-05-09 17:47:53,True,414,165,941,297,
2026-05-09 17:47:53,True,415,165,939,300,
2026-05-09 17:47:54,True,413,162,936,301,
2026-05-09 17:47:54,True,415,135,935,289,
2026-05-09 17:47:54,True,415,95,934,261,
2026-05-09 17:47:54,True,424,72,939,229,
2026-05-09 17:47:54,True,428,66,944,203,
2026-05-09 17:47:54,True,425,75,946,187,
2026-05-09 17:47:54,True,422,77,946,176,
2026-05-09 17:47:55,True,427,81,949,170,
2026-05-09 17:47:55,True,426,82,951,166,
2026-05-09 17:47:55,True,415,89,946,166,
2026-05-09 17:47:55,True,418,99,944,171,
2026-05-09 17:47:55,True,434,118,952,183,
2026-05-09 17:47:55,True,438,111,960,189,
2026-05-09 17:47:55,True,439,115,967,195,
2026-05-09 17:47:55,True,438,114,971,200,
2026-05-09 17:47:56,True,435,115,973,204,
2026-05-09 17:47:56,True,436,120,975,209,
2026-05-09 17:47:56,True,425,125,970,215,
2026-05-09 17:47:56,True,421,125,964,220,
2026-05-09 17:47:56,True,398,128,946,225,
2026-05-09 17:47:56,True,387,127,927,228,
2026-05-09 17:47:56,True,372,127,904,230,
2026-05-09 17:47:56,True,363,128,882,232,
2026-05-09 17:47:57,True,369,125,869,232,
2026-05-09 17:47:57,True,372,111,860,226,
2026-05-09 17:47:57,True,386,219,862,272,
2026-05-09 17:47:57,True,393,172,867,284,
2026-05-09 17:47:57,True,397,134,873,276,
2026-05-09 17:47:57,True,396,114,877,260,
2026-05-09 17:47:57,True,403,115,884,248,
2026-05-09 17:47:57,True,401,103,888,234,
2026-05-09 17:47:58,True,410,98,896,221,
2026-05-09 17:47:58,True,404,182,899,251,
2026-05-09 17:47:58,True,398,145,898,256,
2026-05-09 17:47:58,True,403,107,900,242,
2026-05-09 17:47:58,True,415,93,908,225,
2026-05-09 17:47:58,True,441,88,928,210,
2026-05-09 17:47:58,True,436,88,941,198,
2026-05-09 17:47:58,True,369,123,913,206,
2026-05-09 17:47:59,True,520,83,977,193,
2026-05-09 17:47:59,True,595,71,1067,178,
2026-05-09 17:47:59,False,,,1067,178,
2026-05-09 17:47:59,True,348,146,995,202,
2026-05-09 17:47:59,True,266,223,896,255,
2026-05-09 17:47:59,True,356,183,872,277,
2026-05-09 17:47:59,True,508,150,939,278,
2026-05-09 17:47:59,True,452,162,958,284,
2026-05-09 17:48:00,True,268,336,869,370,
2026-05-09 17:48:00,True,210,339,769,436,
2026-05-09 17:48:00,False,,,769,436,
2026-05-09 17:48:00,True,488,194,851,418,
2026-05-09 17:48:00,True,362,203,841,408,
2026-05-09 17:48:00,True,207,367,747,478,
2026-05-09 17:48:00,True,219,305,683,501,
2026-05-09 17:48:00,True,275,259,667,497,
2026-05-09 17:48:01,True,313,234,676,482,
2026-05-09 17:48:01,True,335,201,695,455,
2026-05-09 17:48:01,True,349,176,717,423,
2026-05-09 17:48:01,True,375,159,748,392,
2026-05-09 17:48:01,True,403,139,787,359,
2026-05-09 17:48:01,True,407,133,819,331,
2026-05-09 17:48:01,True,435,106,858,298,
2026-05-09 17:48:01,True,433,104,887,272,
2026-05-09 17:48:02,True,429,95,906,248,
2026-05-09 17:48:02,True,422,90,916,228,
2026-05-09 17:48:02,True,415,93,920,214,
2026-05-09 17:48:02,True,394,114,911,214,
2026-05-09 17:48:02,True,394,117,904,215,
2026-05-09 17:48:02,True,389,117,896,216,
2026-05-09 17:48:02,True,386,117,889,217,
2026-05-09 17:48:03,True,383,123,882,220,
2026-05-09 17:48:03,True,383,124,876,223,
2026-05-09 17:48:03,True,379,123,870,224,
2026-05-09 17:48:03,True,373,124,862,226,
2026-05-09 17:48:03,True,366,126,852,228,
2026-05-09 17:48:03,True,357,130,839,231,
2026-05-09 17:48:03,True,358,131,830,234,
2026-05-09 17:48:03,True,362,133,826,238,
2026-05-09 17:48:04,True,371,132,828,240,
2026-05-09 17:48:04,True,378,132,833,241,
2026-05-09 17:48:04,True,385,131,841,242,
2026-05-09 17:48:04,True,380,136,844,245,
2026-05-09 17:48:04,True,381,148,847,253,
2026-05-09 17:48:04,True,380,153,849,261,
2026-05-09 17:48:04,True,356,189,837,284,
2026-05-09 17:48:04,True,334,223,815,317,
2026-05-09 17:48:05,True,305,247,783,353,
2026-05-09 17:48:05,True,303,246,757,380,
2026-05-09 17:48:05,True,342,194,760,376,
2026-05-09 17:48:05,True,381,131,784,343,
2026-05-09 17:48:05,True,399,105,812,306,
2026-05-09 17:48:05,True,383,151,824,300,
2026-05-09 17:48:05,True,340,233,809,334,
2026-05-09 17:48:05,True,292,315,770,398,
2026-05-09 17:48:06,True,310,331,752,453,
2026-05-09 17:48:06,True,361,308,767,484,
2026-05-09 17:48:06,True,410,303,806,504,
2026-05-09 17:48:06,True,462,319,864,527,
2026-05-09 17:48:06,True,454,323,903,546,
2026-05-09 17:48:06,True,346,399,871,596,
2026-05-09 17:48:06,True,336,407,842,637,
2026-05-09 17:48:06,True,417,420,865,674,
2026-05-09 17:48:07,True,486,378,922,682,
2026-05-09 17:48:07,True,512,313,979,658,
2026-05-09 17:48:07,True,456,236,990,604,
2026-05-09 17:48:07,True,373,197,952,545,
2026-05-09 17:48:07,False,,,952,545,
2026-05-09 17:48:07,True,196,291,824,545,
2026-05-09 17:48:07,False,,,824,545,
2026-05-09 17:48:07,False,,,824,545,
2026-05-09 17:48:07,False,,,824,545,
2026-05-09 17:48:07,False,,,824,545,
2026-05-09 17:48:07,False,,,824,545,
2026-05-09 17:48:07,False,,,824,545,
2026-05-09 17:48:07,False,,,824,545,
2026-05-09 17:48:07,False,,,824,545,
2026-05-09 17:48:07,False,,,824,545,
2026-05-09 17:48:08,False,,,824,545,
2026-05-09 17:48:08,False,,,824,545,
2026-05-09 17:48:08,False,,,824,545,
2026-05-09 17:48:08,False,,,824,545,
2026-05-09 17:48:08,False,,,824,545,
2026-05-09 17:48:08,False,,,824,545,
2026-05-09 17:48:08,False,,,824,545,
2026-05-09 17:48:08,False,,,824,545,
2026-05-09 17:48:08,False,,,824,545,
2026-05-09 17:48:08,False,,,824,545,
2026-05-09 17:48:08,False,,,824,545,
2026-05-09 17:48:08,False,,,824,545,
2026-05-09 17:48:08,False,,,824,545,
2026-05-09 17:48:08,False,,,824,545,
2026-05-09 17:48:08,False,,,824,545,
2026-05-09 17:48:08,False,,,824,545,
2026-05-09 17:48:08,False,,,824,545,
2026-05-09 17:48:08,False,,,824,545,
2026-05-09 17:48:08,False,,,824,545,
2026-05-09 17:48:08,False,,,824,545,
2026-05-09 17:48:08,False,,,824,545,
2026-05-09 17:48:08,False,,,824,545,
2026-05-09 17:48:08,False,,,824,545,EXIT
2026-05-09 17:50:50,False,,,268,325,
2026-05-09 17:50:50,False,,,268,325,
2026-05-09 17:50:50,False,,,268,325,
2026-05-09 17:50:50,False,,,268,325,
2026-05-09 17:50:50,False,,,268,325,
2026-05-09 17:50:50,False,,,268,325,
2026-05-09 17:50:50,False,,,268,325,
2026-05-09 17:50:50,False,,,268,325,
2026-05-09 17:50:50,False,,,268,325,
2026-05-09 17:50:50,False,,,268,325,
2026-05-09 17:50:50,False,,,268,325,
2026-05-09 17:50:50,False,,,268,325,
2026-05-09 17:50:50,False,,,268,325,
2026-05-09 17:50:51,False,,,268,325,
2026-05-09 17:50:51,False,,,268,325,
2026-05-09 17:50:51,False,,,268,325,
2026-05-09 17:50:51,False,,,268,325,
2026-05-09 17:50:51,False,,,268,325,
2026-05-09 17:50:51,False,,,268,325,
2026-05-09 17:50:51,False,,,268,325,
2026-05-09 17:50:51,False,,,268,325,
2026-05-09 17:50:51,False,,,268,325,
2026-05-09 17:50:51,False,,,268,325,
2026-05-09 17:50:51,False,,,268,325,
2026-05-09 17:50:51,False,,,268,325,
2026-05-09 17:50:51,False,,,268,325,
2026-05-09 17:50:51,False,,,268,325,
2026-05-09 17:50:51,False,,,268,325,
2026-05-09 17:50:51,False,,,268,325,
2026-05-09 17:50:51,False,,,268,325,
2026-05-09 17:50:51,False,,,268,325,
2026-05-09 17:50:51,False,,,268,325,
2026-05-09 17:50:51,False,,,268,325,
2026-05-09 17:50:51,False,,,268,325,
2026-05-09 17:50:51,False,,,268,325,
2026-05-09 17:50:51,False,,,268,325,
2026-05-09 17:50:51,False,,,268,325,
2026-05-09 17:50:51,False,,,268,325,
2026-05-09 17:50:51,False,,,268,325,
2026-05-09 17:50:51,False,,,268,325,
2026-05-09 17:50:51,False,,,268,325,
2026-05-09 17:50:51,False,,,268,325,
2026-05-09 17:50:51,False,,,268,325,
2026-05-09 17:50:52,False,,,268,325,
2026-05-09 17:50:52,False,,,268,325,
2026-05-09 17:50:52,False,,,268,325,
2026-05-09 17:50:52,False,,,268,325,
2026-05-09 17:50:52,False,,,268,325,
2026-05-09 17:50:52,False,,,268,325,
2026-05-09 17:50:52,False,,,268,325,
2026-05-09 17:50:52,False,,,268,325,
2026-05-09 17:50:52,False,,,268,325,
2026-05-09 17:50:52,False,,,268,325,
2026-05-09 17:50:52,False,,,268,325,
2026-05-09 17:50:52,False,,,268,325,
2026-05-09 17:50:52,False,,,268,325,
2026-05-09 17:50:52,False,,,268,325,
2026-05-09 17:50:52,False,,,268,325,
2026-05-09 17:50:52,False,,,268,325,
2026-05-09 17:50:52,False,,,268,325,
2026-05-09 17:50:52,False,,,268,325,
2026-05-09 17:50:52,False,,,268,325,
2026-05-09 17:50:52,False,,,268,325,
2026-05-09 17:50:52,False,,,268,325,
2026-05-09 17:50:52,False,,,268,325,
2026-05-09 17:50:52,False,,,268,325,
2026-05-09 17:50:52,False,,,268,325,
2026-05-09 17:50:52,False,,,268,325,
2026-05-09 17:50:52,False,,,268,325,
2026-05-09 17:50:52,False,,,268,325,
2026-05-09 17:50:52,False,,,268,325,
2026-05-09 17:50:52,False,,,268,325,
2026-05-09 17:50:52,False,,,268,325,
2026-05-09 17:50:52,False,,,268,325,
2026-05-09 17:50:53,False,,,268,325,
2026-05-09 17:50:53,False,,,268,325,
2026-05-09 17:50:53,False,,,268,325,
2026-05-09 17:50:53,False,,,268,325,
2026-05-09 17:50:53,False,,,268,325,
2026-05-09 17:50:53,False,,,268,325,
2026-05-09 17:50:53,False,,,268,325,
2026-05-09 17:50:53,False,,,268,325,
2026-05-09 17:50:53,False,,,268,325,
2026-05-09 17:50:53,False,,,268,325,
2026-05-09 17:50:53,False,,,268,325,
2026-05-09 17:50:53,False,,,268,325,
2026-05-09 17:50:53,False,,,268,325,
2026-05-09 17:50:53,False,,,268,325,
2026-05-09 17:50:53,False,,,268,325,
2026-05-09 17:50:53,False,,,268,325,
2026-05-09 17:50:53,False,,,268,325,
2026-05-09 17:50:53,False,,,268,325,
2026-05-09 17:50:53,False,,,268,325,
2026-05-09 17:50:53,False,,,268,325,
2026-05-09 17:50:53,False,,,268,325,
2026-05-09 17:50:53,False,,,268,325,
2026-05-09 17:50:53,False,,,268,325,
2026-05-09 17:50:53,False,,,268,325,
2026-05-09 17:50:53,False,,,268,325,
2026-05-09 17:50:53,False,,,268,325,
2026-05-09 17:50:53,False,,,268,325,
2026-05-09 17:50:53,False,,,268,325,
2026-05-09 17:50:53,False,,,268,325,
2026-05-09 17:50:53,False,,,268,325,
2026-05-09 17:50:54,False,,,268,325,
2026-05-09 17:50:54,False,,,268,325,
2026-05-09 17:50:54,False,,,268,325,
2026-05-09 17:50:54,False,,,268,325,
2026-05-09 17:50:54,False,,,268,325,
2026-05-09 17:50:54,False,,,268,325,
2026-05-09 17:50:54,False,,,268,325,
2026-05-09 17:50:54,False,,,268,325,
2026-05-09 17:50:54,False,,,268,325,
2026-05-09 17:50:54,False,,,268,325,
2026-05-09 17:50:54,False,,,268,325,
2026-05-09 17:50:54,False,,,268,325,
2026-05-09 17:50:54,False,,,268,325,
2026-05-09 17:50:54,False,,,268,325,
2026-05-09 17:50:54,False,,,268,325,
2026-05-09 17:50:54,False,,,268,325,
2026-05-09 17:50:54,False,,,268,325,
2026-05-09 17:50:54,False,,,268,325,
2026-05-09 17:50:54,False,,,268,325,
2026-05-09 17:50:54,False,,,268,325,
2026-05-09 17:50:54,False,,,268,325,
2026-05-09 17:50:54,False,,,268,325,
2026-05-09 17:50:54,False,,,268,325,
2026-05-09 17:50:54,False,,,268,325,
2026-05-09 17:50:54,False,,,268,325,
2026-05-09 17:50:54,False,,,268,325,
2026-05-09 17:50:54,False,,,268,325,
2026-05-09 17:50:54,False,,,268,325,
2026-05-09 17:50:55,False,,,268,325,
2026-05-09 17:50:55,False,,,268,325,
2026-05-09 17:50:55,False,,,268,325,
2026-05-09 17:50:55,False,,,268,325,
2026-05-09 17:50:55,False,,,268,325,
2026-05-09 17:50:55,False,,,268,325,
2026-05-09 17:50:55,False,,,268,325,
2026-05-09 17:50:55,False,,,268,325,
2026-05-09 17:50:55,False,,,268,325,
2026-05-09 17:50:55,False,,,268,325,
2026-05-09 17:50:55,False,,,268,325,
2026-05-09 17:50:55,False,,,268,325,
2026-05-09 17:50:55,False,,,268,325,
2026-05-09 17:50:55,False,,,268,325,
2026-05-09 17:50:55,False,,,268,325,
2026-05-09 17:50:55,False,,,268,325,
2026-05-09 17:50:55,False,,,268,325,
2026-05-09 17:50:55,False,,,268,325,
2026-05-09 17:50:55,False,,,268,325,
2026-05-09 17:50:55,False,,,268,325,
2026-05-09 17:50:55,False,,,268,325,
2026-05-09 17:50:55,False,,,268,325,
2026-05-09 17:50:55,False,,,268,325,
2026-05-09 17:50:55,False,,,268,325,
2026-05-09 17:50:55,False,,,268,325,
2026-05-09 17:50:55,False,,,268,325,
2026-05-09 17:50:55,False,,,268,325,
2026-05-09 17:50:55,False,,,268,325,
2026-05-09 17:50:55,False,,,268,325,
2026-05-09 17:50:55,False,,,268,325,
2026-05-09 17:50:55,False,,,268,325,
2026-05-09 17:50:56,False,,,268,325,
2026-05-09 17:50:56,False,,,268,325,
2026-05-09 17:50:56,False,,,268,325,
2026-05-09 17:50:56,False,,,268,325,
2026-05-09 17:50:56,False,,,268,325,
2026-05-09 17:50:56,False,,,268,325,
2026-05-09 17:50:56,False,,,268,325,
2026-05-09 17:50:56,False,,,268,325,
2026-05-09 17:50:56,False,,,268,325,
2026-05-09 17:50:56,False,,,268,325,
2026-05-09 17:50:56,False,,,268,325,
2026-05-09 17:50:56,False,,,268,325,
2026-05-09 17:50:56,False,,,268,325,
2026-05-09 17:50:56,False,,,268,325,
2026-05-09 17:50:56,False,,,268,325,
2026-05-09 17:50:56,False,,,268,325,
2026-05-09 17:50:56,False,,,268,325,
2026-05-09 17:50:56,False,,,268,325,
2026-05-09 17:50:56,False,,,268,325,
2026-05-09 17:50:56,False,,,268,325,
2026-05-09 17:50:56,False,,,268,325,
2026-05-09 17:50:56,False,,,268,325,
2026-05-09 17:50:56,False,,,268,325,
2026-05-09 17:50:56,False,,,268,325,
2026-05-09 17:50:56,False,,,268,325,
2026-05-09 17:50:56,False,,,268,325,
2026-05-09 17:50:56,False,,,268,325,
2026-05-09 17:50:56,False,,,268,325,
2026-05-09 17:50:56,False,,,268,325,
2026-05-09 17:50:56,False,,,268,325,
2026-05-09 17:50:56,False,,,268,325,
2026-05-09 17:50:57,False,,,268,325,
2026-05-09 17:50:57,False,,,268,325,
2026-05-09 17:50:57,False,,,268,325,
2026-05-09 17:50:57,False,,,268,325,
2026-05-09 17:50:57,False,,,268,325,
2026-05-09 17:50:57,False,,,268,325,
2026-05-09 17:50:57,False,,,268,325,
2026-05-09 17:50:57,False,,,268,325,
2026-05-09 17:50:57,False,,,268,325,
2026-05-09 17:50:57,False,,,268,325,
2026-05-09 17:50:57,False,,,268,325,
2026-05-09 17:50:57,False,,,268,325,
2026-05-09 17:50:57,False,,,268,325,
2026-05-09 17:50:57,False,,,268,325,
2026-05-09 17:50:57,False,,,268,325,
2026-05-09 17:50:57,False,,,268,325,
2026-05-09 17:50:57,False,,,268,325,
2026-05-09 17:50:57,False,,,268,325,
2026-05-09 17:50:57,False,,,268,325,
2026-05-09 17:50:57,False,,,268,325,
2026-05-09 17:50:57,False,,,268,325,
2026-05-09 17:50:57,False,,,268,325,
2026-05-09 17:50:57,False,,,268,325,
2026-05-09 17:50:57,False,,,268,325,
2026-05-09 17:50:57,False,,,268,325,
2026-05-09 17:50:57,False,,,268,325,
2026-05-09 17:50:57,False,,,268,325,
2026-05-09 17:50:57,False,,,268,325,
2026-05-09 17:50:57,False,,,268,325,
2026-05-09 17:50:58,False,,,268,325,
2026-05-09 17:50:58,False,,,268,325,
2026-05-09 17:50:58,False,,,268,325,
2026-05-09 17:50:58,False,,,268,325,
2026-05-09 17:50:58,False,,,268,325,
2026-05-09 17:50:58,False,,,268,325,
2026-05-09 17:50:58,False,,,268,325,
2026-05-09 17:50:58,False,,,268,325,
2026-05-09 17:50:58,False,,,268,325,
2026-05-09 17:50:58,False,,,268,325,
2026-05-09 17:50:58,False,,,268,325,
2026-05-09 17:50:58,False,,,268,325,
2026-05-09 17:50:58,False,,,268,325,
2026-05-09 17:50:58,False,,,268,325,
2026-05-09 17:50:58,False,,,268,325,
2026-05-09 17:50:58,False,,,268,325,
2026-05-09 17:50:58,False,,,268,325,
2026-05-09 17:50:58,False,,,268,325,
2026-05-09 17:50:58,False,,,268,325,
2026-05-09 17:50:58,False,,,268,325,
2026-05-09 17:50:58,False,,,268,325,
2026-05-09 17:50:58,False,,,268,325,
2026-05-09 17:50:58,False,,,268,325,
2026-05-09 17:50:58,False,,,268,325,
2026-05-09 17:50:58,False,,,268,325,
2026-05-09 17:50:58,False,,,268,325,
2026-05-09 17:50:58,False,,,268,325,
2026-05-09 17:50:58,False,,,268,325,
2026-05-09 17:50:58,False,,,268,325,
2026-05-09 17:50:58,False,,,268,325,
2026-05-09 17:50:58,False,,,268,325,
2026-05-09 17:50:59,False,,,268,325,
2026-05-09 17:50:59,False,,,268,325,
2026-05-09 17:50:59,False,,,268,325,
2026-05-09 17:50:59,False,,,268,325,
2026-05-09 17:50:59,False,,,268,325,
2026-05-09 17:50:59,False,,,268,325,
2026-05-09 17:50:59,False,,,268,325,
2026-05-09 17:50:59,False,,,268,325,
2026-05-09 17:50:59,False,,,268,325,
2026-05-09 17:50:59,False,,,268,325,
2026-05-09 17:50:59,False,,,268,325,
2026-05-09 17:50:59,False,,,268,325,
2026-05-09 17:50:59,False,,,268,325,
2026-05-09 17:50:59,False,,,268,325,
2026-05-09 17:50:59,False,,,268,325,
2026-05-09 17:50:59,False,,,268,325,
2026-05-09 17:50:59,False,,,268,325,
2026-05-09 17:50:59,False,,,268,325,
2026-05-09 17:50:59,False,,,268,325,
2026-05-09 17:50:59,False,,,268,325,
2026-05-09 17:50:59,False,,,268,325,
2026-05-09 17:50:59,False,,,268,325,
2026-05-09 17:50:59,False,,,268,325,
2026-05-09 17:50:59,False,,,268,325,
2026-05-09 17:50:59,False,,,268,325,
2026-05-09 17:51:00,True,547,171,1230,321,
2026-05-09 17:51:00,False,,,1230,321,
2026-05-09 17:51:00,True,555,-30,1234,240,
2026-05-09 17:51:00,True,514,-24,1214,180,
2026-05-09 17:51:00,True,508,-21,1196,135,
2026-05-09 17:51:00,True,507,5,1182,103,
2026-05-09 17:51:00,True,462,69,1146,109,
2026-05-09 17:51:00,True,434,139,1103,147,
2026-05-09 17:51:00,True,428,176,1068,193,
2026-05-09 17:51:01,True,417,194,1035,235,
2026-05-09 17:51:01,True,405,203,1003,271,
2026-05-09 17:51:01,True,397,211,975,302,
2026-05-09 17:51:01,True,383,283,946,359,
2026-05-09 17:51:01,False,,,946,359,
2026-05-09 17:51:01,False,,,946,359,
2026-05-09 17:51:01,False,,,946,359,
2026-05-09 17:51:01,False,,,946,359,
2026-05-09 17:51:01,False,,,946,359,
2026-05-09 17:51:01,False,,,946,359,
2026-05-09 17:51:01,False,,,946,359,
2026-05-09 17:51:01,False,,,946,359,
2026-05-09 17:51:01,False,,,946,359,
2026-05-09 17:51:01,False,,,946,359,
2026-05-09 17:51:01,False,,,946,359,
2026-05-09 17:51:01,False,,,946,359,
2026-05-09 17:51:01,False,,,946,359,
2026-05-09 17:51:01,False,,,946,359,
2026-05-09 17:51:01,False,,,946,359,
2026-05-09 17:51:02,False,,,946,359,
2026-05-09 17:51:02,False,,,946,359,
2026-05-09 17:51:02,False,,,946,359,
2026-05-09 17:51:02,False,,,946,359,
2026-05-09 17:51:02,False,,,946,359,
2026-05-09 17:51:02,False,,,946,359,
2026-05-09 17:51:02,False,,,946,359,
2026-05-09 17:51:02,False,,,946,359,
2026-05-09 17:51:02,False,,,946,359,
2026-05-09 17:51:02,False,,,946,359,
2026-05-09 17:51:02,False,,,946,359,
2026-05-09 17:51:02,False,,,946,359,
2026-05-09 17:51:02,False,,,946,359,
2026-05-09 17:51:02,False,,,946,359,
2026-05-09 17:51:02,False,,,946,359,
2026-05-09 17:51:02,False,,,946,359,
2026-05-09 17:51:02,False,,,946,359,
2026-05-09 17:51:02,False,,,946,359,
2026-05-09 17:51:02,False,,,946,359,
2026-05-09 17:51:02,False,,,946,359,
2026-05-09 17:51:02,False,,,946,359,
2026-05-09 17:51:02,False,,,946,359,
2026-05-09 17:51:02,False,,,946,359,
2026-05-09 17:51:02,False,,,946,359,
2026-05-09 17:51:02,False,,,946,359,
2026-05-09 17:51:02,False,,,946,359,
2026-05-09 17:51:02,False,,,946,359,
2026-05-09 17:51:02,False,,,946,359,
2026-05-09 17:51:02,False,,,946,359,
2026-05-09 17:51:02,False,,,946,359,
2026-05-09 17:51:02,False,,,946,359,
2026-05-09 17:51:03,False,,,946,359,
2026-05-09 17:51:03,False,,,946,359,
2026-05-09 17:51:03,False,,,946,359,
2026-05-09 17:51:03,False,,,946,359,
2026-05-09 17:51:03,False,,,946,359,
2026-05-09 17:51:03,False,,,946,359,
2026-05-09 17:51:03,False,,,946,359,
2026-05-09 17:51:03,False,,,946,359,
2026-05-09 17:51:03,False,,,946,359,
2026-05-09 17:51:03,False,,,946,359,
2026-05-09 17:51:03,False,,,946,359,
2026-05-09 17:51:03,False,,,946,359,
2026-05-09 17:51:03,False,,,946,359,
2026-05-09 17:51:03,False,,,946,359,
2026-05-09 17:51:03,False,,,946,359,
2026-05-09 17:51:03,False,,,946,359,
2026-05-09 17:51:03,False,,,946,359,
2026-05-09 17:51:03,False,,,946,359,
2026-05-09 17:51:03,False,,,946,359,
2026-05-09 17:51:03,False,,,946,359,
2026-05-09 17:51:03,False,,,946,359,
2026-05-09 17:51:03,False,,,946,359,
2026-05-09 17:51:03,False,,,946,359,
2026-05-09 17:51:03,False,,,946,359,
2026-05-09 17:51:03,False,,,946,359,
2026-05-09 17:51:03,False,,,946,359,
2026-05-09 17:51:03,False,,,946,359,
2026-05-09 17:51:03,False,,,946,359,
2026-05-09 17:51:03,False,,,946,359,
2026-05-09 17:51:03,False,,,946,359,
2026-05-09 17:51:04,False,,,946,359,
2026-05-09 17:51:04,False,,,946,359,
2026-05-09 17:51:04,False,,,946,359,
2026-05-09 17:51:04,False,,,946,359,
2026-05-09 17:51:04,False,,,946,359,
2026-05-09 17:51:04,False,,,946,359,
2026-05-09 17:51:04,False,,,946,359,
2026-05-09 17:51:04,False,,,946,359,
2026-05-09 17:51:04,False,,,946,359,
2026-05-09 17:51:04,False,,,946,359,
2026-05-09 17:51:04,False,,,946,359,
2026-05-09 17:51:04,False,,,946,359,
2026-05-09 17:51:04,False,,,946,359,
2026-05-09 17:51:04,False,,,946,359,
2026-05-09 17:51:04,False,,,946,359,
2026-05-09 17:51:04,False,,,946,359,
2026-05-09 17:51:04,False,,,946,359,
2026-05-09 17:51:04,False,,,946,359,
2026-05-09 17:51:04,False,,,946,359,
2026-05-09 17:51:04,False,,,946,359,
2026-05-09 17:51:04,False,,,946,359,
2026-05-09 17:51:04,False,,,946,359,
2026-05-09 17:51:04,False,,,946,359,
2026-05-09 17:51:04,False,,,946,359,
2026-05-09 17:51:04,False,,,946,359,
2026-05-09 17:51:04,False,,,946,359,
2026-05-09 17:51:04,False,,,946,359,
2026-05-09 17:51:04,False,,,946,359,
2026-05-09 17:51:04,False,,,946,359,
2026-05-09 17:51:05,False,,,946,359,
2026-05-09 17:51:05,False,,,946,359,
2026-05-09 17:51:05,False,,,946,359,
2026-05-09 17:51:05,False,,,946,359,
2026-05-09 17:51:05,False,,,946,359,
2026-05-09 17:51:05,False,,,946,359,
2026-05-09 17:51:05,False,,,946,359,
2026-05-09 17:51:05,False,,,946,359,
2026-05-09 17:51:05,False,,,946,359,
2026-05-09 17:51:05,False,,,946,359,
2026-05-09 17:51:05,False,,,946,359,
2026-05-09 17:51:05,False,,,946,359,
2026-05-09 17:51:05,False,,,946,359,
2026-05-09 17:51:05,False,,,946,359,
2026-05-09 17:51:05,False,,,946,359,
2026-05-09 17:51:05,False,,,946,359,
2026-05-09 17:51:05,False,,,946,359,
2026-05-09 17:51:05,False,,,946,359,
2026-05-09 17:51:05,False,,,946,359,
2026-05-09 17:51:05,False,,,946,359,
2026-05-09 17:51:05,False,,,946,359,
2026-05-09 17:51:05,False,,,946,359,
2026-05-09 17:51:05,False,,,946,359,
2026-05-09 17:51:05,False,,,946,359,
2026-05-09 17:51:05,False,,,946,359,
2026-05-09 17:51:05,False,,,946,359,
2026-05-09 17:51:05,False,,,946,359,
2026-05-09 17:51:05,False,,,946,359,
2026-05-09 17:51:05,False,,,946,359,
2026-05-09 17:51:05,False,,,946,359,
2026-05-09 17:51:05,False,,,946,359,
2026-05-09 17:51:06,False,,,946,359,
2026-05-09 17:51:06,False,,,946,359,
2026-05-09 17:51:06,False,,,946,359,
2026-05-09 17:51:06,False,,,946,359,
2026-05-09 17:51:06,False,,,946,359,
2026-05-09 17:51:06,False,,,946,359,
2026-05-09 17:51:06,False,,,946,359,
2026-05-09 17:51:06,False,,,946,359,
2026-05-09 17:51:06,False,,,946,359,
2026-05-09 17:51:06,False,,,946,359,
2026-05-09 17:51:06,False,,,946,359,
2026-05-09 17:51:06,False,,,946,359,
2026-05-09 17:51:06,False,,,946,359,
2026-05-09 17:51:06,False,,,946,359,
2026-05-09 17:51:06,False,,,946,359,
2026-05-09 17:51:06,False,,,946,359,
2026-05-09 17:51:06,False,,,946,359,
2026-05-09 17:51:06,False,,,946,359,
2026-05-09 17:51:06,False,,,946,359,
2026-05-09 17:51:06,False,,,946,359,
2026-05-09 17:51:06,False,,,946,359,
2026-05-09 17:51:06,False,,,946,359,
2026-05-09 17:51:06,False,,,946,359,
2026-05-09 17:51:06,False,,,946,359,
2026-05-09 17:51:06,False,,,946,359,
2026-05-09 17:51:06,False,,,946,359,
2026-05-09 17:51:06,False,,,946,359,
2026-05-09 17:51:06,False,,,946,359,
2026-05-09 17:51:06,False,,,946,359,
2026-05-09 17:51:06,False,,,946,359,
2026-05-09 17:51:07,False,,,946,359,
2026-05-09 17:51:07,False,,,946,359,
2026-05-09 17:51:07,False,,,946,359,
2026-05-09 17:51:07,False,,,946,359,
2026-05-09 17:51:07,False,,,946,359,
2026-05-09 17:51:07,False,,,946,359,
2026-05-09 17:51:07,False,,,946,359,
2026-05-09 17:51:07,False,,,946,359,
2026-05-09 17:51:07,False,,,946,359,
2026-05-09 17:51:07,False,,,946,359,
2026-05-09 17:51:07,False,,,946,359,
2026-05-09 17:51:07,False,,,946,359,
2026-05-09 17:51:07,False,,,946,359,
2026-05-09 17:51:07,False,,,946,359,
2026-05-09 17:51:07,False,,,946,359,
2026-05-09 17:51:07,False,,,946,359,
2026-05-09 17:51:07,False,,,946,359,
2026-05-09 17:51:07,False,,,946,359,
2026-05-09 17:51:07,False,,,946,359,
2026-05-09 17:51:07,False,,,946,359,
2026-05-09 17:51:07,False,,,946,359,
2026-05-09 17:51:07,False,,,946,359,
2026-05-09 17:51:07,False,,,946,359,
2026-05-09 17:51:07,False,,,946,359,
2026-05-09 17:51:07,False,,,946,359,
2026-05-09 17:51:07,False,,,946,359,
2026-05-09 17:51:07,False,,,946,359,
2026-05-09 17:51:07,False,,,946,359,
2026-05-09 17:51:07,False,,,946,359,
2026-05-09 17:51:07,False,,,946,359,
2026-05-09 17:51:08,False,,,946,359,
2026-05-09 17:51:08,False,,,946,359,
2026-05-09 17:51:08,False,,,946,359,
2026-05-09 17:51:08,False,,,946,359,
2026-05-09 17:51:08,False,,,946,359,
2026-05-09 17:51:08,False,,,946,359,
2026-05-09 17:51:08,False,,,946,359,
2026-05-09 17:51:08,False,,,946,359,
2026-05-09 17:51:08,False,,,946,359,
2026-05-09 17:51:08,False,,,946,359,
2026-05-09 17:51:08,False,,,946,359,
2026-05-09 17:51:08,False,,,946,359,
2026-05-09 17:51:08,False,,,946,359,
2026-05-09 17:51:08,False,,,946,359,
2026-05-09 17:51:08,False,,,946,359,
2026-05-09 17:51:08,False,,,946,359,
2026-05-09 17:51:08,False,,,946,359,
2026-05-09 17:51:08,False,,,946,359,
2026-05-09 17:51:08,False,,,946,359,
2026-05-09 17:51:08,False,,,946,359,
2026-05-09 17:51:08,False,,,946,359,
2026-05-09 17:51:08,False,,,946,359,
2026-05-09 17:51:08,False,,,946,359,
2026-05-09 17:51:08,False,,,946,359,
2026-05-09 17:51:08,False,,,946,359,
2026-05-09 17:51:08,False,,,946,359,
2026-05-09 17:51:08,False,,,946,359,
2026-05-09 17:51:08,False,,,946,359,
2026-05-09 17:51:08,False,,,946,359,
2026-05-09 17:51:09,False,,,946,359,
2026-05-09 17:51:09,False,,,946,359,
2026-05-09 17:51:09,False,,,946,359,
2026-05-09 17:51:09,False,,,946,359,
2026-05-09 17:51:09,False,,,946,359,
2026-05-09 17:51:09,False,,,946,359,
2026-05-09 17:51:09,False,,,946,359,
2026-05-09 17:51:09,False,,,946,359,
2026-05-09 17:51:09,False,,,946,359,
2026-05-09 17:51:09,False,,,946,359,
2026-05-09 17:51:09,False,,,946,359,
2026-05-09 17:51:09,False,,,946,359,
2026-05-09 17:51:09,False,,,946,359,
2026-05-09 17:51:09,False,,,946,359,
2026-05-09 17:51:09,False,,,946,359,
2026-05-09 17:51:09,False,,,946,359,
2026-05-09 17:51:09,False,,,946,359,
2026-05-09 17:51:09,False,,,946,359,
2026-05-09 17:51:09,False,,,946,359,
2026-05-09 17:51:09,False,,,946,359,
2026-05-09 17:51:09,False,,,946,359,
2026-05-09 17:51:09,False,,,946,359,
2026-05-09 17:51:09,False,,,946,359,
2026-05-09 17:51:09,False,,,946,359,
2026-05-09 17:51:09,False,,,946,359,
2026-05-09 17:51:09,False,,,946,359,
2026-05-09 17:51:09,False,,,946,359,
2026-05-09 17:51:09,False,,,946,359,
2026-05-09 17:51:09,False,,,946,359,
2026-05-09 17:51:09,False,,,946,359,
2026-05-09 17:51:09,False,,,946,359,
2026-05-09 17:51:10,False,,,946,359,
2026-05-09 17:51:10,False,,,946,359,
2026-05-09 17:51:10,False,,,946,359,
2026-05-09 17:51:10,False,,,946,359,
2026-05-09 17:51:10,False,,,946,359,
2026-05-09 17:51:10,False,,,946,359,
2026-05-09 17:51:10,False,,,946,359,
2026-05-09 17:51:10,False,,,946,359,
2026-05-09 17:51:10,False,,,946,359,
2026-05-09 17:51:10,False,,,946,359,
2026-05-09 17:51:10,False,,,946,359,
2026-05-09 17:51:10,False,,,946,359,
2026-05-09 17:51:10,False,,,946,359,
2026-05-09 17:51:10,False,,,946,359,
2026-05-09 17:51:10,False,,,946,359,
2026-05-09 17:51:10,False,,,946,359,
2026-05-09 17:51:10,False,,,946,359,
2026-05-09 17:51:10,False,,,946,359,
2026-05-09 17:51:10,False,,,946,359,
2026-05-09 17:51:10,False,,,946,359,
2026-05-09 17:51:10,False,,,946,359,
2026-05-09 17:51:10,False,,,946,359,
2026-05-09 17:51:10,False,,,946,359,
2026-05-09 17:51:10,False,,,946,359,
2026-05-09 17:51:10,False,,,946,359,
2026-05-09 17:51:10,False,,,946,359,
2026-05-09 17:51:10,False,,,946,359,
2026-05-09 17:51:10,False,,,946,359,
2026-05-09 17:51:10,False,,,946,359,
2026-05-09 17:51:11,False,,,946,359,
2026-05-09 17:51:11,False,,,946,359,
2026-05-09 17:51:11,False,,,946,359,
2026-05-09 17:51:11,False,,,946,359,
2026-05-09 17:51:11,False,,,946,359,
2026-05-09 17:51:11,False,,,946,359,
2026-05-09 17:51:11,False,,,946,359,
2026-05-09 17:51:11,False,,,946,359,
2026-05-09 17:51:11,False,,,946,359,
2026-05-09 17:51:11,False,,,946,359,
2026-05-09 17:51:11,False,,,946,359,
2026-05-09 17:51:11,False,,,946,359,
2026-05-09 17:51:11,False,,,946,359,
2026-05-09 17:51:11,False,,,946,359,
2026-05-09 17:51:11,False,,,946,359,
2026-05-09 17:51:11,False,,,946,359,
2026-05-09 17:51:11,False,,,946,359,
2026-05-09 17:51:11,False,,,946,359,
2026-05-09 17:51:11,False,,,946,359,
2026-05-09 17:51:11,False,,,946,359,
2026-05-09 17:51:11,False,,,946,359,
2026-05-09 17:51:11,False,,,946,359,
2026-05-09 17:51:11,False,,,946,359,
2026-05-09 17:51:11,False,,,946,359,
2026-05-09 17:51:11,False,,,946,359,
2026-05-09 17:51:11,False,,,946,359,
2026-05-09 17:51:11,False,,,946,359,
2026-05-09 17:51:11,False,,,946,359,
2026-05-09 17:51:11,False,,,946,359,
2026-05-09 17:51:11,False,,,946,359,
2026-05-09 17:51:12,False,,,946,359,
2026-05-09 17:51:12,False,,,946,359,
2026-05-09 17:51:12,False,,,946,359,
2026-05-09 17:51:12,False,,,946,359,
2026-05-09 17:51:12,False,,,946,359,
2026-05-09 17:51:12,False,,,946,359,
2026-05-09 17:51:12,False,,,946,359,
2026-05-09 17:51:12,False,,,946,359,
2026-05-09 17:51:12,False,,,946,359,
2026-05-09 17:51:12,False,,,946,359,
2026-05-09 17:51:12,False,,,946,359,
2026-05-09 17:51:12,False,,,946,359,
2026-05-09 17:51:12,False,,,946,359,
2026-05-09 17:51:12,False,,,946,359,
2026-05-09 17:51:12,False,,,946,359,
2026-05-09 17:51:12,False,,,946,359,
2026-05-09 17:51:12,False,,,946,359,
2026-05-09 17:51:12,False,,,946,359,
2026-05-09 17:51:12,False,,,946,359,
2026-05-09 17:51:12,False,,,946,359,
2026-05-09 17:51:12,False,,,946,359,
2026-05-09 17:51:12,False,,,946,359,
2026-05-09 17:51:12,False,,,946,359,
2026-05-09 17:51:12,False,,,946,359,
2026-05-09 17:51:12,False,,,946,359,
2026-05-09 17:51:12,False,,,946,359,
2026-05-09 17:51:12,False,,,946,359,
2026-05-09 17:51:12,False,,,946,359,
2026-05-09 17:51:12,False,,,946,359,
2026-05-09 17:51:12,False,,,946,359,
2026-05-09 17:51:12,False,,,946,359,
2026-05-09 17:51:13,False,,,946,359,
2026-05-09 17:51:13,False,,,946,359,
2026-05-09 17:51:13,False,,,946,359,
2026-05-09 17:51:13,False,,,946,359,
2026-05-09 17:51:13,False,,,946,359,
2026-05-09 17:51:13,False,,,946,359,
2026-05-09 17:51:13,False,,,946,359,
2026-05-09 17:51:13,False,,,946,359,
2026-05-09 17:51:13,False,,,946,359,
2026-05-09 17:51:13,False,,,946,359,
2026-05-09 17:51:13,False,,,946,359,
2026-05-09 17:51:13,False,,,946,359,
2026-05-09 17:51:13,False,,,946,359,
2026-05-09 17:51:13,False,,,946,359,
2026-05-09 17:51:13,False,,,946,359,
2026-05-09 17:51:13,False,,,946,359,
2026-05-09 17:51:13,False,,,946,359,
2026-05-09 17:51:13,False,,,946,359,
2026-05-09 17:51:13,False,,,946,359,
2026-05-09 17:51:13,False,,,946,359,
2026-05-09 17:51:13,False,,,946,359,
2026-05-09 17:51:13,False,,,946,359,
2026-05-09 17:51:13,False,,,946,359,
2026-05-09 17:51:13,False,,,946,359,
2026-05-09 17:51:13,False,,,946,359,
2026-05-09 17:51:13,False,,,946,359,
2026-05-09 17:51:13,False,,,946,359,
2026-05-09 17:51:13,False,,,946,359,
2026-05-09 17:51:13,False,,,946,359,
2026-05-09 17:51:13,False,,,946,359,
2026-05-09 17:51:14,False,,,946,359,
2026-05-09 17:51:14,False,,,946,359,
2026-05-09 17:51:14,False,,,946,359,
2026-05-09 17:51:14,False,,,946,359,
2026-05-09 17:51:14,False,,,946,359,
2026-05-09 17:51:14,False,,,946,359,
2026-05-09 17:51:14,False,,,946,359,
2026-05-09 17:51:14,False,,,946,359,
2026-05-09 17:51:14,False,,,946,359,
2026-05-09 17:51:14,False,,,946,359,
2026-05-09 17:51:14,False,,,946,359,
2026-05-09 17:51:14,False,,,946,359,
2026-05-09 17:51:14,False,,,946,359,
2026-05-09 17:51:14,False,,,946,359,
2026-05-09 17:51:14,False,,,946,359,
2026-05-09 17:51:14,False,,,946,359,
2026-05-09 17:51:14,False,,,946,359,
2026-05-09 17:51:14,False,,,946,359,
2026-05-09 17:51:14,False,,,946,359,
2026-05-09 17:51:14,False,,,946,359,
2026-05-09 17:51:14,False,,,946,359,
2026-05-09 17:51:14,False,,,946,359,
2026-05-09 17:51:14,False,,,946,359,
2026-05-09 17:52:05,False,,,837,719,
2026-05-09 17:52:05,False,,,837,719,
2026-05-09 17:52:05,False,,,837,719,
2026-05-09 17:52:05,False,,,837,719,
2026-05-09 17:52:05,False,,,837,719,
2026-05-09 17:52:06,False,,,837,719,
2026-05-09 17:52:06,False,,,837,719,
2026-05-09 17:52:06,True,104,97,234,182,
2026-05-09 17:52:06,True,99,94,231,180,
2026-05-09 17:52:06,False,,,231,180,
2026-05-09 17:52:06,False,,,231,180,
2026-05-09 17:52:06,False,,,231,180,
2026-05-09 17:52:06,False,,,231,180,
2026-05-09 17:52:06,False,,,231,180,
2026-05-09 17:52:06,False,,,231,180,
2026-05-09 17:52:06,False,,,231,180,
2026-05-09 17:52:06,False,,,231,180,
2026-05-09 17:52:06,False,,,231,180,
2026-05-09 17:52:06,False,,,231,180,
2026-05-09 17:52:06,False,,,231,180,
2026-05-09 17:52:06,False,,,231,180,
2026-05-09 17:52:06,False,,,231,180,
2026-05-09 17:52:06,False,,,231,180,
2026-05-09 17:52:06,False,,,231,180,
2026-05-09 17:52:06,False,,,231,180,
2026-05-09 17:52:06,False,,,231,180,
2026-05-09 17:52:06,True,114,98,237,181,
2026-05-09 17:52:06,False,,,237,181,
2026-05-09 17:52:06,False,,,237,181,
2026-05-09 17:52:06,False,,,237,181,
2026-05-09 17:52:06,False,,,237,181,
2026-05-09 17:52:06,False,,,237,181,
2026-05-09 17:52:06,False,,,237,181,
2026-05-09 17:52:06,False,,,237,181,
2026-05-09 17:52:06,False,,,237,181,
2026-05-09 17:52:07,False,,,237,181,
2026-05-09 17:52:07,True,272,108,330,186,
2026-05-09 17:52:07,False,,,330,186,
2026-05-09 17:52:07,False,,,330,186,
2026-05-09 17:52:07,False,,,330,186,
2026-05-09 17:52:07,False,,,330,186,
2026-05-09 17:52:07,False,,,330,186,
2026-05-09 17:52:07,True,177,139,346,204,
2026-05-09 17:52:07,False,,,346,204,
2026-05-09 17:52:07,False,,,346,204,
2026-05-09 17:52:07,False,,,346,204,
2026-05-09 17:52:07,False,,,346,204,
2026-05-09 17:52:07,False,,,346,204,
2026-05-09 17:52:07,False,,,346,204,
2026-05-09 17:52:07,False,,,346,204,
2026-05-09 17:52:07,False,,,346,204,
2026-05-09 17:52:07,False,,,346,204,
2026-05-09 17:52:07,False,,,346,204,
2026-05-09 17:52:07,True,186,131,364,214,
2026-05-09 17:52:07,False,,,364,214,
2026-05-09 17:52:07,False,,,364,214,
2026-05-09 17:52:07,False,,,364,214,
2026-05-09 17:52:07,True,146,130,355,221,
2026-05-09 17:52:07,True,148,131,349,227,
2026-05-09 17:52:07,True,191,130,369,231,
2026-05-09 17:52:07,True,193,124,385,231,
2026-05-09 17:52:07,True,193,129,397,233,
2026-05-09 17:52:07,True,192,128,405,234,
2026-05-09 17:52:07,True,194,130,413,236,
2026-05-09 17:52:07,True,191,127,417,236,
2026-05-09 17:52:07,True,195,127,422,236,
2026-05-09 17:52:08,True,437,130,562,237,
2026-05-09 17:52:08,True,191,133,528,240,
2026-05-09 17:52:08,True,146,130,478,241,
2026-05-09 17:52:08,True,192,134,466,243,
2026-05-09 17:52:08,True,191,132,456,244,
2026-05-09 17:52:08,True,192,135,449,246,
2026-05-09 17:52:08,True,191,132,444,246,
2026-05-09 17:52:08,True,190,132,440,246,
2026-05-09 17:52:08,False,,,440,246,
2026-05-09 17:52:08,True,192,125,438,243,
2026-05-09 17:52:08,False,,,438,243,
2026-05-09 17:52:08,False,,,438,243,
2026-05-09 17:52:08,False,,,438,243,
2026-05-09 17:52:08,True,125,126,398,241,
2026-05-09 17:52:08,False,,,398,241,
2026-05-09 17:52:08,True,188,125,404,239,
2026-05-09 17:52:08,False,,,404,239,
2026-05-09 17:52:08,False,,,404,239,
2026-05-09 17:52:08,False,,,404,239,
2026-05-09 17:52:08,True,190,124,410,237,
2026-05-09 17:52:08,True,138,119,385,233,
2026-05-09 17:52:08,True,190,120,395,231,
2026-05-09 17:52:08,True,190,127,403,232,
2026-05-09 17:52:08,True,143,128,382,233,
2026-05-09 17:52:08,True,192,125,394,233,
2026-05-09 17:52:08,False,,,394,233,
2026-05-09 17:52:08,True,187,124,400,233,
2026-05-09 17:52:08,True,122,120,368,230,
2026-05-09 17:52:08,False,,,368,230,
2026-05-09 17:52:09,True,186,124,380,230,
2026-05-09 17:52:09,False,,,380,230,
2026-05-09 17:52:09,False,,,380,230,
2026-05-09 17:52:09,True,192,125,392,231,
2026-05-09 17:52:09,True,126,120,364,229,
2026-05-09 17:52:09,True,194,122,382,229,
2026-05-09 17:52:09,True,195,125,396,230,
2026-05-09 17:52:09,True,192,125,405,231,
2026-05-09 17:52:09,True,194,126,412,232,
2026-05-09 17:52:09,True,194,126,418,233,
2026-05-09 17:52:09,True,195,126,423,233,
2026-05-09 17:52:09,True,193,129,425,235,
2026-05-09 17:52:09,True,195,127,428,235,
2026-05-09 17:52:09,True,195,126,430,235,
2026-05-09 17:52:09,True,95,125,376,235,
2026-05-09 17:52:09,True,195,125,391,235,
2026-05-09 17:52:09,True,197,125,404,235,
2026-05-09 17:52:09,True,196,124,413,234,
2026-05-09 17:52:09,True,197,125,420,234,
2026-05-09 17:52:09,True,199,128,426,235,
2026-05-09 17:52:09,True,197,124,430,234,
2026-05-09 17:52:09,True,197,124,433,233,
2026-05-09 17:52:09,True,197,126,435,233,
2026-05-09 17:52:09,True,197,128,436,234,
2026-05-09 17:52:09,True,198,126,438,234,
2026-05-09 17:52:09,True,196,128,438,235,
2026-05-09 17:52:09,True,198,131,439,237,
2026-05-09 17:52:09,True,196,126,439,236,
2026-05-09 17:52:09,True,198,127,440,236,
2026-05-09 17:52:09,True,197,125,441,235,
2026-05-09 17:52:10,True,198,128,442,236,
2026-05-09 17:52:10,True,198,128,442,236,
2026-05-09 17:52:10,True,199,125,443,235,
2026-05-09 17:52:10,True,194,123,441,234,
2026-05-09 17:52:10,True,199,125,442,234,
2026-05-09 17:52:10,True,196,125,441,234,
2026-05-09 17:52:10,True,194,124,440,233,
2026-05-09 17:52:10,True,194,127,439,234,
2026-05-09 17:52:10,True,195,125,439,234,
2026-05-09 17:52:10,True,194,126,438,234,
2026-05-09 17:52:10,True,194,126,437,234,
2026-05-09 17:52:10,True,194,126,437,234,
2026-05-09 17:52:10,True,193,128,436,235,
2026-05-09 17:52:10,True,194,126,436,235,
2026-05-09 17:52:10,True,192,124,434,234,
2026-05-09 17:52:10,True,192,125,433,234,
2026-05-09 17:52:10,True,190,128,431,235,
2026-05-09 17:52:10,True,190,126,430,235,
2026-05-09 17:52:10,True,191,127,429,235,
2026-05-09 17:52:10,True,191,126,429,235,
2026-05-09 17:52:10,True,191,126,429,235,
2026-05-09 17:52:10,True,189,126,427,235,
2026-05-09 17:52:10,True,187,121,425,232,
2026-05-09 17:52:10,True,188,120,424,230,
2026-05-09 17:52:10,True,185,119,421,228,
2026-05-09 17:52:10,True,185,125,419,229,
2026-05-09 17:52:10,False,,,419,229,
2026-05-09 17:52:10,False,,,419,229,
2026-05-09 17:52:10,False,,,419,229,
2026-05-09 17:52:10,False,,,419,229,
2026-05-09 17:52:10,False,,,419,229,
2026-05-09 17:52:11,False,,,419,229,
2026-05-09 17:52:11,False,,,419,229,
2026-05-09 17:52:11,False,,,419,229,
2026-05-09 17:52:11,True,269,103,465,219,
2026-05-09 17:52:11,False,,,465,219,
2026-05-09 17:52:11,False,,,465,219,
2026-05-09 17:52:11,False,,,465,219,
2026-05-09 17:52:11,False,,,465,219,
2026-05-09 17:52:11,False,,,465,219,
2026-05-09 17:52:11,False,,,465,219,
2026-05-09 17:52:11,False,,,465,219,
2026-05-09 17:52:11,False,,,465,219,
2026-05-09 17:52:11,False,,,465,219,
2026-05-09 17:52:11,True,250,112,489,216,
2026-05-09 17:52:11,False,,,489,216,
2026-05-09 17:52:11,False,,,489,216,
2026-05-09 17:52:11,False,,,489,216,
2026-05-09 17:52:11,False,,,489,216,
2026-05-09 17:52:11,True,191,138,474,226,
2026-05-09 17:52:11,True,274,131,509,230,
2026-05-09 17:52:11,True,197,138,492,237,
2026-05-09 17:52:11,False,,,492,237,
2026-05-09 17:52:11,True,205,145,484,245,
2026-05-09 17:52:11,True,296,152,529,255,
2026-05-09 17:52:11,True,218,157,519,264,
2026-05-09 17:52:11,False,,,519,264,
2026-05-09 17:52:11,True,227,175,516,279,
2026-05-09 17:52:11,False,,,516,279,
2026-05-09 17:52:11,False,,,516,279,
2026-05-09 17:52:11,True,229,212,516,308,
2026-05-09 17:52:12,True,235,236,519,341,
2026-05-09 17:52:12,True,240,249,524,372,
2026-05-09 17:52:12,True,236,258,525,399,
2026-05-09 17:52:12,True,233,266,524,423,
2026-05-09 17:52:12,True,233,267,524,442,
2026-05-09 17:52:12,True,233,268,523,456,
2026-05-09 17:52:12,True,233,270,523,468,
2026-05-09 17:52:12,True,226,264,519,474,
2026-05-09 17:52:12,True,228,259,517,476,
2026-05-09 17:52:12,True,224,258,513,478,
2026-05-09 17:52:12,True,230,253,514,476,
2026-05-09 17:52:12,True,415,256,618,476,
2026-05-09 17:52:12,True,235,252,595,474,
2026-05-09 17:52:12,True,234,248,577,471,
2026-05-09 17:52:12,True,405,244,660,467,
2026-05-09 17:52:12,True,236,241,627,463,
2026-05-09 17:52:12,True,421,241,706,460,
2026-05-09 17:52:12,True,238,240,663,457,
2026-05-09 17:52:12,True,238,232,631,451,
2026-05-09 17:52:12,True,242,237,609,449,
2026-05-09 17:52:12,True,241,232,592,445,
2026-05-09 17:52:12,True,244,241,581,446,
2026-05-09 17:52:12,True,251,235,576,444,
2026-05-09 17:52:12,True,200,243,544,446,
2026-05-09 17:52:12,True,245,236,545,445,
2026-05-09 17:52:12,True,250,241,549,446,
2026-05-09 17:52:12,True,246,235,550,444,
2026-05-09 17:52:12,True,248,244,552,447,
2026-05-09 17:52:12,True,244,230,551,443,
2026-05-09 17:52:13,True,244,230,550,439,
2026-05-09 17:52:13,True,247,228,551,436,
2026-05-09 17:52:13,True,249,238,553,438,
2026-05-09 17:52:13,True,251,239,556,440,
2026-05-09 17:52:13,True,248,238,556,441,
2026-05-09 17:52:13,True,248,238,556,442,
2026-05-09 17:52:13,True,250,239,557,443,
2026-05-09 17:52:13,True,251,232,559,441,
2026-05-09 17:52:13,True,251,232,560,439,
2026-05-09 17:52:13,True,250,233,560,438,
2026-05-09 17:52:13,True,244,230,557,436,
2026-05-09 17:52:13,True,244,233,555,436,
2026-05-09 17:52:13,True,246,234,554,436,
2026-05-09 17:52:13,True,254,232,558,435,
2026-05-09 17:52:13,True,252,238,560,437,
2026-05-09 17:52:13,True,251,240,561,440,
2026-05-09 17:52:13,True,251,239,562,442,
2026-05-09 17:52:13,True,251,239,562,443,
2026-05-09 17:52:13,True,251,240,562,444,
2026-05-09 17:52:13,True,252,236,563,443,
2026-05-09 17:52:13,True,251,237,563,443,
2026-05-09 17:52:13,True,248,239,561,444,
2026-05-09 17:52:13,True,245,234,558,442,
2026-05-09 17:52:13,True,243,238,555,442,
2026-05-09 17:52:13,True,243,238,553,443,
2026-05-09 17:52:13,True,246,239,553,444,
2026-05-09 17:52:13,True,246,238,553,444,
2026-05-09 17:52:13,True,246,238,553,444,
2026-05-09 17:52:13,True,246,236,553,443,
2026-05-09 17:52:13,True,244,238,552,443,
2026-05-09 17:52:14,True,244,236,551,442,
2026-05-09 17:52:14,True,192,238,521,442,
2026-05-09 17:52:14,True,246,239,529,443,
2026-05-09 17:52:14,True,246,240,535,444,
2026-05-09 17:52:14,True,248,240,540,445,
2026-05-09 17:52:14,True,245,232,542,442,
2026-05-09 17:52:14,True,245,232,544,440,
2026-05-09 17:52:14,True,244,231,545,438,
2026-05-09 17:52:14,True,13,223,416,433,
2026-05-09 17:52:14,True,9,222,317,428,
2026-05-09 17:52:14,True,19,227,248,427,
2026-05-09 17:52:14,True,247,227,325,426,
2026-05-09 17:52:14,True,250,224,384,424,
2026-05-09 17:52:14,True,249,223,428,422,
2026-05-09 17:52:14,True,252,218,462,418,
2026-05-09 17:52:14,True,250,222,487,417,
2026-05-09 17:52:14,True,250,220,505,415,
2026-05-09 17:52:14,True,251,218,520,413,
2026-05-09 17:52:14,True,251,221,531,413,
2026-05-09 17:52:14,True,250,220,539,412,
2026-05-09 17:52:14,True,249,218,544,411,
2026-05-09 17:52:14,True,250,221,548,411,
2026-05-09 17:52:14,True,250,221,551,411,
2026-05-09 17:52:14,True,250,220,553,411,
2026-05-09 17:52:14,True,248,225,554,413,
2026-05-09 17:52:14,True,248,220,554,412,
2026-05-09 17:52:14,True,251,221,556,412,
2026-05-09 17:52:14,True,250,221,557,412,
2026-05-09 17:52:14,True,251,224,559,414,
2026-05-09 17:52:14,True,252,221,560,413,
2026-05-09 17:52:14,True,249,225,559,415,
2026-05-09 17:52:15,True,249,221,559,414,
2026-05-09 17:52:15,True,249,221,559,414,
2026-05-09 17:52:15,True,247,221,558,413,
2026-05-09 17:52:15,True,247,222,557,413,
2026-05-09 17:52:15,True,249,223,557,414,
2026-05-09 17:52:15,True,245,222,555,414,
2026-05-09 17:52:15,True,246,227,554,417,
2026-05-09 17:52:15,True,246,227,553,419,
2026-05-09 17:52:15,True,246,228,553,421,
2026-05-09 17:52:15,True,245,226,552,421,
2026-05-09 17:52:15,True,245,229,551,422,
2026-05-09 17:52:15,True,243,230,550,424,
2026-05-09 17:52:15,True,242,223,548,422,
2026-05-09 17:52:15,True,244,228,548,423,
2026-05-09 17:52:15,True,244,226,548,423,
2026-05-09 17:52:15,True,243,230,547,424,
2026-05-09 17:52:15,True,246,233,548,427,
2026-05-09 17:52:15,True,245,231,548,428,
2026-05-09 17:52:15,True,246,226,549,427,
2026-05-09 17:52:15,True,248,231,551,428,
2026-05-09 17:52:15,True,246,230,551,428,
2026-05-09 17:52:15,True,249,228,553,427,
2026-05-09 17:52:15,True,250,226,555,426,
2026-05-09 17:52:15,True,249,226,556,425,
2026-05-09 17:52:15,True,250,227,557,425,
2026-05-09 17:52:15,True,250,225,558,424,
2026-05-09 17:52:15,True,250,227,559,424,
2026-05-09 17:52:15,True,250,225,560,423,
2026-05-09 17:52:15,True,248,226,559,423,
2026-05-09 17:52:16,True,249,224,559,422,
2026-05-09 17:52:16,True,250,226,560,422,
2026-05-09 17:52:16,True,250,224,560,421,
2026-05-09 17:52:16,True,250,226,560,421,
2026-05-09 17:52:16,True,251,224,561,420,
2026-05-09 17:52:16,True,249,225,560,420,
2026-05-09 17:52:16,True,252,221,561,418,
2026-05-09 17:52:16,True,250,218,561,415,
2026-05-09 17:52:16,True,248,219,560,413,
2026-05-09 17:52:16,True,251,217,561,411,
2026-05-09 17:52:16,True,250,220,561,411,
2026-05-09 17:52:16,True,253,215,562,408,
2026-05-09 17:52:16,True,475,214,688,406,
2026-05-09 17:52:16,True,250,220,656,407,
2026-05-09 17:52:16,True,251,218,633,407,
2026-05-09 17:52:16,True,251,218,615,407,
2026-05-09 17:52:16,True,249,209,601,403,
2026-05-09 17:52:16,True,248,210,590,400,
2026-05-09 17:52:16,True,248,211,582,399,
2026-05-09 17:52:16,True,247,215,575,399,
2026-05-09 17:52:16,True,246,213,569,399,
2026-05-09 17:52:16,True,244,219,563,401,
2026-05-09 17:52:16,True,447,212,673,400,
2026-05-09 17:52:16,True,241,211,640,398,
2026-05-09 17:52:16,True,241,211,615,397,
2026-05-09 17:52:16,True,238,212,595,397,
2026-05-09 17:52:16,True,238,212,580,397,
2026-05-09 17:52:16,True,238,213,568,397,
2026-05-09 17:52:16,True,234,213,557,397,
2026-05-09 17:52:16,True,231,217,547,399,
2026-05-09 17:52:17,True,231,211,540,398,
2026-05-09 17:52:17,True,230,210,534,396,
2026-05-09 17:52:17,True,229,209,529,394,
2026-05-09 17:52:17,True,227,210,524,393,
2026-05-09 17:52:17,True,227,210,520,393,
2026-05-09 17:52:17,True,227,209,517,392,
2026-05-09 17:52:17,True,227,208,515,391,
2026-05-09 17:52:17,True,428,207,626,390,
2026-05-09 17:52:17,True,223,207,595,389,
2026-05-09 17:52:17,True,222,210,571,390,
2026-05-09 17:52:17,True,222,209,553,390,
2026-05-09 17:52:17,True,224,211,540,391,
2026-05-09 17:52:17,True,223,210,530,391,
2026-05-09 17:52:17,True,223,210,523,391,
2026-05-09 17:52:17,True,220,208,516,390,
2026-05-09 17:52:17,True,219,206,510,389,
2026-05-09 17:52:17,True,220,213,506,391,
2026-05-09 17:52:17,True,220,205,503,389,
2026-05-09 17:52:17,True,221,211,501,390,
2026-05-09 17:52:17,True,217,207,497,389,
2026-05-09 17:52:17,True,217,209,495,389,
2026-05-09 17:52:17,True,422,205,608,387,
2026-05-09 17:52:17,True,213,202,575,384,
2026-05-09 17:52:17,True,213,202,550,382,
2026-05-09 17:52:17,True,213,201,532,380,
2026-05-09 17:52:17,True,210,198,517,377,
2026-05-09 17:52:17,True,211,204,506,378,
2026-05-09 17:52:17,True,211,201,498,377,
2026-05-09 17:52:17,True,415,200,607,376,
2026-05-09 17:52:17,True,401,205,681,378,
2026-05-09 17:52:18,True,207,199,627,376,
2026-05-09 17:52:18,True,205,196,585,373,
2026-05-09 17:52:18,True,206,199,554,372,
2026-05-09 17:52:18,True,205,196,530,370,
2026-05-09 17:52:18,True,203,192,511,367,
2026-05-09 17:52:18,True,205,195,498,366,
2026-05-09 17:52:18,True,201,195,486,366,
2026-05-09 17:52:18,True,200,191,476,363,
2026-05-09 17:52:18,True,202,196,470,364,
2026-05-09 17:52:18,True,201,193,465,363,
2026-05-09 17:52:18,True,201,191,462,361,
2026-05-09 17:52:18,True,203,193,460,361,
2026-05-09 17:52:18,True,204,192,459,360,
2026-05-09 17:52:18,True,202,192,458,360,
2026-05-09 17:52:18,True,205,194,459,361,
2026-05-09 17:52:18,True,205,192,459,360,
2026-05-09 17:52:18,True,205,192,459,360,
2026-05-09 17:52:18,True,202,188,458,358,
2026-05-09 17:52:18,True,204,192,458,358,
2026-05-09 17:52:18,True,202,187,457,356,
2026-05-09 17:52:18,True,202,190,456,356,
2026-05-09 17:52:18,True,205,193,457,357,
2026-05-09 17:52:18,True,207,192,459,357,
2026-05-09 17:52:18,True,205,189,459,356,
2026-05-09 17:52:18,True,412,193,576,357,
2026-05-09 17:52:18,True,210,186,550,355,
2026-05-09 17:52:18,True,210,183,530,352,
2026-05-09 17:52:18,True,212,188,516,352,
2026-05-09 17:52:18,True,218,184,509,350,
2026-05-09 17:52:18,True,214,186,502,349,
2026-05-09 17:52:19,True,214,184,497,348,
2026-05-09 17:52:19,True,215,193,493,351,
2026-05-09 17:52:19,True,217,187,491,350,
2026-05-09 17:52:19,True,213,191,487,351,
2026-05-09 17:52:19,True,214,190,485,352,
2026-05-09 17:52:19,True,217,187,485,351,
2026-05-09 17:52:19,True,216,187,485,351,
2026-05-09 17:52:19,True,216,185,485,349,
2026-05-09 17:52:19,True,215,187,484,349,
2026-05-09 17:52:19,True,219,182,486,346,
2026-05-09 17:52:19,True,221,186,489,346,
2026-05-09 17:52:19,True,220,185,490,346,
2026-05-09 17:52:19,True,220,185,491,346,
2026-05-09 17:52:19,True,224,182,494,344,
2026-05-09 17:52:19,True,219,183,493,343,
2026-05-09 17:52:19,True,221,183,493,342,
2026-05-09 17:52:19,True,223,184,495,342,
2026-05-09 17:52:19,True,222,183,496,342,
2026-05-09 17:52:19,True,220,183,495,342,
2026-05-09 17:52:19,True,222,185,496,343,
2026-05-09 17:52:19,True,0,186,372,344,
2026-05-09 17:52:19,True,217,186,401,345,
2026-05-09 17:52:19,True,220,184,424,344,
2026-05-09 17:52:19,True,219,180,441,342,
2026-05-09 17:52:19,True,221,184,455,342,
2026-05-09 17:52:19,True,221,182,465,341,
2026-05-09 17:52:19,True,221,182,473,341,
2026-05-09 17:52:19,True,222,182,479,341,
2026-05-09 17:52:19,True,224,182,485,340,
2026-05-09 17:52:19,True,221,181,487,339,
2026-05-09 17:52:20,True,221,184,489,340,
2026-05-09 17:52:20,True,221,184,491,341,
2026-05-09 17:52:20,True,172,181,464,340,
2026-05-09 17:52:20,True,225,190,474,343,
2026-05-09 17:52:20,True,169,185,450,343,
2026-05-09 17:52:20,True,224,188,463,345,
2026-05-09 17:52:20,True,227,187,474,346,
2026-05-09 17:52:20,True,224,188,481,347,
2026-05-09 17:52:20,True,227,189,488,348,
2026-05-09 17:52:20,True,227,180,493,345,
2026-05-09 17:52:20,True,228,188,497,346,
2026-05-09 17:52:20,True,228,188,500,347,
2026-05-09 17:52:20,True,222,189,500,348,
2026-05-09 17:52:20,True,224,179,500,344,
2026-05-09 17:52:20,True,224,178,500,341,
2026-05-09 17:52:20,True,224,179,501,339,
2026-05-09 17:52:20,True,225,175,502,336,
2026-05-09 17:52:20,True,222,175,501,333,
2026-05-09 17:52:20,True,222,170,500,329,
2026-05-09 17:52:20,True,217,177,497,329,
2026-05-09 17:52:20,True,217,177,495,329,
2026-05-09 17:52:20,True,218,171,494,327,
2026-05-09 17:52:20,True,217,176,492,327,
2026-05-09 17:52:20,True,219,177,492,328,
2026-05-09 17:52:20,True,209,178,486,329,
2026-05-09 17:52:20,True,216,176,485,329,
2026-05-09 17:52:20,True,213,182,483,331,
2026-05-09 17:52:20,True,215,178,483,331,
2026-05-09 17:52:20,True,212,199,481,341,
2026-05-09 17:52:20,True,164,177,453,338,
2026-05-09 17:52:21,True,164,177,432,336,
2026-05-09 17:52:21,True,210,171,442,332,
2026-05-09 17:52:21,True,214,173,451,330,
2026-05-09 17:52:21,True,213,177,457,330,
2026-05-09 17:52:21,True,213,181,462,332,
2026-05-09 17:52:21,True,211,171,465,329,
2026-05-09 17:52:21,True,215,196,469,338,
2026-05-09 17:52:21,True,211,175,470,335,
2026-05-09 17:52:21,True,215,195,473,342,
2026-05-09 17:52:21,True,212,194,473,347,
2026-05-09 17:52:21,True,208,194,471,351,
2026-05-09 17:52:21,True,210,198,471,356,
2026-05-09 17:52:21,True,211,201,472,361,
2026-05-09 17:52:21,True,211,169,472,349,
2026-05-09 17:52:21,True,213,200,473,355,
2026-05-09 17:52:21,True,211,193,473,356,
2026-05-09 17:52:21,True,207,172,471,347,
2026-05-09 17:52:21,True,211,165,471,337,
2026-05-09 17:52:21,True,213,167,473,331,
2026-05-09 17:52:21,True,210,196,472,340,
2026-05-09 17:52:21,True,208,195,471,346,
2026-05-09 17:52:21,True,211,196,472,351,
2026-05-09 17:52:21,True,208,200,471,357,
2026-05-09 17:52:21,True,210,165,471,345,
2026-05-09 17:52:21,True,423,173,591,339,
2026-05-09 17:52:21,True,426,175,682,336,
2026-05-09 17:52:21,True,425,175,750,334,
2026-05-09 17:52:21,True,445,178,812,333,
2026-05-09 17:52:21,True,213,182,728,334,
2026-05-09 17:52:21,True,211,182,664,335,
2026-05-09 17:52:21,True,206,182,614,336,
2026-05-09 17:52:22,True,203,186,574,339,
2026-05-09 17:52:22,True,211,188,549,342,
2026-05-09 17:52:22,True,206,187,527,344,
2026-05-09 17:52:22,True,210,189,513,346,
2026-05-09 17:52:22,True,211,190,503,348,
2026-05-09 17:52:22,True,210,191,495,350,
2026-05-09 17:52:22,True,206,186,487,349,
2026-05-09 17:52:22,True,207,186,481,348,
2026-05-09 17:52:22,True,208,189,477,349,
2026-05-09 17:52:22,True,209,191,475,351,
2026-05-09 17:52:22,True,210,190,474,352,
2026-05-09 17:52:22,True,208,187,472,351,
2026-05-09 17:52:22,True,208,189,471,351,
2026-05-09 17:52:22,True,211,189,471,351,
2026-05-09 17:52:22,True,208,185,470,350,
2026-05-09 17:52:22,True,212,190,471,351,
2026-05-09 17:52:22,True,210,184,471,349,
2026-05-09 17:52:22,True,210,184,471,347,
2026-05-09 17:52:22,True,209,184,471,346,
2026-05-09 17:52:22,True,207,190,469,348,
2026-05-09 17:52:22,True,211,190,470,349,
2026-05-09 17:52:22,True,208,188,469,350,
2026-05-09 17:52:22,True,208,190,468,351,
2026-05-09 17:52:22,True,209,186,468,350,
2026-05-09 17:52:22,True,209,185,468,349,
2026-05-09 17:52:22,True,210,183,469,347,
2026-05-09 17:52:22,True,206,179,467,344,
2026-05-09 17:52:22,True,209,184,467,344,
2026-05-09 17:52:22,True,208,187,467,345,
2026-05-09 17:52:23,True,206,185,466,345,
2026-05-09 17:52:23,True,207,183,466,344,
2026-05-09 17:52:23,True,202,181,463,342,
2026-05-09 17:52:23,True,208,184,464,342,
2026-05-09 17:52:23,True,209,192,465,346,
2026-05-09 17:52:23,True,211,181,467,344,
2026-05-09 17:52:23,True,207,180,466,342,
2026-05-09 17:52:23,True,210,188,467,344,
2026-05-09 17:52:23,True,210,188,468,346,
2026-05-09 17:52:23,True,211,185,469,346,
2026-05-09 17:52:23,True,209,188,469,347,
2026-05-09 17:52:23,True,208,182,468,345,
2026-05-09 17:52:23,True,211,185,469,345,
2026-05-09 17:52:23,True,209,182,469,343,
2026-05-09 17:52:23,True,212,184,470,343,
2026-05-09 17:52:23,True,210,187,470,345,
2026-05-09 17:52:23,True,207,186,469,346,
2026-05-09 17:52:23,True,208,189,468,347,
2026-05-09 17:52:23,True,208,189,467,348,
2026-05-09 17:52:23,True,207,186,466,348,
2026-05-09 17:52:23,True,207,188,465,349,
2026-05-09 17:52:23,True,208,181,465,346,
2026-05-09 17:52:23,True,209,183,466,345,
2026-05-09 17:52:23,True,209,190,466,347,
2026-05-09 17:52:23,True,206,187,465,347,
2026-05-09 17:52:23,True,209,180,466,344,
2026-05-09 17:52:23,True,207,182,465,343,
2026-05-09 17:52:23,True,207,182,465,342,
2026-05-09 17:52:23,True,207,186,465,343,
2026-05-09 17:52:23,True,204,187,463,344,
2026-05-09 17:52:24,True,207,181,463,342,
2026-05-09 17:52:24,True,206,179,463,340,
2026-05-09 17:52:24,True,207,185,463,341,
2026-05-09 17:52:24,True,207,180,463,340,
2026-05-09 17:52:24,True,204,184,461,341,
2026-05-09 17:52:24,True,204,178,460,339,
2026-05-09 17:52:24,True,203,177,459,337,
2026-05-09 17:52:24,True,203,177,458,335,
2026-05-09 17:52:24,True,423,179,581,335,
2026-05-09 17:52:24,True,204,177,550,334,
2026-05-09 17:52:24,True,203,178,526,334,
2026-05-09 17:52:24,True,203,180,508,335,
2026-05-09 17:52:24,True,205,176,496,333,
2026-05-09 17:52:24,True,423,179,610,333,
2026-05-09 17:52:24,True,205,180,572,334,
2026-05-09 17:52:24,True,204,181,543,335,
2026-05-09 17:52:24,True,205,178,522,334,
2026-05-09 17:52:24,True,203,178,505,333,
2026-05-09 17:52:24,True,204,176,493,332,
2026-05-09 17:52:24,True,204,179,484,332,
2026-05-09 17:52:24,True,203,181,477,333,
2026-05-09 17:52:24,True,204,179,472,333,
2026-05-09 17:52:24,True,204,181,468,334,
2026-05-09 17:52:24,True,205,181,466,335,
2026-05-09 17:52:24,True,206,176,465,333,
2026-05-09 17:52:24,True,206,174,464,331,
2026-05-09 17:52:24,True,203,177,462,331,
2026-05-09 17:52:24,True,204,180,461,332,
2026-05-09 17:52:24,True,207,176,462,331,
2026-05-09 17:52:24,True,412,174,578,329,
2026-05-09 17:52:24,True,207,177,549,329,
2026-05-09 17:52:25,True,425,179,651,330,
2026-05-09 17:52:25,True,206,173,604,328,
2026-05-09 17:52:25,True,429,175,694,327,
2026-05-09 17:52:25,True,206,173,636,326,
2026-05-09 17:52:25,True,207,170,593,324,
2026-05-09 17:52:25,True,208,170,561,322,
2026-05-09 17:52:25,True,208,172,537,322,
2026-05-09 17:52:25,True,416,171,637,321,
2026-05-09 17:52:25,True,205,172,592,321,
2026-05-09 17:52:25,True,210,172,562,321,
2026-05-09 17:52:25,True,418,169,656,319,
2026-05-09 17:52:25,True,210,170,610,319,
2026-05-09 17:52:25,True,210,170,575,318,
2026-05-09 17:52:25,True,208,170,548,318,
2026-05-09 17:52:25,True,212,176,530,320,
2026-05-09 17:52:25,True,0,177,397,322,
2026-05-09 17:52:25,True,209,172,415,322,
2026-05-09 17:52:25,True,205,178,426,324,
2026-05-09 17:52:25,True,206,176,435,325,
2026-05-09 17:52:25,True,394,180,547,328,
2026-05-09 17:52:25,True,203,179,524,330,
2026-05-09 17:52:25,True,204,183,507,333,
2026-05-09 17:52:25,True,208,175,497,331,
2026-05-09 17:52:25,True,211,179,491,332,
2026-05-09 17:52:25,True,211,181,487,333,
2026-05-09 17:52:25,False,,,487,333,
2026-05-09 17:52:25,True,217,156,487,323,
2026-05-09 17:52:25,True,219,154,488,314,
2026-05-09 17:52:25,True,224,148,492,305,
2026-05-09 17:52:25,True,225,156,495,302,
2026-05-09 17:52:26,True,231,184,501,312,
2026-05-09 17:52:26,True,232,181,506,319,
2026-05-09 17:52:26,True,186,178,484,322,
2026-05-09 17:52:26,True,188,158,468,315,
2026-05-09 17:52:26,True,175,153,449,308,
2026-05-09 17:52:26,True,193,156,445,304,
2026-05-09 17:52:26,True,190,161,441,303,
2026-05-09 17:52:26,True,196,162,441,303,
2026-05-09 17:52:26,True,197,162,441,303,
2026-05-09 17:52:26,True,198,160,442,302,
2026-05-09 17:52:26,True,246,162,469,302,
2026-05-09 17:52:26,True,247,162,490,302,
2026-05-09 17:52:26,True,196,164,477,303,
2026-05-09 17:52:26,True,188,161,463,302,
2026-05-09 17:52:26,True,188,161,452,301,
2026-05-09 17:52:26,True,185,162,443,301,
2026-05-09 17:52:26,True,242,160,468,300,
2026-05-09 17:52:26,True,185,163,455,301,
2026-05-09 17:52:26,True,238,160,475,300,
2026-05-09 17:52:26,True,238,161,490,300,
2026-05-09 17:52:26,True,239,164,502,302,
2026-05-09 17:52:26,True,237,158,509,300,
2026-05-09 17:52:26,True,192,161,489,300,
2026-05-09 17:52:26,True,239,162,501,300,
2026-05-09 17:52:26,True,239,162,510,300,
2026-05-09 17:52:26,True,238,164,516,302,
2026-05-09 17:52:26,True,238,163,520,302,
2026-05-09 17:52:26,True,171,156,486,299,
2026-05-09 17:52:26,True,177,161,463,299,
2026-05-09 17:52:27,True,161,155,438,296,
2026-05-09 17:52:27,True,186,181,433,306,
2026-05-09 17:52:27,True,236,157,457,303,
2026-05-09 17:52:27,True,233,161,473,302,
2026-05-09 17:52:27,True,233,161,485,301,
2026-05-09 17:52:27,True,185,159,468,300,
2026-05-09 17:52:27,True,229,160,480,300,
2026-05-09 17:52:27,True,179,182,461,310,
2026-05-09 17:52:27,True,227,188,473,320,
2026-05-09 17:52:27,True,230,186,484,327,
2026-05-09 17:52:27,True,218,153,485,316,
2026-05-09 17:52:27,True,219,154,487,309,
2026-05-09 17:52:27,True,206,162,481,307,
2026-05-09 17:52:27,True,208,153,477,302,
2026-05-09 17:52:27,True,208,153,474,298,
2026-05-09 17:52:27,True,206,154,471,295,
2026-05-09 17:52:27,True,208,156,470,294,
2026-05-09 17:52:27,True,207,156,468,293,
2026-05-09 17:52:27,True,207,184,467,306,
2026-05-09 17:52:27,True,205,155,465,302,
2026-05-09 17:52:27,True,206,196,464,318,
2026-05-09 17:52:27,True,158,178,436,322,
2026-05-09 17:52:27,True,206,148,443,311,
2026-05-09 17:52:27,True,206,148,448,302,
2026-05-09 17:52:27,True,206,148,452,296,
2026-05-09 17:52:27,True,209,151,456,292,
2026-05-09 17:52:27,True,203,153,456,290,
2026-05-09 17:52:27,True,202,150,455,287,
2026-05-09 17:52:27,True,201,150,454,285,
2026-05-09 17:52:27,True,199,182,452,299,
2026-05-09 17:52:27,True,201,156,451,297,
2026-05-09 17:52:28,True,205,181,453,307,
2026-05-09 17:52:28,True,199,156,451,303,
2026-05-09 17:52:28,False,,,451,303,
2026-05-09 17:52:28,False,,,451,303,
2026-05-09 17:52:28,False,,,451,303,
2026-05-09 17:52:28,True,206,157,454,300,
2026-05-09 17:52:28,False,,,454,300,
2026-05-09 17:52:28,False,,,454,300,
2026-05-09 17:52:28,True,204,150,455,295,
2026-05-09 17:52:28,True,198,152,452,292,
2026-05-09 17:52:28,True,199,176,451,301,
2026-05-09 17:52:28,True,199,175,450,308,
2026-05-09 17:52:28,True,200,149,450,301,
2026-05-09 17:52:28,True,283,145,496,293,
2026-05-09 17:52:28,True,201,154,484,291,
2026-05-09 17:52:28,False,,,484,291,
2026-05-09 17:52:28,True,201,155,476,291,
2026-05-09 17:52:28,True,424,152,595,289,
2026-05-09 17:52:28,True,201,154,559,288,
2026-05-09 17:52:28,True,152,155,504,288,
2026-05-09 17:52:28,True,157,149,466,285,
2026-05-09 17:52:28,True,133,147,424,282,
2026-05-09 17:52:28,True,208,145,434,279,
2026-05-09 17:52:28,True,207,141,442,275,
2026-05-09 17:52:28,True,210,143,449,273,
2026-05-09 17:52:28,True,208,143,453,271,
2026-05-09 17:52:28,True,212,141,458,269,
2026-05-09 17:52:28,True,210,143,461,268,
2026-05-09 17:52:28,True,213,142,465,267,
2026-05-09 17:52:29,True,209,141,466,266,
2026-05-09 17:52:29,True,211,176,468,282,
2026-05-09 17:52:29,False,,,468,282,
2026-05-09 17:52:29,True,213,177,470,294,
2026-05-09 17:52:29,True,219,182,475,305,
2026-05-09 17:52:29,True,219,144,479,296,
2026-05-09 17:52:29,True,215,148,480,291,
2026-05-09 17:52:29,True,217,184,482,304,
2026-05-09 17:52:29,True,219,148,484,297,
2026-05-09 17:52:29,True,218,143,485,289,
2026-05-09 17:52:29,True,220,143,487,283,
2026-05-09 17:52:29,True,226,146,492,280,
2026-05-09 17:52:29,True,224,147,495,279,
2026-05-09 17:52:29,True,225,141,497,275,
2026-05-09 17:52:29,True,228,144,500,273,
2026-05-09 17:52:29,True,220,145,498,272,
2026-05-09 17:52:29,True,226,147,500,273,
2026-05-09 17:52:29,True,135,156,450,277,
2026-05-09 17:52:29,True,228,147,465,276,
2026-05-09 17:52:29,True,224,142,474,273,
2026-05-09 17:52:29,True,221,146,480,273,
2026-05-09 17:52:29,True,225,147,486,273,
2026-05-09 17:52:29,True,221,144,489,272,
2026-05-09 17:52:29,True,322,142,548,270,
2026-05-09 17:52:29,True,324,143,593,269,
2026-05-09 17:52:29,True,326,142,627,268,
2026-05-09 17:52:29,True,322,142,651,267,
2026-05-09 17:52:29,True,226,147,615,269,
2026-05-09 17:52:29,False,,,615,269,
2026-05-09 17:52:29,True,131,152,535,273,
2026-05-09 17:52:30,True,324,137,583,268,
2026-05-09 17:52:30,True,137,152,514,272,
2026-05-09 17:52:30,True,137,152,462,275,
2026-05-09 17:52:30,True,145,153,428,277,
2026-05-09 17:52:30,False,,,428,277,
2026-05-09 17:52:30,True,224,140,447,273,
2026-05-09 17:52:30,True,138,146,413,273,
2026-05-09 17:52:30,True,170,149,405,274,
2026-05-09 17:52:30,True,228,144,432,273,
2026-05-09 17:52:30,True,227,142,451,271,
2026-05-09 17:52:30,True,226,140,465,269,
2026-05-09 17:52:30,True,226,140,476,267,
2026-05-09 17:52:30,True,228,134,485,263,
2026-05-09 17:52:30,True,226,135,490,260,
2026-05-09 17:52:30,True,224,131,493,256,
2026-05-09 17:52:30,True,128,128,441,252,
2026-05-09 17:52:30,True,222,127,455,248,
2026-05-09 17:52:30,True,221,127,465,245,
2026-05-09 17:52:30,True,217,128,471,243,
2026-05-09 17:52:30,True,214,126,473,241,
2026-05-09 17:52:30,True,212,127,473,240,
2026-05-09 17:52:30,True,212,127,473,239,
2026-05-09 17:52:30,True,209,127,472,238,
2026-05-09 17:52:30,True,206,126,470,237,
2026-05-09 17:52:30,True,206,126,468,236,
2026-05-09 17:52:30,True,205,124,466,235,
2026-05-09 17:52:30,True,204,124,464,234,
2026-05-09 17:52:30,True,86,127,396,235,
2026-05-09 17:52:30,True,200,128,409,236,
2026-05-09 17:52:30,True,199,128,418,236,
2026-05-09 17:52:31,True,199,128,425,236,
2026-05-09 17:52:31,True,200,128,431,236,
2026-05-09 17:52:31,True,201,129,436,237,
2026-05-09 17:52:31,True,204,127,441,237,
2026-05-09 17:52:31,True,206,131,446,239,
2026-05-09 17:52:31,True,209,131,452,240,
2026-05-09 17:52:31,True,213,130,458,240,
2026-05-09 17:52:31,True,216,131,464,241,
2026-05-09 17:52:31,True,221,133,472,243,
2026-05-09 17:52:31,True,224,133,479,244,
2026-05-09 17:52:31,True,230,136,488,246,
2026-05-09 17:52:31,True,232,138,496,249,
2026-05-09 17:52:31,True,234,137,503,250,
2026-05-09 17:52:31,True,238,138,511,252,
2026-05-09 17:52:31,True,242,141,519,255,
2026-05-09 17:52:31,True,243,141,525,257,
2026-05-09 17:52:31,True,245,138,531,257,
2026-05-09 17:52:31,True,245,142,536,259,
2026-05-09 17:52:31,True,247,142,541,260,
2026-05-09 17:52:31,True,247,144,544,262,
2026-05-09 17:52:31,True,248,143,547,263,
2026-05-09 17:52:31,True,248,146,549,265,
2026-05-09 17:52:31,True,249,146,551,267,
2026-05-09 17:52:31,True,247,144,552,267,
2026-05-09 17:52:31,True,247,145,552,268,
2026-05-09 17:52:31,True,246,145,552,268,
2026-05-09 17:52:31,True,245,144,551,268,
2026-05-09 17:52:31,True,243,144,549,268,
2026-05-09 17:52:31,True,240,145,546,269,
2026-05-09 17:52:31,True,452,140,663,267,
2026-05-09 17:52:31,True,243,139,633,265,
2026-05-09 17:52:32,True,241,137,610,263,
2026-05-09 17:52:32,True,242,138,593,261,
2026-05-09 17:52:32,True,242,137,580,259,
2026-05-09 17:52:32,True,239,136,569,258,
2026-05-09 17:52:32,True,237,138,560,258,
2026-05-09 17:52:32,True,237,136,553,257,
2026-05-09 17:52:32,True,235,134,547,255,
2026-05-09 17:52:32,True,234,135,542,254,
2026-05-09 17:52:32,True,233,135,537,253,
2026-05-09 17:52:32,True,232,135,533,252,
2026-05-09 17:52:32,True,229,134,528,251,
2026-05-09 17:52:32,True,226,133,523,250,
2026-05-09 17:52:32,True,226,133,519,249,
2026-05-09 17:52:32,True,223,132,514,248,
2026-05-09 17:52:32,True,221,133,509,248,
2026-05-09 17:52:32,True,221,131,505,247,
2026-05-09 17:52:32,True,223,131,504,246,
2026-05-09 17:52:32,True,219,132,501,246,
2026-05-09 17:52:32,True,221,131,500,246,
2026-05-09 17:52:32,True,221,131,499,245,
2026-05-09 17:52:32,True,220,131,497,245,
2026-05-09 17:52:32,True,221,129,497,244,
2026-05-09 17:52:32,True,223,127,498,242,
2026-05-09 17:52:32,True,224,129,499,241,
2026-05-09 17:52:32,True,224,128,500,240,
2026-05-09 17:52:32,True,224,127,501,239,
2026-05-09 17:52:32,True,220,127,499,238,
2026-05-09 17:52:32,True,221,127,498,238,
2026-05-09 17:52:32,True,222,128,498,238,
2026-05-09 17:52:33,True,221,126,497,237,
2026-05-09 17:52:33,True,222,126,497,236,
2026-05-09 17:52:33,True,219,125,496,235,
2026-05-09 17:52:33,True,221,125,496,235,
2026-05-09 17:52:33,True,219,123,495,234,
2026-05-09 17:52:33,True,219,122,494,233,
2026-05-09 17:52:33,True,216,123,492,232,
2026-05-09 17:52:33,True,216,124,490,232,
2026-05-09 17:52:33,True,216,124,488,232,
2026-05-09 17:52:33,True,216,124,487,232,
2026-05-09 17:52:33,True,213,122,485,231,
2026-05-09 17:52:33,True,211,122,482,230,
2026-05-09 17:52:33,True,210,122,479,230,
2026-05-09 17:52:33,True,146,124,441,230,
2026-05-09 17:52:33,True,199,122,442,229,
2026-05-09 17:52:33,True,196,124,441,230,
2026-05-09 17:52:33,True,194,123,440,230,
2026-05-09 17:52:33,True,112,121,393,229,
2026-05-09 17:52:33,True,112,121,357,228,
2026-05-09 17:52:33,True,188,121,373,227,
2026-05-09 17:52:33,True,135,126,355,229,
2026-05-09 17:52:33,True,140,122,345,229,
2026-05-09 17:52:33,True,185,122,362,229,
2026-05-09 17:52:33,True,185,127,375,231,
2026-05-09 17:52:33,True,138,125,359,231,
2026-05-09 17:52:33,True,186,122,373,230,
2026-05-09 17:52:33,True,108,125,340,231,
2026-05-09 17:52:33,True,183,124,357,231,
2026-05-09 17:52:33,True,183,124,370,231,
2026-05-09 17:52:33,True,128,123,349,231,
2026-05-09 17:52:33,True,132,118,336,228,
2026-05-09 17:52:34,True,111,118,314,226,
2026-05-09 17:52:34,True,185,120,339,225,
2026-05-09 17:52:34,True,127,117,325,223,
2026-05-09 17:52:34,True,137,118,321,222,
2026-05-09 17:52:34,True,183,118,343,221,
2026-05-09 17:52:34,True,186,113,362,218,
2026-05-09 17:52:34,False,,,362,218,
2026-05-09 17:52:34,False,,,362,218,
2026-05-09 17:52:34,True,189,114,378,217,
2026-05-09 17:52:34,True,191,114,390,216,
2026-05-09 17:52:34,True,191,114,399,215,
2026-05-09 17:52:34,False,,,399,215,
2026-05-09 17:52:34,False,,,399,215,
2026-05-09 17:52:34,False,,,399,215,
2026-05-09 17:52:34,True,190,116,406,215,
2026-05-09 17:52:34,True,186,115,409,215,
2026-05-09 17:52:34,True,182,116,409,215,
2026-05-09 17:52:34,True,187,115,411,215,
2026-05-09 17:52:34,True,179,116,409,215,
2026-05-09 17:52:34,True,177,115,406,215,
2026-05-09 17:52:34,True,102,122,361,218,
2026-05-09 17:52:34,True,173,114,368,217,
2026-05-09 17:52:34,True,94,121,328,219,
2026-05-09 17:52:34,True,94,121,298,220,
2026-05-09 17:52:34,False,,,298,220,
2026-05-09 17:52:34,False,,,298,220,
2026-05-09 17:52:34,False,,,298,220,
2026-05-09 17:52:35,True,89,134,273,227,
2026-05-09 17:52:35,True,88,138,254,235,
2026-05-09 17:52:35,True,90,143,241,243,
2026-05-09 17:52:35,True,163,148,272,251,
2026-05-09 17:52:35,True,167,148,297,257,
2026-05-09 17:52:35,True,165,147,315,261,
2026-05-09 17:52:35,True,170,154,332,268,
2026-05-09 17:52:35,True,175,152,347,272,
2026-05-09 17:52:35,True,176,147,359,273,
2026-05-09 17:52:35,True,179,146,369,273,
2026-05-09 17:52:35,False,,,369,273,
2026-05-09 17:52:35,True,182,136,379,268,
2026-05-09 17:52:35,True,185,140,388,266,
2026-05-09 17:52:35,True,190,137,398,263,
2026-05-09 17:52:35,True,187,136,403,260,
2026-05-09 17:52:35,True,189,140,408,260,
2026-05-09 17:52:35,True,192,135,413,258,
2026-05-09 17:52:52,False,,,857,734,
2026-05-09 17:52:52,False,,,857,734,
2026-05-09 17:52:52,False,,,857,734,
2026-05-09 17:52:52,False,,,857,734,
2026-05-09 17:52:52,False,,,857,734,
2026-05-09 17:52:52,False,,,857,734,
2026-05-09 17:52:52,False,,,857,734,
2026-05-09 17:52:52,False,,,857,734,
2026-05-09 17:52:52,False,,,857,734,
2026-05-09 17:52:52,False,,,857,734,
2026-05-09 17:52:52,False,,,857,734,
2026-05-09 17:52:52,False,,,857,734,
2026-05-09 17:52:52,False,,,857,734,
2026-05-09 17:52:52,False,,,857,734,
2026-05-09 17:52:52,False,,,857,734,
2026-05-09 17:52:52,False,,,857,734,
2026-05-09 17:52:52,False,,,857,734,
2026-05-09 17:52:52,False,,,857,734,
2026-05-09 17:52:52,False,,,857,734,
2026-05-09 17:52:52,False,,,857,734,
2026-05-09 17:52:52,False,,,857,734,
2026-05-09 17:52:52,False,,,857,734,
2026-05-09 17:52:52,False,,,857,734,
2026-05-09 17:52:52,False,,,857,734,
2026-05-09 17:52:52,False,,,857,734,
2026-05-09 17:52:52,False,,,857,734,
2026-05-09 17:52:52,False,,,857,734,
2026-05-09 17:52:52,False,,,857,734,
2026-05-09 17:52:52,False,,,857,734,
2026-05-09 17:52:53,False,,,857,734,
2026-05-09 17:52:53,False,,,857,734,
2026-05-09 17:52:53,False,,,857,734,
2026-05-09 17:52:53,False,,,857,734,
2026-05-09 17:52:53,False,,,857,734,
2026-05-09 17:52:53,False,,,857,734,
2026-05-09 17:52:53,False,,,857,734,
2026-05-09 17:52:53,False,,,857,734,
2026-05-09 17:52:53,False,,,857,734,
2026-05-09 17:52:53,False,,,857,734,
2026-05-09 17:52:53,False,,,857,734,
2026-05-09 17:52:53,False,,,857,734,
2026-05-09 17:52:53,False,,,857,734,
2026-05-09 17:52:53,False,,,857,734,
2026-05-09 17:52:53,False,,,857,734,
2026-05-09 17:52:53,False,,,857,734,
2026-05-09 17:52:53,False,,,857,734,
2026-05-09 17:52:53,False,,,857,734,
2026-05-09 17:52:53,False,,,857,734,
2026-05-09 17:52:53,False,,,857,734,
2026-05-09 17:52:53,False,,,857,734,
2026-05-09 17:52:53,False,,,857,734,
2026-05-09 17:52:53,False,,,857,734,
2026-05-09 17:52:53,False,,,857,734,
2026-05-09 17:52:53,False,,,857,734,
2026-05-09 17:52:53,False,,,857,734,
2026-05-09 17:52:53,False,,,857,734,
2026-05-09 17:52:53,False,,,857,734,
2026-05-09 17:52:53,False,,,857,734,
2026-05-09 17:52:53,False,,,857,734,
2026-05-09 17:52:54,False,,,857,734,
2026-05-09 17:52:54,False,,,857,734,
2026-05-09 17:52:54,False,,,857,734,
2026-05-09 17:52:54,False,,,857,734,
2026-05-09 17:52:54,False,,,857,734,
2026-05-09 17:52:54,False,,,857,734,
2026-05-09 17:52:54,False,,,857,734,
2026-05-09 17:52:54,False,,,857,734,
2026-05-09 17:52:54,False,,,857,734,
2026-05-09 17:52:54,False,,,857,734,
2026-05-09 17:52:54,False,,,857,734,
2026-05-09 17:52:54,False,,,857,734,
2026-05-09 17:52:54,False,,,857,734,
2026-05-09 17:52:54,True,252,101,567,190,
2026-05-09 17:52:54,True,250,110,565,194,
2026-05-09 17:52:54,True,239,136,558,209,
2026-05-09 17:52:54,True,221,143,542,223,
2026-05-09 17:52:55,True,214,142,526,233,
2026-05-09 17:52:55,False,,,526,233,
2026-05-09 17:52:55,True,220,135,518,238,
2026-05-09 17:52:55,False,,,518,238,
2026-05-09 17:52:55,False,,,518,238,
2026-05-09 17:52:55,False,,,518,238,
2026-05-09 17:52:55,False,,,518,238,
2026-05-09 17:52:55,True,155,133,475,240,
2026-05-09 17:52:55,True,221,128,480,239,
2026-05-09 17:52:55,False,,,480,239,
2026-05-09 17:52:55,False,,,480,239,
2026-05-09 17:52:55,True,155,124,447,237,
2026-05-09 17:52:55,True,242,122,471,235,
2026-05-09 17:52:55,True,250,115,493,230,
2026-05-09 17:52:56,True,253,114,511,225,
2026-05-09 17:52:56,True,256,113,527,221,
2026-05-09 17:52:56,True,254,113,538,218,
2026-05-09 17:52:56,True,255,110,547,215,
2026-05-09 17:52:56,True,205,111,525,213,
2026-05-09 17:52:56,True,203,111,508,211,
2026-05-09 17:52:56,True,176,110,480,209,
2026-05-09 17:52:56,True,183,107,463,207,
2026-05-09 17:52:57,True,188,111,453,207,
2026-05-09 17:52:57,True,247,114,478,208,
2026-05-09 17:52:57,False,,,478,208,
2026-05-09 17:52:57,False,,,478,208,
2026-05-09 17:52:57,False,,,478,208,
2026-05-09 17:52:57,False,,,478,208,
2026-05-09 17:52:57,False,,,478,208,
2026-05-09 17:52:57,False,,,478,208,
2026-05-09 17:52:57,False,,,478,208,
2026-05-09 17:52:57,False,,,478,208,
2026-05-09 17:52:57,False,,,478,208,
2026-05-09 17:52:57,False,,,478,208,
2026-05-09 17:52:57,False,,,478,208,
2026-05-09 17:52:57,False,,,478,208,
2026-05-09 17:52:57,False,,,478,208,
2026-05-09 17:52:57,False,,,478,208,
2026-05-09 17:52:57,False,,,478,208,
2026-05-09 17:52:57,False,,,478,208,
2026-05-09 17:52:57,False,,,478,208,
2026-05-09 17:52:57,False,,,478,208,
2026-05-09 17:52:57,False,,,478,208,
2026-05-09 17:52:57,False,,,478,208,
2026-05-09 17:52:57,False,,,478,208,
2026-05-09 17:52:57,False,,,478,208,
2026-05-09 17:52:57,False,,,478,208,
2026-05-09 17:52:57,False,,,478,208,
2026-05-09 17:52:57,False,,,478,208,
2026-05-09 17:52:58,False,,,478,208,
2026-05-09 17:52:58,False,,,478,208,
2026-05-09 17:52:58,False,,,478,208,
2026-05-09 17:52:58,False,,,478,208,
2026-05-09 17:52:58,False,,,478,208,
2026-05-09 17:52:58,False,,,478,208,
2026-05-09 17:52:58,False,,,478,208,
2026-05-09 17:52:58,True,211,180,477,240,
2026-05-09 17:52:58,False,,,477,240,
2026-05-09 17:52:58,False,,,477,240,
2026-05-09 17:52:58,False,,,477,240,
2026-05-09 17:52:58,False,,,477,240,
2026-05-09 17:52:58,False,,,477,240,
2026-05-09 17:52:58,False,,,477,240,
2026-05-09 17:52:58,False,,,477,240,
2026-05-09 17:52:58,False,,,477,240,
2026-05-09 17:52:58,False,,,477,240,
2026-05-09 17:52:58,False,,,477,240,
2026-05-09 17:52:58,False,,,477,240,
2026-05-09 17:52:58,False,,,477,240,
2026-05-09 17:52:58,False,,,477,240,
2026-05-09 17:52:58,False,,,477,240,
2026-05-09 17:52:58,False,,,477,240,
2026-05-09 17:52:58,False,,,477,240,
2026-05-09 17:52:58,False,,,477,240,
2026-05-09 17:52:58,False,,,477,240,
2026-05-09 17:52:58,False,,,477,240,
2026-05-09 17:52:58,False,,,477,240,
2026-05-09 17:52:58,False,,,477,240,
2026-05-09 17:52:58,False,,,477,240,
2026-05-09 17:52:59,False,,,477,240,
2026-05-09 17:52:59,False,,,477,240,
2026-05-09 17:52:59,False,,,477,240,
2026-05-09 17:52:59,False,,,477,240,
2026-05-09 17:52:59,False,,,477,240,
2026-05-09 17:52:59,False,,,477,240,
2026-05-09 17:52:59,True,215,107,478,230,
2026-05-09 17:52:59,True,144,105,439,221,
2026-05-09 17:52:59,True,153,105,415,214,
2026-05-09 17:52:59,False,,,415,214,
2026-05-09 17:52:59,True,246,119,449,216,
2026-05-09 17:52:59,False,,,449,216,
2026-05-09 17:52:59,False,,,449,216,
2026-05-09 17:52:59,False,,,449,216,
2026-05-09 17:52:59,False,,,449,216,
2026-05-09 17:52:59,True,198,115,448,216,
2026-05-09 17:53:00,True,248,118,475,217,
2026-05-09 17:53:00,True,252,118,498,218,
2026-05-09 17:53:00,True,250,130,514,224,
2026-05-09 17:53:00,True,251,129,526,228,
2026-05-09 17:53:00,True,268,170,545,250,
2026-05-09 17:53:00,True,268,171,559,267,
2026-05-09 17:53:00,True,250,208,559,297,
2026-05-09 17:53:00,True,252,219,560,325,
2026-05-09 17:53:01,True,251,180,561,328,
2026-05-09 17:53:01,False,,,561,328,
2026-05-09 17:53:01,True,277,125,576,304,
2026-05-09 17:53:01,False,,,576,304,
2026-05-09 17:53:01,False,,,576,304,
2026-05-09 17:53:01,False,,,576,304,
2026-05-09 17:53:01,False,,,576,304,
2026-05-09 17:53:01,False,,,576,304,
2026-05-09 17:53:01,False,,,576,304,
2026-05-09 17:53:01,True,306,122,604,285,
2026-05-09 17:53:01,True,246,125,591,272,
2026-05-09 17:53:01,True,315,129,620,264,
2026-05-09 17:53:01,True,261,135,612,261,
2026-05-09 17:53:02,True,260,135,605,258,
2026-05-09 17:53:02,True,313,130,629,254,
2026-05-09 17:53:02,True,261,133,618,253,
2026-05-09 17:53:02,True,269,129,614,250,
2026-05-09 17:53:02,True,254,129,603,247,
2026-05-09 17:53:02,True,313,130,628,246,
2026-05-09 17:53:02,True,312,127,646,244,
2026-05-09 17:53:02,True,310,127,658,242,
2026-05-09 17:53:03,True,300,130,662,242,
2026-05-09 17:53:03,False,,,662,242,
2026-05-09 17:53:03,True,287,133,657,243,
2026-05-09 17:53:03,True,284,134,652,245,
2026-05-09 17:53:03,True,286,135,649,246,
2026-05-09 17:53:03,True,283,135,645,247,
2026-05-09 17:53:03,True,201,134,596,247,
2026-05-09 17:53:03,True,286,131,608,246,
2026-05-09 17:53:03,True,231,133,586,246,
2026-05-09 17:53:04,True,214,131,559,246,
2026-05-09 17:53:04,True,235,129,551,245,
2026-05-09 17:53:04,True,284,129,573,244,
2026-05-09 17:53:04,True,235,129,561,243,
2026-05-09 17:53:04,True,229,129,549,242,
2026-05-09 17:53:04,True,274,131,565,242,
2026-05-09 17:53:04,True,272,134,576,244,
2026-05-09 17:53:04,False,,,576,244,
2026-05-09 17:53:04,False,,,576,244,
2026-05-09 17:53:04,False,,,576,244,
2026-05-09 17:53:04,False,,,576,244,
2026-05-09 17:53:05,True,259,125,577,241,
2026-05-09 17:53:05,False,,,577,241,
2026-05-09 17:53:05,False,,,577,241,
2026-05-09 17:53:05,False,,,577,241,
2026-05-09 17:53:05,True,228,190,560,269,
2026-05-09 17:53:05,True,227,192,547,291,
2026-05-09 17:53:05,False,,,547,291,
2026-05-09 17:53:05,True,210,187,528,306,
2026-05-09 17:53:05,True,198,181,507,314,
2026-05-09 17:53:05,True,190,180,487,319,
2026-05-09 17:53:05,True,196,181,475,323,
2026-05-09 17:53:05,False,,,475,323,
2026-05-09 17:53:06,True,211,182,474,327,
2026-05-09 17:53:06,False,,,474,327,
2026-05-09 17:53:06,False,,,474,327,
2026-05-09 17:53:06,False,,,474,327,
2026-05-09 17:53:06,True,298,108,523,295,
2026-05-09 17:53:06,True,311,103,567,269,
2026-05-09 17:53:06,True,336,101,614,249,
2026-05-09 17:53:06,True,343,100,653,233,
2026-05-09 17:53:06,True,348,102,685,222,
2026-05-09 17:53:06,False,,,685,222,
2026-05-09 17:53:06,False,,,685,222,
2026-05-09 17:53:06,False,,,685,222,
2026-05-09 17:53:06,True,350,97,710,211,
2026-05-09 17:53:07,True,354,164,731,235,
2026-05-09 17:53:07,False,,,731,235,
2026-05-09 17:53:07,False,,,731,235,
2026-05-09 17:53:07,False,,,731,235,
2026-05-09 17:53:07,False,,,731,235,
2026-05-09 17:53:07,False,,,731,235,
2026-05-09 17:53:07,False,,,731,235,
2026-05-09 17:53:07,False,,,731,235,
2026-05-09 17:53:07,False,,,731,235,
2026-05-09 17:53:07,True,353,102,746,224,
2026-05-09 17:53:07,True,358,109,760,219,
2026-05-09 17:53:07,False,,,760,219,
2026-05-09 17:53:07,False,,,760,219,
2026-05-09 17:53:07,False,,,760,219,
2026-05-09 17:53:07,False,,,760,219,
2026-05-09 17:53:07,False,,,760,219,
2026-05-09 17:53:07,False,,,760,219,
2026-05-09 17:53:07,False,,,760,219,
2026-05-09 17:53:07,False,,,760,219,
2026-05-09 17:53:07,False,,,760,219,
2026-05-09 17:53:07,False,,,760,219,
2026-05-09 17:53:07,False,,,760,219,
2026-05-09 17:53:07,False,,,760,219,
2026-05-09 17:53:07,False,,,760,219,
2026-05-09 17:53:07,False,,,760,219,
2026-05-09 17:53:07,False,,,760,219,
2026-05-09 17:53:07,False,,,760,219,
2026-05-09 17:53:08,False,,,760,219,
2026-05-09 17:53:08,False,,,760,219,
2026-05-09 17:53:08,False,,,760,219,
2026-05-09 17:53:08,False,,,760,219,
2026-05-09 17:53:08,False,,,760,219,
2026-05-09 17:53:08,False,,,760,219,
2026-05-09 17:53:08,False,,,760,219,
2026-05-09 17:53:08,False,,,760,219,
2026-05-09 17:53:08,False,,,760,219,
2026-05-09 17:53:08,False,,,760,219,
2026-05-09 17:53:08,False,,,760,219,
2026-05-09 17:53:08,False,,,760,219,
2026-05-09 17:53:08,True,371,163,778,240,
2026-05-09 17:53:08,True,367,160,790,255,
2026-05-09 17:53:08,True,353,140,790,256,
2026-05-09 17:53:08,True,320,127,772,251,
2026-05-09 17:53:09,True,300,124,747,246,
2026-05-09 17:53:09,False,,,747,246,
2026-05-09 17:53:09,False,,,747,246,
2026-05-09 17:53:09,False,,,747,246,
2026-05-09 17:53:09,False,,,747,246,
2026-05-09 17:53:09,False,,,747,246,
2026-05-09 17:53:09,False,,,747,246,
2026-05-09 17:53:09,False,,,747,246,
2026-05-09 17:53:09,True,297,77,727,220,
2026-05-09 17:53:09,False,,,727,220,
2026-05-09 17:53:09,False,,,727,220,
2026-05-09 17:53:09,False,,,727,220,
2026-05-09 17:53:09,False,,,727,220,
2026-05-09 17:53:09,False,,,727,220,
2026-05-09 17:53:09,False,,,727,220,
2026-05-09 17:53:09,False,,,727,220,
2026-05-09 17:53:09,True,245,175,682,246,
2026-05-09 17:53:09,True,238,173,645,265,
2026-05-09 17:53:09,False,,,645,265,
2026-05-09 17:53:09,False,,,645,265,
2026-05-09 17:53:09,True,205,103,598,246,
2026-05-09 17:53:09,False,,,598,246,
2026-05-09 17:53:09,False,,,598,246,
2026-05-09 17:53:10,True,195,102,558,232,
2026-05-09 17:53:10,False,,,558,232,
2026-05-09 17:53:10,False,,,558,232,
2026-05-09 17:53:10,False,,,558,232,
2026-05-09 17:53:10,False,,,558,232,
2026-05-09 17:53:10,False,,,558,232,
2026-05-09 17:53:10,False,,,558,232,
2026-05-09 17:53:10,True,231,170,548,253,
2026-05-09 17:53:10,False,,,548,253,
2026-05-09 17:53:10,False,,,548,253,
2026-05-09 17:53:10,False,,,548,253,
2026-05-09 17:53:10,False,,,548,253,
2026-05-09 17:53:10,False,,,548,253,
2026-05-09 17:53:10,True,381,166,625,267,
2026-05-09 17:53:10,True,403,98,695,246,
2026-05-09 17:53:10,True,415,168,754,263,
2026-05-09 17:53:10,False,,,754,263,
2026-05-09 17:53:10,False,,,754,263,
2026-05-09 17:53:10,False,,,754,263,
2026-05-09 17:53:11,True,427,167,805,275,
2026-05-09 17:53:11,True,426,164,843,283,
2026-05-09 17:53:11,True,424,99,870,258,
2026-05-09 17:53:11,False,,,870,258,
2026-05-09 17:53:11,False,,,870,258,
2026-05-09 17:53:11,False,,,870,258,
2026-05-09 17:53:11,False,,,870,258,
2026-05-09 17:53:11,False,,,870,258,
2026-05-09 17:53:11,False,,,870,258,
2026-05-09 17:53:11,False,,,870,258,
2026-05-09 17:53:11,False,,,870,258,
2026-05-09 17:53:11,False,,,870,258,
2026-05-09 17:53:11,False,,,870,258,
2026-05-09 17:53:11,False,,,870,258,
2026-05-09 17:53:11,True,417,119,886,249,
2026-05-09 17:53:11,False,,,886,249,
2026-05-09 17:53:11,False,,,886,249,
2026-05-09 17:53:11,False,,,886,249,
2026-05-09 17:53:11,False,,,886,249,
2026-05-09 17:53:11,False,,,886,249,
2026-05-09 17:53:11,False,,,886,249,
2026-05-09 17:53:11,False,,,886,249,
2026-05-09 17:53:11,False,,,886,249,
2026-05-09 17:53:12,False,,,886,249,
2026-05-09 17:53:12,False,,,886,249,
2026-05-09 17:53:12,False,,,886,249,
2026-05-09 17:53:12,False,,,886,249,
2026-05-09 17:53:12,False,,,886,249,
2026-05-09 17:53:12,False,,,886,249,
2026-05-09 17:53:12,False,,,886,249,
2026-05-09 17:53:12,False,,,886,249,
2026-05-09 17:53:12,False,,,886,249,
2026-05-09 17:53:12,False,,,886,249,
2026-05-09 17:53:12,False,,,886,249,
2026-05-09 17:53:12,False,,,886,249,
2026-05-09 17:53:12,False,,,886,249,
2026-05-09 17:53:12,False,,,886,249,
2026-05-09 17:53:12,False,,,886,249,
2026-05-09 17:53:12,False,,,886,249,
2026-05-09 17:53:12,False,,,886,249,
2026-05-09 17:53:12,False,,,886,249,
2026-05-09 17:53:12,False,,,886,249,
2026-05-09 17:53:12,False,,,886,249,
2026-05-09 17:53:12,False,,,886,249,
2026-05-09 17:53:12,False,,,886,249,
2026-05-09 17:53:12,False,,,886,249,
2026-05-09 17:53:12,False,,,886,249,
2026-05-09 17:53:12,False,,,886,249,
2026-05-09 17:53:12,False,,,886,249,
2026-05-09 17:53:12,False,,,886,249,
2026-05-09 17:53:12,False,,,886,249,
2026-05-09 17:53:12,False,,,886,249,
2026-05-09 17:53:12,False,,,886,249,
2026-05-09 17:53:13,False,,,886,249,
2026-05-09 17:53:13,False,,,886,249,
2026-05-09 17:53:13,False,,,886,249,
2026-05-09 17:53:13,False,,,886,249,
2026-05-09 17:53:13,False,,,886,249,
2026-05-09 17:53:13,False,,,886,249,
2026-05-09 17:53:13,False,,,886,249,
2026-05-09 17:53:13,False,,,886,249,
2026-05-09 17:53:13,False,,,886,249,
2026-05-09 17:53:13,False,,,886,249,
2026-05-09 17:53:13,False,,,886,249,
2026-05-09 17:53:13,False,,,886,249,
2026-05-09 17:53:13,False,,,886,249,
2026-05-09 17:53:13,False,,,886,249,
2026-05-09 17:53:13,False,,,886,249,
2026-05-09 17:53:13,False,,,886,249,
2026-05-09 17:53:13,False,,,886,249,
2026-05-09 17:53:13,False,,,886,249,
2026-05-09 17:53:13,False,,,886,249,
2026-05-09 17:53:13,False,,,886,249,
2026-05-09 17:53:13,False,,,886,249,
2026-05-09 17:53:13,False,,,886,249,
2026-05-09 17:53:13,False,,,886,249,
2026-05-09 17:53:13,False,,,886,249,
2026-05-09 17:53:13,False,,,886,249,
2026-05-09 17:53:13,False,,,886,249,
2026-05-09 17:53:14,True,459,145,922,254,
2026-05-09 17:53:14,False,,,922,254,
2026-05-09 17:53:14,True,361,143,894,257,
2026-05-09 17:53:14,True,405,142,898,259,
2026-05-09 17:53:14,True,372,154,882,266,
2026-05-09 17:53:14,True,351,162,858,275,
2026-05-09 17:53:14,False,,,858,275,
2026-05-09 17:53:14,False,,,858,275,
2026-05-09 17:53:14,True,340,190,834,295,
2026-05-09 17:53:14,False,,,834,295,
2026-05-09 17:53:14,False,,,834,295,
2026-05-09 17:53:14,False,,,834,295,
2026-05-09 17:53:14,False,,,834,295,
2026-05-09 17:53:14,False,,,834,295,
2026-05-09 17:53:14,False,,,834,295,
2026-05-09 17:53:14,False,,,834,295,
2026-05-09 17:53:14,False,,,834,295,
2026-05-09 17:53:14,False,,,834,295,
2026-05-09 17:53:14,False,,,834,295,
2026-05-09 17:53:15,False,,,834,295,
2026-05-09 17:53:15,False,,,834,295,
2026-05-09 17:53:15,False,,,834,295,
2026-05-09 17:53:15,False,,,834,295,
2026-05-09 17:53:15,False,,,834,295,
2026-05-09 17:53:15,False,,,834,295,
2026-05-09 17:53:15,False,,,834,295,
2026-05-09 17:53:15,False,,,834,295,
2026-05-09 17:53:15,False,,,834,295,
2026-05-09 17:53:15,False,,,834,295,
2026-05-09 17:53:15,False,,,834,295,
2026-05-09 17:53:15,False,,,834,295,
2026-05-09 17:53:15,False,,,834,295,
2026-05-09 17:53:15,True,342,255,817,340,
2026-05-09 17:53:15,False,,,817,340,
2026-05-09 17:53:15,False,,,817,340,
2026-05-09 17:53:15,False,,,817,340,
2026-05-09 17:53:15,False,,,817,340,
2026-05-09 17:53:15,False,,,817,340,
2026-05-09 17:53:15,False,,,817,340,
2026-05-09 17:53:15,False,,,817,340,
2026-05-09 17:53:15,False,,,817,340,
2026-05-09 17:53:15,False,,,817,340,
2026-05-09 17:53:15,False,,,817,340,
2026-05-09 17:53:15,False,,,817,340,
2026-05-09 17:53:15,False,,,817,340,
2026-05-09 17:53:15,False,,,817,340,
2026-05-09 17:53:15,False,,,817,340,
2026-05-09 17:53:15,False,,,817,340,
2026-05-09 17:53:15,False,,,817,340,
2026-05-09 17:53:16,False,,,817,340,
2026-05-09 17:53:16,False,,,817,340,
2026-05-09 17:53:16,False,,,817,340,
2026-05-09 17:53:16,False,,,817,340,
2026-05-09 17:53:16,False,,,817,340,
2026-05-09 17:53:16,False,,,817,340,
2026-05-09 17:53:16,True,261,174,759,336,
2026-05-09 17:53:16,True,238,168,703,330,
2026-05-09 17:53:16,False,,,703,330,
2026-05-09 17:53:16,False,,,703,330,
2026-05-09 17:53:16,True,248,170,666,327,
2026-05-09 17:53:16,True,262,168,646,323,
2026-05-09 17:53:16,True,259,165,630,319,
2026-05-09 17:53:16,True,269,167,623,317,
2026-05-09 17:53:17,False,,,623,317,
2026-05-09 17:53:17,False,,,623,317,
2026-05-09 17:53:17,False,,,623,317,
2026-05-09 17:53:17,False,,,623,317,
2026-05-09 17:53:17,True,288,168,629,316,
2026-05-09 17:53:17,False,,,629,316,
2026-05-09 17:53:17,False,,,629,316,
2026-05-09 17:53:17,False,,,629,316,
2026-05-09 17:53:17,False,,,629,316,
2026-05-09 17:53:17,False,,,629,316,
2026-05-09 17:53:17,False,,,629,316,
2026-05-09 17:53:17,False,,,629,316,
2026-05-09 17:53:17,False,,,629,316,
2026-05-09 17:53:17,False,,,629,316,
2026-05-09 17:53:17,False,,,629,316,
2026-05-09 17:53:17,False,,,629,316,
2026-05-09 17:53:17,False,,,629,316,
2026-05-09 17:53:17,False,,,629,316,
2026-05-09 17:53:17,False,,,629,316,
2026-05-09 17:53:17,True,391,165,691,314,
2026-05-09 17:53:17,False,,,691,314,
2026-05-09 17:53:17,False,,,691,314,
2026-05-09 17:53:17,True,399,94,742,279,
2026-05-09 17:53:18,False,,,742,279,
2026-05-09 17:53:18,False,,,742,279,
2026-05-09 17:53:18,False,,,742,279,
2026-05-09 17:53:18,True,402,97,782,254,
2026-05-09 17:53:18,True,406,96,814,235,
2026-05-09 17:53:18,False,,,814,235,
2026-05-09 17:53:18,False,,,814,235,
2026-05-09 17:53:18,False,,,814,235,
2026-05-09 17:53:18,False,,,814,235,
2026-05-09 17:53:18,False,,,814,235,
2026-05-09 17:53:18,False,,,814,235,
2026-05-09 17:53:18,False,,,814,235,
2026-05-09 17:53:18,False,,,814,235,
2026-05-09 17:53:18,False,,,814,235,
2026-05-09 17:53:18,False,,,814,235,
2026-05-09 17:53:18,False,,,814,235,
2026-05-09 17:53:18,False,,,814,235,
2026-05-09 17:53:18,False,,,814,235,
2026-05-09 17:53:18,False,,,814,235,
2026-05-09 17:53:18,False,,,814,235,
2026-05-09 17:53:18,False,,,814,235,
2026-05-09 17:53:18,False,,,814,235,
2026-05-09 17:53:18,False,,,814,235,
2026-05-09 17:53:18,False,,,814,235,
2026-05-09 17:53:18,False,,,814,235,
2026-05-09 17:53:18,False,,,814,235,
2026-05-09 17:53:19,False,,,814,235,
2026-05-09 17:53:19,True,402,98,836,222,
2026-05-09 17:53:19,False,,,836,222,
2026-05-09 17:53:19,False,,,836,222,
2026-05-09 17:53:19,False,,,836,222,
2026-05-09 17:53:19,False,,,836,222,
2026-05-09 17:53:19,False,,,836,222,
2026-05-09 17:53:19,False,,,836,222,
2026-05-09 17:53:19,True,262,163,774,242,
2026-05-09 17:53:19,True,256,162,724,257,
2026-05-09 17:53:19,False,,,724,257,
2026-05-09 17:53:19,True,237,160,676,267,
2026-05-09 17:53:19,True,230,160,636,275,
2026-05-09 17:53:20,True,230,155,606,278,
2026-05-09 17:53:20,True,232,161,584,283,
2026-05-09 17:53:20,True,240,162,572,288,
2026-05-09 17:53:20,False,,,572,288,
2026-05-09 17:53:20,True,309,149,602,285,
2026-05-09 17:53:20,False,,,602,285,
2026-05-09 17:53:20,True,346,147,645,282,
2026-05-09 17:53:20,True,384,146,699,279,
2026-05-09 17:53:20,True,407,148,753,278,
2026-05-09 17:53:20,False,,,753,278,
2026-05-09 17:53:20,False,,,753,278,
2026-05-09 17:53:20,True,405,85,792,248,
2026-05-09 17:53:20,False,,,792,248,
2026-05-09 17:53:21,False,,,792,248,
2026-05-09 17:53:21,False,,,792,248,
2026-05-09 17:53:21,False,,,792,248,
2026-05-09 17:53:21,False,,,792,248,
2026-05-09 17:53:21,False,,,792,248,
2026-05-09 17:53:21,False,,,792,248,
2026-05-09 17:53:21,False,,,792,248,
2026-05-09 17:53:21,False,,,792,248,
2026-05-09 17:53:21,False,,,792,248,
2026-05-09 17:53:21,False,,,792,248,
2026-05-09 17:53:21,False,,,792,248,
2026-05-09 17:53:21,False,,,792,248,
2026-05-09 17:53:21,True,390,151,813,256,
2026-05-09 17:53:21,False,,,813,256,
2026-05-09 17:53:21,False,,,813,256,
2026-05-09 17:53:21,True,367,153,816,263,
2026-05-09 17:53:21,False,,,816,263,
2026-05-09 17:53:21,False,,,816,263,
2026-05-09 17:53:21,False,,,816,263,
2026-05-09 17:53:21,False,,,816,263,
2026-05-09 17:53:21,False,,,816,263,
2026-05-09 17:53:21,False,,,816,263,
2026-05-09 17:53:21,False,,,816,263,
2026-05-09 17:53:21,False,,,816,263,
2026-05-09 17:53:21,False,,,816,263,
2026-05-09 17:53:22,False,,,816,263,
2026-05-09 17:53:22,False,,,816,263,
2026-05-09 17:53:22,False,,,816,263,
2026-05-09 17:53:22,False,,,816,263,
2026-05-09 17:53:22,False,,,816,263,
2026-05-09 17:53:22,True,285,119,772,252,
2026-05-09 17:53:22,True,286,118,739,244,
2026-05-09 17:53:22,True,291,124,718,241,
2026-05-09 17:53:22,False,,,718,241,
2026-05-09 17:53:22,False,,,718,241,
2026-05-09 17:53:22,True,196,123,648,238,
2026-05-09 17:53:22,False,,,648,238,
2026-05-09 17:53:22,True,22,126,498,237,
2026-05-09 17:53:22,False,,,498,237,
2026-05-09 17:53:23,True,319,139,552,242,
2026-05-09 17:53:23,True,320,142,594,248,
2026-05-09 17:53:23,False,,,594,248,
2026-05-09 17:53:23,True,325,154,628,258,
2026-05-09 17:53:23,False,,,628,258,
2026-05-09 17:53:23,False,,,628,258,
2026-05-09 17:53:23,True,337,148,660,263,
2026-05-09 17:53:23,True,335,143,683,264,
2026-05-09 17:53:23,True,328,144,696,265,
2026-05-09 17:53:23,True,311,124,696,256,
2026-05-09 17:53:23,True,310,127,696,251,
2026-05-09 17:53:24,True,294,111,687,240,
2026-05-09 17:53:24,False,,,687,240,
2026-05-09 17:53:24,False,,,687,240,
2026-05-09 17:53:24,False,,,687,240,
2026-05-09 17:53:24,False,,,687,240,
2026-05-09 17:53:24,True,363,84,719,219,
2026-05-09 17:53:24,False,,,719,219,
2026-05-09 17:53:24,False,,,719,219,
2026-05-09 17:53:24,False,,,719,219,
2026-05-09 17:53:24,False,,,719,219,
2026-05-09 17:53:24,False,,,719,219,
2026-05-09 17:53:24,False,,,719,219,
2026-05-09 17:53:24,False,,,719,219,
2026-05-09 17:53:24,True,342,81,731,202,
2026-05-09 17:53:24,True,348,84,743,190,
2026-05-09 17:53:24,False,,,743,190,
2026-05-09 17:53:24,False,,,743,190,
2026-05-09 17:53:24,False,,,743,190,
2026-05-09 17:53:24,False,,,743,190,
2026-05-09 17:53:24,False,,,743,190,
2026-05-09 17:53:24,False,,,743,190,
2026-05-09 17:53:24,False,,,743,190,
2026-05-09 17:53:24,False,,,743,190,
2026-05-09 17:53:25,True,179,95,658,187,
2026-05-09 17:53:25,False,,,658,187,
2026-05-09 17:53:25,False,,,658,187,
2026-05-09 17:53:25,True,201,97,606,185,
2026-05-09 17:53:25,False,,,606,185,
2026-05-09 17:53:25,True,202,93,568,182,
2026-05-09 17:53:25,True,200,93,538,180,
2026-05-09 17:53:25,True,195,91,513,177,
2026-05-09 17:53:25,True,203,89,499,174,
2026-05-09 17:53:25,True,195,85,484,170,
2026-05-09 17:53:25,False,,,484,170,
2026-05-09 17:53:25,False,,,484,170,
2026-05-09 17:53:25,False,,,484,170,
2026-05-09 17:53:25,False,,,484,170,
2026-05-09 17:53:26,False,,,484,170,
2026-05-09 17:53:26,True,203,86,477,168,
2026-05-09 17:53:26,False,,,477,168,
2026-05-09 17:53:26,False,,,477,168,
2026-05-09 17:53:26,True,202,88,471,167,
2026-05-09 17:53:26,False,,,471,167,
2026-05-09 17:53:26,True,346,76,548,161,
2026-05-09 17:53:26,False,,,548,161,
2026-05-09 17:53:26,False,,,548,161,
2026-05-09 17:53:26,False,,,548,161,
2026-05-09 17:53:26,False,,,548,161,
2026-05-09 17:53:26,False,,,548,161,
2026-05-09 17:53:26,False,,,548,161,
2026-05-09 17:53:26,False,,,548,161,
2026-05-09 17:53:26,False,,,548,161,
2026-05-09 17:53:26,False,,,548,161,
2026-05-09 17:53:26,False,,,548,161,
2026-05-09 17:53:26,False,,,548,161,
2026-05-09 17:53:26,False,,,548,161,
2026-05-09 17:53:26,False,,,548,161,
2026-05-09 17:53:26,False,,,548,161,
2026-05-09 17:53:26,False,,,548,161,
2026-05-09 17:53:26,False,,,548,161,
2026-05-09 17:53:26,False,,,548,161,
2026-05-09 17:53:26,False,,,548,161,
2026-05-09 17:53:27,False,,,548,161,
2026-05-09 17:53:27,False,,,548,161,
2026-05-09 17:53:27,False,,,548,161,
2026-05-09 17:53:27,False,,,548,161,
2026-05-09 17:53:27,False,,,548,161,
2026-05-09 17:53:27,False,,,548,161,
2026-05-09 17:53:27,False,,,548,161,
2026-05-09 17:53:27,False,,,548,161,
2026-05-09 17:53:27,False,,,548,161,
2026-05-09 17:53:27,False,,,548,161,
2026-05-09 17:53:27,False,,,548,161,
2026-05-09 17:53:27,False,,,548,161,
2026-05-09 17:53:27,False,,,548,161,
2026-05-09 17:53:27,False,,,548,161,
2026-05-09 17:53:27,False,,,548,161,
2026-05-09 17:53:27,False,,,548,161,
2026-05-09 17:53:27,False,,,548,161,
2026-05-09 17:53:27,False,,,548,161,
2026-05-09 17:53:27,False,,,548,161,
2026-05-09 17:53:27,False,,,548,161,
2026-05-09 17:53:27,False,,,548,161,
2026-05-09 17:53:27,False,,,548,161,
2026-05-09 17:53:27,False,,,548,161,
2026-05-09 17:53:27,False,,,548,161,
2026-05-09 17:53:27,False,,,548,161,
2026-05-09 17:53:27,False,,,548,161,
2026-05-09 17:53:27,False,,,548,161,
2026-05-09 17:53:27,False,,,548,161,
2026-05-09 17:53:27,False,,,548,161,
2026-05-09 17:53:27,False,,,548,161,
2026-05-09 17:53:28,False,,,548,161,
2026-05-09 17:53:28,False,,,548,161,
2026-05-09 17:53:28,False,,,548,161,
2026-05-09 17:53:28,False,,,548,161,
2026-05-09 17:53:28,False,,,548,161,
2026-05-09 17:53:28,False,,,548,161,
2026-05-09 17:53:28,False,,,548,161,
2026-05-09 17:53:28,False,,,548,161,
2026-05-09 17:53:28,False,,,548,161,
2026-05-09 17:53:28,False,,,548,161,
2026-05-09 17:53:28,False,,,548,161,
2026-05-09 17:53:28,False,,,548,161,
2026-05-09 17:53:28,False,,,548,161,
2026-05-09 17:53:28,False,,,548,161,
2026-05-09 17:53:28,False,,,548,161,
2026-05-09 17:53:28,False,,,548,161,
2026-05-09 17:53:28,False,,,548,161,
2026-05-09 17:53:28,False,,,548,161,
2026-05-09 17:53:28,False,,,548,161,
2026-05-09 17:53:28,False,,,548,161,
2026-05-09 17:53:28,False,,,548,161,
2026-05-09 17:53:28,False,,,548,161,
2026-05-09 17:53:28,False,,,548,161,
2026-05-09 17:53:28,False,,,548,161,
2026-05-09 17:53:28,False,,,548,161,
2026-05-09 17:53:28,False,,,548,161,
2026-05-09 17:53:28,False,,,548,161,
2026-05-09 17:53:28,False,,,548,161,
2026-05-09 17:53:28,False,,,548,161,
2026-05-09 17:53:29,True,318,151,589,191,
2026-05-09 17:53:29,False,,,589,191,
2026-05-09 17:53:29,False,,,589,191,
2026-05-09 17:53:29,False,,,589,191,
2026-05-09 17:53:29,False,,,589,191,
2026-05-09 17:53:29,False,,,589,191,
2026-05-09 17:53:29,False,,,589,191,
2026-05-09 17:53:29,True,197,109,552,194,
2026-05-09 17:53:29,True,343,142,606,211,
2026-05-09 17:53:29,True,249,153,594,230,
2026-05-09 17:53:29,False,,,594,230,
2026-05-09 17:53:29,False,,,594,230,
2026-05-09 17:53:29,True,239,152,580,243,
2026-05-09 17:53:29,True,234,157,566,255,
2026-05-09 17:53:30,True,218,155,547,263,
2026-05-09 17:53:30,True,217,154,532,269,
2026-05-09 17:53:30,True,213,149,519,271,
2026-05-09 17:53:30,True,214,147,509,272,
2026-05-09 17:53:30,True,216,145,503,272,
2026-05-09 17:53:30,True,213,144,497,271,
2026-05-09 17:53:30,True,221,149,496,273,
2026-05-09 17:53:30,True,219,146,495,273,
2026-05-09 17:53:31,True,220,137,494,268,
2026-05-09 17:53:31,True,224,140,496,266,
2026-05-09 17:53:31,False,,,496,266,
2026-05-09 17:53:31,True,314,135,548,262,
2026-05-09 17:53:31,False,,,548,262,
2026-05-09 17:53:31,False,,,548,262,
2026-05-09 17:53:31,False,,,548,262,
2026-05-09 17:53:31,True,235,151,543,267,
2026-05-09 17:53:31,False,,,543,267,
2026-05-09 17:53:31,True,215,131,528,261,
2026-05-09 17:53:31,True,168,130,490,256,
2026-05-09 17:53:31,False,,,490,256,
2026-05-09 17:53:31,False,,,490,256,
2026-05-09 17:53:32,True,221,115,491,245,
2026-05-09 17:53:32,False,,,491,245,
2026-05-09 17:53:32,True,227,120,496,240,
2026-05-09 17:53:32,True,241,117,507,235,
2026-05-09 17:53:32,False,,,507,235,
2026-05-09 17:53:32,True,243,115,517,230,
2026-05-09 17:53:32,True,253,112,529,224,
2026-05-09 17:53:32,True,262,109,544,219,
2026-05-09 17:53:32,True,275,112,562,216,
2026-05-09 17:53:32,True,286,117,582,217,
2026-05-09 17:53:33,True,285,119,596,218,
2026-05-09 17:53:33,True,279,114,604,217,
2026-05-09 17:53:33,True,276,117,608,217,
2026-05-09 17:53:33,True,0,118,456,218,
2026-05-09 17:53:33,True,278,123,498,221,
2026-05-09 17:53:33,True,273,131,527,227,
2026-05-09 17:53:33,True,257,140,539,236,
2026-05-09 17:53:33,True,235,141,536,243,
2026-05-09 17:53:34,True,215,158,522,256,
2026-05-09 17:53:34,False,,,522,256,
2026-05-09 17:53:34,False,,,522,256,
2026-05-09 17:53:34,False,,,522,256,
2026-05-09 17:53:34,False,,,522,256,
2026-05-09 17:53:34,False,,,522,256,
2026-05-09 17:53:34,False,,,522,256,
2026-05-09 17:53:34,False,,,522,256,
2026-05-09 17:53:34,False,,,522,256,
2026-05-09 17:53:34,False,,,522,256,
2026-05-09 17:53:34,False,,,522,256,
2026-05-09 17:53:34,False,,,522,256,
2026-05-09 17:53:34,False,,,522,256,
2026-05-09 17:53:34,False,,,522,256,
2026-05-09 17:53:34,False,,,522,256,
2026-05-09 17:53:34,False,,,522,256,
2026-05-09 17:53:34,False,,,522,256,
2026-05-09 17:53:34,False,,,522,256,
2026-05-09 17:53:34,False,,,522,256,
2026-05-09 17:53:34,False,,,522,256,
2026-05-09 17:53:34,False,,,522,256,
2026-05-09 17:53:34,False,,,522,256,
2026-05-09 17:53:34,False,,,522,256,
2026-05-09 17:53:34,False,,,522,256,
2026-05-09 17:53:34,True,178,211,491,291,
2026-05-09 17:53:34,False,,,491,291,
2026-05-09 17:53:34,False,,,491,291,
2026-05-09 17:53:34,False,,,491,291,
2026-05-09 17:53:35,True,209,193,486,308,
2026-05-09 17:53:35,False,,,486,308,
2026-05-09 17:53:35,False,,,486,308,
2026-05-09 17:53:35,False,,,486,308,
2026-05-09 17:53:35,False,,,486,308,
2026-05-09 17:53:35,False,,,486,308,
2026-05-09 17:53:35,False,,,486,308,
2026-05-09 17:53:35,False,,,486,308,
2026-05-09 17:53:35,False,,,486,308,
2026-05-09 17:53:35,False,,,486,308,
2026-05-09 17:53:35,False,,,486,308,
2026-05-09 17:53:35,False,,,486,308,
2026-05-09 17:53:35,True,243,96,501,276,
2026-05-09 17:53:35,True,249,97,516,252,
2026-05-09 17:53:35,True,264,100,535,235,
2026-05-09 17:53:35,True,332,99,588,222,
2026-05-09 17:53:35,True,330,100,626,213,
2026-05-09 17:53:36,True,329,100,654,206,
2026-05-09 17:53:36,True,331,166,676,232,
2026-05-09 17:53:36,True,330,102,692,221,
2026-05-09 17:53:36,True,331,101,705,213,
2026-05-09 17:53:36,True,282,102,687,207,
2026-05-09 17:53:36,True,273,102,668,203,
2026-05-09 17:53:36,True,277,100,656,199,
2026-05-09 17:53:36,True,288,98,653,195,
2026-05-09 17:53:37,True,338,100,680,193,
2026-05-09 17:53:37,True,286,101,671,192,
2026-05-09 17:53:37,True,283,102,662,191,
2026-05-09 17:53:37,True,275,98,651,189,
2026-05-09 17:53:37,True,319,103,667,190,
2026-05-09 17:53:37,True,310,100,674,189,
2026-05-09 17:53:37,True,305,105,676,190,
2026-05-09 17:53:37,True,249,104,647,191,
2026-05-09 17:53:38,True,292,101,649,190,
2026-05-09 17:53:38,True,293,101,651,189,
2026-05-09 17:53:38,True,282,97,647,187,
2026-05-09 17:53:38,True,224,97,611,185,
2026-05-09 17:53:38,True,280,99,615,185,
2026-05-09 17:53:38,True,198,91,572,181,
2026-05-09 17:53:38,False,,,572,181,
2026-05-09 17:53:38,False,,,572,181,
2026-05-09 17:53:38,False,,,572,181,
2026-05-09 17:53:38,False,,,572,181,
2026-05-09 17:53:38,False,,,572,181,
2026-05-09 17:53:38,False,,,572,181,
2026-05-09 17:53:38,False,,,572,181,
2026-05-09 17:53:39,True,171,96,525,180,
2026-05-09 17:53:39,False,,,525,180,
2026-05-09 17:53:39,False,,,525,180,
2026-05-09 17:53:39,False,,,525,180,
2026-05-09 17:53:39,False,,,525,180,
2026-05-09 17:53:39,False,,,525,180,
2026-05-09 17:53:39,False,,,525,180,
2026-05-09 17:53:39,False,,,525,180,
2026-05-09 17:53:39,False,,,525,180,
2026-05-09 17:53:39,False,,,525,180,
2026-05-09 17:53:39,False,,,525,180,
2026-05-09 17:53:39,False,,,525,180,
2026-05-09 17:53:39,False,,,525,180,
2026-05-09 17:53:39,False,,,525,180,
2026-05-09 17:53:39,False,,,525,180,
2026-05-09 17:53:39,False,,,525,180,
2026-05-09 17:53:39,False,,,525,180,
2026-05-09 17:53:39,False,,,525,180,
2026-05-09 17:53:39,False,,,525,180,
2026-05-09 17:53:39,False,,,525,180,
2026-05-09 17:53:39,False,,,525,180,
2026-05-09 17:53:39,False,,,525,180,
2026-05-09 17:53:39,False,,,525,180,
2026-05-09 17:53:39,False,,,525,180,
2026-05-09 17:53:39,True,232,155,524,207,
2026-05-09 17:53:39,False,,,524,207,
2026-05-09 17:53:39,False,,,524,207,
2026-05-09 17:53:39,False,,,524,207,
2026-05-09 17:53:39,False,,,524,207,
2026-05-09 17:53:39,False,,,524,207,
2026-05-09 17:53:40,False,,,524,207,
2026-05-09 17:53:40,False,,,524,207,
2026-05-09 17:53:40,False,,,524,207,
2026-05-09 17:53:40,False,,,524,207,
2026-05-09 17:53:40,False,,,524,207,
2026-05-09 17:53:40,False,,,524,207,
2026-05-09 17:53:40,False,,,524,207,
2026-05-09 17:53:40,False,,,524,207,
2026-05-09 17:53:40,False,,,524,207,
2026-05-09 17:53:40,False,,,524,207,
2026-05-09 17:53:40,False,,,524,207,
2026-05-09 17:53:40,False,,,524,207,
2026-05-09 17:53:40,False,,,524,207,
2026-05-09 17:53:40,False,,,524,207,
2026-05-09 17:53:40,False,,,524,207,
2026-05-09 17:53:40,False,,,524,207,
2026-05-09 17:53:40,False,,,524,207,
2026-05-09 17:53:40,False,,,524,207,
2026-05-09 17:53:40,False,,,524,207,
2026-05-09 17:53:40,False,,,524,207,
2026-05-09 17:53:40,False,,,524,207,
2026-05-09 17:53:40,False,,,524,207,
2026-05-09 17:53:40,False,,,524,207,
2026-05-09 17:53:40,False,,,524,207,
2026-05-09 17:53:40,False,,,524,207,
2026-05-09 17:53:40,False,,,524,207,
2026-05-09 17:53:40,False,,,524,207,
2026-05-09 17:53:40,False,,,524,207,
2026-05-09 17:53:40,False,,,524,207,
2026-05-09 17:53:40,False,,,524,207,
2026-05-09 17:53:40,False,,,524,207,
2026-05-09 17:53:40,False,,,524,207,
2026-05-09 17:53:41,False,,,524,207,
2026-05-09 17:53:41,False,,,524,207,
2026-05-09 17:53:41,False,,,524,207,
2026-05-09 17:53:41,False,,,524,207,
2026-05-09 17:53:41,False,,,524,207,
2026-05-09 17:53:41,False,,,524,207,
2026-05-09 17:53:41,False,,,524,207,
2026-05-09 17:53:41,False,,,524,207,
2026-05-09 17:53:41,False,,,524,207,
2026-05-09 17:53:41,False,,,524,207,
2026-05-09 17:53:41,False,,,524,207,
2026-05-09 17:53:41,False,,,524,207,
2026-05-09 17:53:41,False,,,524,207,
2026-05-09 17:53:41,False,,,524,207,
2026-05-09 17:53:41,False,,,524,207,
2026-05-09 17:53:41,True,172,89,489,197,
2026-05-09 17:53:41,False,,,489,197,
2026-05-09 17:53:41,False,,,489,197,
2026-05-09 17:53:41,False,,,489,197,
2026-05-09 17:53:41,False,,,489,197,
2026-05-09 17:53:41,False,,,489,197,
2026-05-09 17:53:41,False,,,489,197,
2026-05-09 17:53:41,False,,,489,197,
2026-05-09 17:53:41,False,,,489,197,
2026-05-09 17:53:41,False,,,489,197,
2026-05-09 17:53:41,False,,,489,197,
2026-05-09 17:53:41,False,,,489,197,
2026-05-09 17:53:41,False,,,489,197,
2026-05-09 17:53:42,False,,,489,197,
2026-05-09 17:53:42,False,,,489,197,
2026-05-09 17:53:42,False,,,489,197,
2026-05-09 17:53:42,False,,,489,197,
2026-05-09 17:53:42,False,,,489,197,
2026-05-09 17:53:42,False,,,489,197,
2026-05-09 17:53:42,False,,,489,197,
2026-05-09 17:53:42,False,,,489,197,
2026-05-09 17:53:42,False,,,489,197,
2026-05-09 17:53:42,True,207,105,483,196,
2026-05-09 17:53:42,False,,,483,196,
2026-05-09 17:53:42,True,192,103,470,195,
2026-05-09 17:53:42,False,,,470,195,
2026-05-09 17:53:42,False,,,470,195,
2026-05-09 17:53:42,False,,,470,195,
2026-05-09 17:53:42,False,,,470,195,
2026-05-09 17:53:42,True,256,112,496,198,
2026-05-09 17:53:42,True,254,120,514,204,
2026-05-09 17:53:43,True,249,125,525,211,
2026-05-09 17:53:43,True,250,125,534,216,
2026-05-09 17:53:43,True,251,121,541,218,
2026-05-09 17:53:43,True,258,125,550,222,
2026-05-09 17:53:43,True,216,117,534,221,
2026-05-09 17:53:43,True,266,116,550,220,
2026-05-09 17:53:43,True,271,116,564,219,
2026-05-09 17:53:43,True,274,111,577,216,
2026-05-09 17:53:44,True,277,111,588,213,
2026-05-09 17:53:44,True,283,110,600,211,
2026-05-09 17:53:44,True,284,106,609,207,
2026-05-09 17:53:44,True,285,105,617,204,
2026-05-09 17:53:44,True,284,103,622,201,
2026-05-09 17:53:44,True,284,103,626,198,
2026-05-09 17:53:44,True,285,104,629,197,
2026-05-09 17:53:44,True,285,101,631,195,
2026-05-09 17:53:45,True,285,103,633,194,
2026-05-09 17:53:45,True,285,100,635,192,
2026-05-09 17:53:45,True,278,103,632,192,
2026-05-09 17:53:45,True,267,104,624,192,
2026-05-09 17:53:45,True,197,102,578,191,
2026-05-09 17:53:45,True,195,100,543,190,
2026-05-09 17:53:45,True,194,99,516,188,
2026-05-09 17:53:45,True,196,96,497,185,
2026-05-09 17:53:46,True,198,95,484,183,
2026-05-09 17:53:46,True,198,94,474,181,
2026-05-09 17:53:46,True,276,96,510,180,
2026-05-09 17:53:46,True,279,97,539,180,
2026-05-09 17:53:46,True,284,96,563,179,
2026-05-09 17:53:46,True,289,99,584,180,
2026-05-09 17:53:46,True,299,94,606,179,
2026-05-09 17:53:46,True,297,93,621,178,
2026-05-09 17:53:46,True,300,96,634,178,
2026-05-09 17:53:47,True,300,95,644,178,
2026-05-09 17:53:47,True,303,93,653,177,
2026-05-09 17:53:47,True,305,94,661,176,
2026-05-09 17:53:47,True,306,96,668,177,
2026-05-09 17:53:47,True,302,93,670,176,
2026-05-09 17:53:47,True,303,93,672,175,
2026-05-09 17:53:47,True,299,96,672,176,
2026-05-09 17:53:47,True,296,97,670,177,
2026-05-09 17:53:48,True,284,101,662,180,
2026-05-09 17:53:48,True,341,92,688,178,
2026-05-09 17:53:48,False,,,688,178,
2026-05-09 17:53:48,False,,,688,178,
2026-05-09 17:53:48,False,,,688,178,
2026-05-09 17:53:48,False,,,688,178,
2026-05-09 17:53:48,False,,,688,178,
2026-05-09 17:53:48,False,,,688,178,
2026-05-09 17:53:48,False,,,688,178,
2026-05-09 17:53:48,False,,,688,178,
2026-05-09 17:53:48,False,,,688,178,
2026-05-09 17:53:48,False,,,688,178,
2026-05-09 17:53:48,False,,,688,178,
2026-05-09 17:53:48,False,,,688,178,
2026-05-09 17:53:48,True,207,125,632,192,
2026-05-09 17:53:48,False,,,632,192,
2026-05-09 17:53:48,False,,,632,192,
2026-05-09 17:53:48,False,,,632,192,
2026-05-09 17:53:48,False,,,632,192,
2026-05-09 17:53:48,False,,,632,192,
2026-05-09 17:53:48,False,,,632,192,
2026-05-09 17:53:48,False,,,632,192,
2026-05-09 17:53:48,False,,,632,192,
2026-05-09 17:53:48,False,,,632,192,
2026-05-09 17:53:48,False,,,632,192,
2026-05-09 17:53:48,False,,,632,192,
2026-05-09 17:53:48,False,,,632,192,
2026-05-09 17:53:48,False,,,632,192,
2026-05-09 17:53:49,False,,,632,192,
2026-05-09 17:53:49,False,,,632,192,
2026-05-09 17:53:49,False,,,632,192,
2026-05-09 17:53:49,False,,,632,192,
2026-05-09 17:53:49,False,,,632,192,
2026-05-09 17:53:49,False,,,632,192,
2026-05-09 17:53:49,False,,,632,192,
2026-05-09 17:53:49,False,,,632,192,
2026-05-09 17:53:49,False,,,632,192,
2026-05-09 17:53:49,False,,,632,192,
2026-05-09 17:53:49,False,,,632,192,
2026-05-09 17:53:49,False,,,632,192,
2026-05-09 17:53:49,False,,,632,192,
2026-05-09 17:53:49,False,,,632,192,
2026-05-09 17:53:49,False,,,632,192,
2026-05-09 17:53:49,False,,,632,192,
2026-05-09 17:53:49,False,,,632,192,
2026-05-09 17:53:49,False,,,632,192,
2026-05-09 17:53:49,True,255,121,617,200,
2026-05-09 17:53:49,False,,,617,200,
2026-05-09 17:53:49,False,,,617,200,
2026-05-09 17:53:49,True,262,121,610,206,
2026-05-09 17:53:49,False,,,610,206,
2026-05-09 17:53:49,False,,,610,206,
2026-05-09 17:53:49,False,,,610,206,
2026-05-09 17:53:50,True,272,121,610,211,
2026-05-09 17:53:50,True,275,121,612,214,
2026-05-09 17:53:50,True,281,111,617,212,
2026-05-09 17:53:50,True,291,115,626,212,
2026-05-09 17:53:50,True,299,114,637,212,
2026-05-09 17:53:50,True,306,115,650,213,
2026-05-09 17:53:50,True,307,114,660,213,
2026-05-09 17:53:50,True,261,116,641,214,
2026-05-09 17:53:51,True,253,116,623,215,
2026-05-09 17:53:51,True,267,116,617,215,
2026-05-09 17:53:51,True,261,115,609,215,
2026-05-09 17:53:51,True,260,114,603,214,
2026-05-09 17:53:51,True,311,111,627,212,
2026-05-09 17:53:51,True,310,112,644,211,
2026-05-09 17:53:51,True,308,113,656,211,
2026-05-09 17:53:51,True,306,113,664,211,
2026-05-09 17:53:52,True,305,110,669,209,
2026-05-09 17:53:52,True,305,111,673,208,
2026-05-09 17:53:52,True,304,111,675,208,
2026-05-09 17:53:52,True,304,111,677,207,
2026-05-09 17:53:52,True,302,111,677,207,
2026-05-09 17:53:52,True,300,111,676,207,
2026-05-09 17:53:52,True,297,111,673,207,
2026-05-09 17:53:52,True,295,110,670,206,
2026-05-09 17:53:53,True,291,110,666,206,
2026-05-09 17:53:53,True,293,112,664,206,
2026-05-09 17:53:53,True,288,111,660,206,
2026-05-09 17:53:53,True,289,108,657,205,
2026-05-09 17:53:53,True,291,112,656,206,
2026-05-09 17:53:53,True,286,108,653,205,
2026-05-09 17:53:53,True,291,106,653,203,
2026-05-09 17:53:53,True,285,108,649,202,
2026-05-09 17:53:54,True,285,107,646,201,
2026-05-09 17:53:54,True,288,112,646,203,
2026-05-09 17:53:54,True,295,104,650,200,
2026-05-09 17:53:54,True,302,104,657,198,
2026-05-09 17:53:54,True,306,104,664,197,
2026-05-09 17:53:54,True,306,101,670,195,
2026-05-09 17:53:54,True,310,102,677,194,
2026-05-09 17:53:54,True,311,101,682,193,
2026-05-09 17:53:55,True,315,102,688,192,
2026-05-09 17:53:55,True,314,100,692,191,
2026-05-09 17:53:55,True,310,103,693,191,
2026-05-09 17:53:55,True,292,104,683,191,
2026-05-09 17:53:55,False,,,683,191,
2026-05-09 17:53:55,False,,,683,191,
2026-05-09 17:53:55,False,,,683,191,
2026-05-09 17:53:55,True,226,166,639,220,
2026-05-09 17:53:55,True,223,166,604,242,
2026-05-09 17:53:55,True,215,164,574,258,
2026-05-09 17:53:55,True,217,166,552,271,
2026-05-09 17:53:56,False,,,552,271,
2026-05-09 17:53:56,True,320,96,593,248,
2026-05-09 17:53:56,True,278,102,601,233,
2026-05-09 17:53:56,True,306,103,622,222,
2026-05-09 17:53:56,True,314,99,643,212,
2026-05-09 17:53:56,True,306,96,654,203,
2026-05-09 17:53:56,True,289,95,653,196,
2026-05-09 17:53:56,False,,,653,196,
2026-05-09 17:53:56,False,,,653,196,
2026-05-09 17:53:56,False,,,653,196,
2026-05-09 17:53:56,False,,,653,196,
2026-05-09 17:53:56,False,,,653,196,
2026-05-09 17:53:56,False,,,653,196,
2026-05-09 17:53:56,False,,,653,196,
2026-05-09 17:53:57,False,,,653,196,
2026-05-09 17:53:57,False,,,653,196,
2026-05-09 17:53:57,False,,,653,196,
2026-05-09 17:53:57,False,,,653,196,
2026-05-09 17:53:57,False,,,653,196,
2026-05-09 17:53:57,False,,,653,196,
2026-05-09 17:53:57,False,,,653,196,
2026-05-09 17:53:57,False,,,653,196,
2026-05-09 17:53:57,False,,,653,196,
2026-05-09 17:53:57,False,,,653,196,
2026-05-09 17:53:57,False,,,653,196,
2026-05-09 17:53:57,False,,,653,196,
2026-05-09 17:53:57,False,,,653,196,
2026-05-09 17:53:57,False,,,653,196,
2026-05-09 17:53:57,False,,,653,196,
2026-05-09 17:53:57,False,,,653,196,
2026-05-09 17:53:57,False,,,653,196,
2026-05-09 17:53:57,False,,,653,196,
2026-05-09 17:53:57,False,,,653,196,
2026-05-09 17:53:57,False,,,653,196,
2026-05-09 17:53:57,False,,,653,196,
2026-05-09 17:53:57,False,,,653,196,
2026-05-09 17:53:57,False,,,653,196,
2026-05-09 17:53:57,False,,,653,196,
2026-05-09 17:53:57,False,,,653,196,
2026-05-09 17:53:58,False,,,653,196,
2026-05-09 17:53:58,False,,,653,196,
2026-05-09 17:53:58,False,,,653,196,
2026-05-09 17:53:58,False,,,653,196,
2026-05-09 17:53:58,False,,,653,196,
2026-05-09 17:53:58,False,,,653,196,
2026-05-09 17:53:58,False,,,653,196,
2026-05-09 17:53:58,False,,,653,196,
2026-05-09 17:53:58,False,,,653,196,
2026-05-09 17:53:58,False,,,653,196,
2026-05-09 17:53:58,False,,,653,196,
2026-05-09 17:53:58,False,,,653,196,
2026-05-09 17:53:58,False,,,653,196,
2026-05-09 17:53:58,False,,,653,196,
2026-05-09 17:53:58,False,,,653,196,
2026-05-09 17:53:58,False,,,653,196,
2026-05-09 17:53:58,False,,,653,196,
2026-05-09 17:53:58,False,,,653,196,
2026-05-09 17:53:58,False,,,653,196,
2026-05-09 17:53:58,False,,,653,196,
2026-05-09 17:53:58,False,,,653,196,
2026-05-09 17:53:58,False,,,653,196,
2026-05-09 17:53:58,False,,,653,196,
2026-05-09 17:53:58,False,,,653,196,
2026-05-09 17:53:58,False,,,653,196,
2026-05-09 17:53:58,False,,,653,196,
2026-05-09 17:53:58,False,,,653,196,EXIT
